{
    "app_id": "C100017997",
    "app_name": "瑞航易行",
    "app_version": "2.0.10",
    "app_download_num_description": "27 万次安装",
    "app_package_name": "net.rlair.b2capp",
    "app_score": 0.0,
    "app_package_size": "7.5 MB",
    "app_package_size_precise": 7860530,
    "app_icon_url": "https://appimg.dbankcdn.com/application/icon144/c3c5bdbd861f4e04b3c81d4a59408d58.png",
    "app_developer": "瑞丽航空有限公司",
    "app_update_time": "2022-08-31",
    "app_update_description": "1.【登录】登录页涉及公司名称及图片修改；\n2.【值机】值机页涉及公司名称修改；\n3.【睿丽客】瑞丽客页涉及公司名称及图片修改；\n4.【App版本】App版本页面底部版权信息中公司名称修改；\n5.【关于瑞航易行】关于瑞航易行页面公司名称修改；\n6.【瑞航易行】项目README文档中的公司名称修改；\n7.【启动页】启动页图片替换为带有新的公司名称的图片；\n8.【引导页】引导页图片替换为带有新的公司名称的图片；\n9.【机票验证】机票验证和值机记录列表中瑞航认证图片替换为带有新的公司名称图片。",
    "app_description": "瑞航易行是瑞丽航空官方（https://www.rlair.net）推出的移动客户端应用。为旅客提供专业的机票订购和乘机服务。\n主要功能包括：\n1.机票预订\n2.在线值机\n3.航班动态\n4.机票验证\n5.订单管理 \n7.优惠信息\n轻松易行，尽在掌握。",
    "app_policy_url": "https://bbs.rlair.net/Single/020127ac-49d7-4561-8698-abc10015991f",
    "app_listed_permission": "1.完全的网络访问权限\n2.访问确切位置信息（使用 GPS 和网络进行定位）\n3.访问大致位置信息（使用网络进行定位）\n4.读取存储卡中的内容\n5.查看 Wi-Fi 连接\n6.相机",
    "app_listed_permission_description": "1.允许该应用创建网络套接字和使用自定义网络协议。浏览器和其他某些应用提供了向互联网发送数据的途径，因此应用无需该权限即可向互联网发送数据。\n2.允许应用基于GPS、基站、 Wi-Fi 等网络源获取位置信息。这可能会增加耗电量。\n3.允许应用基于基站、 Wi-Fi 等网络源获取位置信息。\n4.允许应用读取存储卡上的照片、媒体内容和文件。\n5.允许该应用查看 Wi-Fi 网络的相关信息，例如是否开启 Wi-Fi 及已连接的 Wi-Fi 设备名称。\n6.允许应用拍摄照片和视频。",
    "app_category": [
        "出行导航"
    ],
    "app_subcategory": [
        "交通票务"
    ],
    "app_APK_url": "https://appgallery.cloud.huawei.com/appdl/C100017997",
    "app_APK_name": "C100017997-2.0.10.apk",
    "app_policy_name": "C100017997-2.0.10.txt",
    "policy_html_source_code": "<html><head>\n    <meta charset=\"utf-8\">\n    <meta name=\"viewport\" content=\"width=device-width, initial-scale=1.0\">\n    <title>瑞丽航空隐私政策</title>\n    <meta name=\"description\" content=\"瑞丽航空隐私政策&amp;nbsp;本隐私政策的\">\n    <meta property=\"og:url\" content=\"http://bbs.rlair.net:808/Single/020127ac-49d7-4561-8698-abc10015991f\">\n    <meta property=\"og:description\" content=\"瑞丽航空隐私政策&amp;nbsp;本隐私政策的\">\n    <meta property=\"og:title\" content=\"瑞丽航空隐私政策\">\n    <meta property=\"og:site_name\" content=\"睿丽客社区\">\n    <meta property=\"og:type\" content=\"website\">\n    <meta name=\"viewport\" content=\"width =device-width, initial-scale=1, maximum-scale=1\">\n    <link href=\"/Content/rlairApp.css\" rel=\"stylesheet\">\n    <link rel=\"stylesheet\" type=\"text/css\" href=\"/content/cache/combined_Metro_B4B888C9ABA2EA6756671C0A928D1CD6.css\">\n    <script src=\"/Scripts/jquery-1.11.1.min.js\"></script>\n\n    <script src=\"/Scripts/ueditor/ueditor.parse.js\"></script>\n\n    <script src=\"/Scripts/require.js\"></script>\n\n    <script src=\"/Scripts/require.config.js\"></script>\n\n<style id=\"table\">\n.ueditorcontent table.noBorderTable td,.ueditorcontent table.noBorderTable th,.ueditorcontent table.noBorderTable caption{border:1px dashed #ddd !important}.ueditorcontent table.sortEnabled tr.firstRow th,.ueditorcontent table.sortEnabled tr.firstRow td{padding-right:20px; background-repeat: no-repeat;background-position: center right; background-image:url(/Scripts/ueditor/themes/default/images/sortable.png);}.ueditorcontent table.sortEnabled tr.firstRow th:hover,.ueditorcontent table.sortEnabled tr.firstRow td:hover{background-color: #EEE;}.ueditorcontent table{margin-bottom:10px;border-collapse:collapse;display:table;}.ueditorcontent td,.ueditorcontent th{ background:white; padding: 5px 10px;border: 1px solid #DDD;}.ueditorcontent caption{border:1px dashed #DDD;border-bottom:0;padding:3px;text-align:center;}.ueditorcontent th{border-top:1px solid #BBB;background:#F7F7F7;}.ueditorcontent table tr.firstRow th{border-top:2px solid #BBB;background:#F7F7F7;}.ueditorcontent tr.ue-table-interlace-color-single td{ background: #fcfcfc; }.ueditorcontent tr.ue-table-interlace-color-double td{ background: #f7faff; }.ueditorcontent td p{margin:0;padding:0;}</style><style id=\"chartsContainerHeight\">\n.edui-chart-container { height:300px}</style></head>\n<body>\n    <div class=\"ueditorcontent\"><h1 style=\"margin-top:16px;margin-right:0;margin-bottom:20px;margin-left:0;text-align:center;border:none;padding:0;padding:0 0 0 0\"><span style=\"font-size:29px;font-family:'微软雅黑','sans-serif'\">瑞丽航空隐私政策</span></h1><p style=\"margin-top:5px;margin-right:0;margin-bottom:5px;margin-left: 0;text-indent:28px\"><span style=\"font-size:14px;font-family:'微软雅黑','sans-serif'\">&nbsp;</span><span style=\"font-size:14px;font-family:'微软雅黑','sans-serif'\">本隐私政策的最新发布日期为2021年9月8日，并于2021年9月8日起正式生效。</span></p><p style=\"margin-top:5px;margin-right:0;margin-bottom:5px;margin-left: 0;text-indent:28px\"><span style=\"font-size:14px;font-family:'微软雅黑','sans-serif'\">&nbsp;</span><span style=\"font-size:14px;font-family:'微软雅黑','sans-serif'\">瑞丽航空有限公司（以下简称&nbsp;“我们”）尊重您的个人隐私权利。本隐私政策旨在释明我们是谁，我们如何收集、分享和使用您的个人信息，以及您如何行使您的隐私权利。本隐私政策适用于我们通过瑞航易行APP收集的您的个人信息。</span></p><p style=\"margin-top:5px;margin-right:0;margin-bottom:5px;margin-left: 0;text-indent:28px\"><span style=\"font-size:14px;font-family:'微软雅黑','sans-serif'\">&nbsp;</span><span style=\"font-size:14px;font-family:'微软雅黑','sans-serif'\">如果您对我们使用您的个人信息有任何疑问或顾虑，可通过本隐私政策底部所示的联系方式与我们联系。</span></p><p style=\"margin-top:5px;margin-right:0;margin-bottom:5px;margin-left: 0;text-indent:28px\"><span style=\"font-size:14px;font-family:'微软雅黑','sans-serif'\">&nbsp;</span></p><p style=\"margin-top:5px;margin-right:0;margin-bottom:5px;margin-left: 56px\"><span style=\"font-size:19px;font-family:'微软雅黑','sans-serif'\">1.&nbsp;</span><span style=\"font-size:19px;font-family:'微软雅黑','sans-serif'\">我们承诺保护您的隐私</span></p><p style=\"margin-top:5px;margin-right:0;margin-bottom:5px;margin-left: 0;text-indent:28px\"><span style=\"font-size: 14px;font-family:'微软雅黑','sans-serif'\">我们使用适合的技术手段和管理措施来保护我们所收集的您的个人信息。我们采取的措施旨在为您提供与处理您的个人信息产生的风险相匹配的安全保障机制。我们采取的具体措施包括安全套接层（SSL）和MD5加密技术，以确保您的数据在传输、存储和使用的过程中安全。</span></p><p style=\"margin-top:5px;margin-right:0;margin-bottom:5px;margin-left: 0;text-indent:28px\"><span style=\"font-size:14px;font-family:'微软雅黑','sans-serif'\">&nbsp;</span></p><p style=\"margin-top:5px;margin-right:0;margin-bottom:5px;margin-left: 56px\"><span style=\"font-size:19px;font-family:'微软雅黑','sans-serif'\">2.&nbsp;</span><span style=\"font-size:19px;font-family:'微软雅黑','sans-serif'\">未成年人个人信息保护</span></p><p style=\"margin-top:5px;margin-right:0;margin-bottom:5px;margin-left: 0;text-indent:28px\"><span style=\"font-size: 14px;font-family:'微软雅黑','sans-serif'\">瑞丽航空尊重并保护未成年人的个人信息，如果您属于未满18周岁的未成年人，请在使用本应用前，征求您父母或法定监护人的意见。</span></p><p style=\"margin-top:5px;margin-right:0;margin-bottom:5px;margin-left: 0;text-indent:28px\"><span style=\"font-size:14px;font-family:'微软雅黑','sans-serif'\">&nbsp;</span></p><p style=\"margin-top:5px;margin-right:0;margin-bottom:5px;margin-left: 56px\"><span style=\"font-size:19px;font-family:'微软雅黑','sans-serif'\">3.&nbsp;</span><span style=\"font-size:19px;font-family:'微软雅黑','sans-serif'\">收集您的个人信息的法律依据</span></p><p style=\"margin-top:5px;margin-right:0;margin-bottom:5px;margin-left: 0;text-indent:28px\"><span style=\"font-size: 14px;font-family:'微软雅黑','sans-serif'\">我们仅在法律允许且有必要的前提下才收集您的个人信息。即，在至少满足下列条件之一时收集您的个人信息：</span></p><p style=\"margin-top:5px;margin-right:0;margin-bottom:5px;margin-left: 0;text-indent:28px\"><span style=\"font-size:14px;font-family:'微软雅黑','sans-serif'\">1</span><span style=\"font-size:14px;font-family:'微软雅黑','sans-serif'\">）我们已经征得您的同意；</span></p><p style=\"margin-top:5px;margin-right:0;margin-bottom:5px;margin-left: 0;text-indent:28px\"><span style=\"font-size:14px;font-family:'微软雅黑','sans-serif'\">2</span><span style=\"font-size:14px;font-family:'微软雅黑','sans-serif'\">）我们为您提供购票相关服务时，需要您的个人信息；</span></p><p style=\"margin-top:5px;margin-right:0;margin-bottom:5px;margin-left: 0;text-indent:28px\"><span style=\"font-size:14px;font-family:'微软雅黑','sans-serif'\">3</span><span style=\"font-size:14px;font-family:'微软雅黑','sans-serif'\">）为了符合相关法律法规的要求，我们有义务收集您的个人信息；</span></p><p style=\"margin-top:5px;margin-right:0;margin-bottom:5px;margin-left: 0;text-indent:28px\"><span style=\"font-size:14px;font-family:'微软雅黑','sans-serif'\">4</span><span style=\"font-size:14px;font-family:'微软雅黑','sans-serif'\">）我们可能需要这些个人信息来维护国家利益、社会公共利益，以及保护您或其他人的切身利益。</span></p><p style=\"margin-top:5px;margin-right:0;margin-bottom:5px;margin-left: 0;text-indent:28px\"><span style=\"font-size: 14px;font-family:'微软雅黑','sans-serif'\">如果我们以遵守法律法规为目的或以提供购票相关服务为目的，要求您提供个人信息，我们将在相关对应的页面明确告知您。</span></p><p style=\"margin-top:5px;margin-right:0;margin-bottom:5px;margin-left: 0;text-indent:28px\"><span style=\"font-size:14px;font-family:'微软雅黑','sans-serif'\">&nbsp;</span></p><p style=\"margin-top:5px;margin-right:0;margin-bottom:5px;margin-left: 56px\"><span style=\"font-size:19px;font-family:'微软雅黑','sans-serif'\">4.&nbsp;</span><span style=\"font-size:19px;font-family:'微软雅黑','sans-serif'\">我们向您收集的数据及我们如何使用</span></p><p style=\"margin-top:5px;margin-right:0;margin-bottom:5px;margin-left: 0;text-indent:28px\"><span style=\"font-size: 14px;font-family:'微软雅黑','sans-serif'\">本政策的这一部分非常重要，因为它解释了我们向您收集的数据及我们将如何使用。我们的目标是，让您完全知晓我们收集您的个人信息的目的，以确保我们对于您的个人信息的使用不会让您感到意外。</span></p><p style=\"margin-top:5px;margin-right:0;margin-bottom:5px;margin-left: 28px\"><span style=\"font-size:14px;font-family:'微软雅黑','sans-serif'\">1</span><span style=\"font-size:14px;font-family:'微软雅黑','sans-serif'\">）您自愿提供的信息</span></p><p style=\"margin-top:5px;margin-right:0;margin-bottom:5px;margin-left: 0;text-indent:28px\"><span style=\"font-size: 14px;font-family:'微软雅黑','sans-serif'\">（1）当您注册或登录瑞丽航空系统时，需要您提供以下信息：手机号码或邮箱地址以及登录密码。</span></p><p style=\"margin-top:5px;margin-right:0;margin-bottom:5px;margin-left: 0;text-indent:28px\"><span style=\"font-size: 14px;font-family:'微软雅黑','sans-serif'\">（2）当您购票时，为了保障您的出行权益，以及符合相关法律法规对实名出行的要求，需要您提供以下信息：乘机人姓名、性别、国籍、生日、证件类型、证件号码、证件有效期、证件签发国。同时，为了确保客票信息、不正常航班信息、等旅客服务类信息能够及时通知到您，需要您提供以下信息：联系人姓名、联系电话、邮箱地址。</span></p><p style=\"margin-top:5px;margin-right:0;margin-bottom:5px;margin-left: 0;text-indent:28px\"><span style=\"font-size: 14px;font-family:'微软雅黑','sans-serif'\">（4）当您为了获取更多的会员权益自愿进行会员实名认证时，根据您选择的实名认证方式，可能需要您提供以下信息中的一部分：姓名、拼音姓、拼音名、证件类型、证件号码、银行卡号、手机号码。</span></p><p style=\"margin-top:5px;margin-right:0;margin-bottom:5px;margin-left: 0;text-indent:28px\"><span style=\"font-size: 14px;font-family:'微软雅黑','sans-serif'\">（6）当您申请退票时，为了能将票款退至您的账户，需要您提供以下信息：银联卡号码、账户名称、开户行名称。同时，为了确保退票退款异常时可以联系到您，需要您提供，联系人姓名和联系电话。</span></p><p style=\"margin-top:5px;margin-right:0;margin-bottom:5px;margin-left: 0;text-indent:28px\"><span style=\"font-size: 14px;font-family:'微软雅黑','sans-serif'\">（7）为了方便您在购票时快速填写乘机人信息，您可选择添加常用乘机人，添加常用乘机人时，国内行程需要您提供以下信息：姓名、证件类型、证件号码、生日、电话区号、联系电话、邮件地址。中国港澳台/国际行程还需要额外提供以下信息：证件签发国、证件有效期、国籍。</span></p><p style=\"margin-top:5px;margin-right:0;margin-bottom:5px;margin-left: 0;text-indent:28px\"><span style=\"font-size:14px;font-family:'微软雅黑','sans-serif'\">2</span><span style=\"font-size:14px;font-family:'微软雅黑','sans-serif'\">）我们自动收集的信息</span></p><p style=\"margin-top:5px;margin-right:0;margin-bottom:5px;margin-left: 0;text-indent:28px\"><span style=\"font-size: 14px;font-family:'微软雅黑','sans-serif'\">当您使用瑞丽航空官方网站、瑞丽航空微信公众号和瑞航易行APP时，我们可能会自动地从您的设备中收集您的特定信息，包含您的IP地址、设备型号、唯一设备识别号、浏览器型号信息，APP当前版本信息、APP安装时间、APP崩溃日志，以及其他的技术信息。这些信息将用于帮助我们更好地了解我们系统的运行情况，以提升我们系统的用户体验。同时，在您使用瑞丽航空官方网站、瑞丽航空微信公众号和瑞航易行APP出现问题时，所收集的信息可以帮助我们快速定位问题原因并及时解决。</span></p><p style=\"margin-top:5px;margin-right:0;margin-bottom:5px;margin-left: 0;text-indent:28px\"><span style=\"font-size:14px;font-family:'微软雅黑','sans-serif'\">&nbsp;</span></p><p style=\"margin-top:5px;margin-right:0;margin-bottom:5px;margin-left: 56px\"><span style=\"font-size:19px;font-family:'微软雅黑','sans-serif'\">5.&nbsp;</span><span style=\"font-size:19px;font-family:'微软雅黑','sans-serif'\">第三方SDK收集到的关于您的数据</span></p><p style=\"margin-top:5px;margin-right:0;margin-bottom:5px;margin-left: 0;text-indent:28px\"><span style=\"font-size: 14px;font-family:'微软雅黑','sans-serif'\">瑞航易行APP涉及嵌入第三方代码、插件传输个人信息的情况逐一列举，</span><span style=\"text-decoration:underline;\"><span style=\"color:#0070C0\"><a href=\"https://bbs.rlair.net/Single/982c16930228434ea99cad9e002af0b9\"><span style=\"font-size:14px;font-family:'微软雅黑','sans-serif';color:#0070C0;background:white\">请见此处</span></a></span></span><span style=\"font-size:14px;font-family:'微软雅黑','sans-serif'\">。</span></p><p style=\"margin-top:5px;margin-right:0;margin-bottom:5px;margin-left: 0;text-indent:28px\"><span style=\"font-size: 14px;font-family:'微软雅黑','sans-serif'\">敏感权限使用说明：</span></p><table cellspacing=\"0\" cellpadding=\"0\"><tbody><tr style=\";height:40px\" class=\"firstRow\"><td style=\"border: 1px solid windowtext; padding: 0px 7px;\" width=\"64\" height=\"40\"><p><strong><span style=\"font-size:9px;font-family:'微软雅黑','sans-serif'\">设备权限</span></strong></p></td><td style=\"border-width: 1px; border-style: solid; border-top-color: windowtext; border-right-color: windowtext; border-bottom-color: windowtext; border-image: initial; border-left-color: initial; padding: 0px 7px;\" width=\"142\" height=\"40\"><p><strong><span style=\"font-size:9px;font-family:'微软雅黑','sans-serif'\">使用目的</span></strong></p></td><td style=\"border-width: 1px; border-style: solid; border-top-color: windowtext; border-right-color: windowtext; border-bottom-color: windowtext; border-image: initial; border-left-color: initial; padding: 0px 7px;\" width=\"95\" height=\"40\"><p><strong><span style=\"font-size:9px;font-family:'微软雅黑','sans-serif'\">收集信息类型</span></strong></p></td><td style=\"border-width: 1px; border-style: solid; border-top-color: windowtext; border-right-color: windowtext; border-bottom-color: windowtext; border-image: initial; border-left-color: initial; padding: 0px 7px;\" width=\"132\" height=\"40\"><p><strong><span style=\"font-size:9px;font-family:'微软雅黑','sans-serif'\">是否询问</span></strong></p></td><td style=\"border-width: 1px; border-style: solid; border-top-color: windowtext; border-right-color: windowtext; border-bottom-color: windowtext; border-image: initial; border-left-color: initial; padding: 0px 7px;\" width=\"85\" height=\"40\"><p><strong><span style=\"font-size:9px;font-family:'微软雅黑','sans-serif'\">是否可关闭</span></strong></p></td></tr><tr style=\";height:15px\"><td style=\"border-width: 1px; border-style: solid; border-right-color: windowtext; border-bottom-color: windowtext; border-left-color: windowtext; border-image: initial; border-top-color: initial; padding: 0px 7px;\" width=\"64\" height=\"15\"><p><span style=\"font-size:9px;font-family:'微软雅黑','sans-serif'\">定位</span></p></td><td style=\"border-width: 1px; border-style: solid; border-top-color: initial; border-left-color: initial; border-bottom-color: windowtext; border-right-color: windowtext; padding: 0px 7px;\" width=\"142\" height=\"15\"><p><span style=\"font-size:9px;font-family:'微软雅黑','sans-serif'\">选择城市定位当前城市、所在城市特价机票查询</span></p></td><td style=\"border-width: 1px; border-style: solid; border-top-color: initial; border-left-color: initial; border-bottom-color: windowtext; border-right-color: windowtext; padding: 0px 7px;\" width=\"95\" height=\"15\"><p><span style=\"font-size:9px;font-family:'微软雅黑','sans-serif'\">地理位置</span></p></td><td style=\"border-width: 1px; border-style: solid; border-top-color: initial; border-left-color: initial; border-bottom-color: windowtext; border-right-color: windowtext; padding: 0px 7px;\" width=\"132\" height=\"15\"><p><span style=\"font-size:9px;font-family:'微软雅黑','sans-serif'\">首次打开客户端时弹窗询问</span></p></td><td style=\"border-width: 1px; border-style: solid; border-top-color: initial; border-left-color: initial; border-bottom-color: windowtext; border-right-color: windowtext; padding: 0px 7px;\" width=\"85\" height=\"15\"><p><span style=\"font-size:9px;font-family:'微软雅黑','sans-serif'\">是</span></p></td></tr><tr style=\";height:4px\"><td style=\"border-width: 1px; border-style: solid; border-right-color: windowtext; border-bottom-color: windowtext; border-left-color: windowtext; border-image: initial; border-top-color: initial; padding: 0px 7px;\" width=\"64\" height=\"4\"><p><span style=\"font-size:9px;font-family:'微软雅黑','sans-serif'\">文件存储</span></p></td><td style=\"border-width: 1px; border-style: solid; border-top-color: initial; border-left-color: initial; border-bottom-color: windowtext; border-right-color: windowtext; padding: 0px 7px;\" width=\"142\" height=\"4\"><p><span style=\"font-size:9px;font-family:'微软雅黑','sans-serif'\">保存航延证明截图到相册</span></p></td><td style=\"border-width: 1px; border-style: solid; border-top-color: initial; border-left-color: initial; border-bottom-color: windowtext; border-right-color: windowtext; padding: 0px 7px;\" width=\"95\" height=\"4\"><p><span style=\"font-size:9px;font-family:'微软雅黑','sans-serif'\">图片</span></p></td><td style=\"border-width: 1px; border-style: solid; border-top-color: initial; border-left-color: initial; border-bottom-color: windowtext; border-right-color: windowtext; padding: 0px 7px;\" width=\"132\" height=\"4\"><p><span style=\"font-size:9px;font-family:'微软雅黑','sans-serif'\">用户保存航延证明时询问</span></p></td><td style=\"border-width: 1px; border-style: solid; border-top-color: initial; border-left-color: initial; border-bottom-color: windowtext; border-right-color: windowtext; padding: 0px 7px;\" width=\"85\" height=\"4\"><p><span style=\"font-size:9px;font-family:'微软雅黑','sans-serif'\">是</span></p></td></tr><tr style=\";height:4px\"><td style=\"border-width: 1px; border-style: solid; border-right-color: windowtext; border-bottom-color: windowtext; border-left-color: windowtext; border-image: initial; border-top-color: initial; padding: 0px 7px;\" width=\"64\" height=\"4\"><p><span style=\"font-size:9px;font-family:'微软雅黑','sans-serif'\">文件访问</span></p></td><td style=\"border-width: 1px; border-style: solid; border-top-color: initial; border-left-color: initial; border-bottom-color: windowtext; border-right-color: windowtext; padding: 0px 7px;\" width=\"142\" height=\"4\"><p><span style=\"font-size:9px;font-family:'微软雅黑','sans-serif'\">用于用户选择照片上传</span></p></td><td style=\"border-width: 1px; border-style: solid; border-top-color: initial; border-left-color: initial; border-bottom-color: windowtext; border-right-color: windowtext; padding: 0px 7px;\" width=\"95\" height=\"4\"><p><span style=\"font-size:9px;font-family:'微软雅黑','sans-serif'\">图片</span></p></td><td style=\"border-width: 1px; border-style: solid; border-top-color: initial; border-left-color: initial; border-bottom-color: windowtext; border-right-color: windowtext; padding: 0px 7px;\" width=\"132\" height=\"4\"><p><span style=\"font-size:9px;font-family:'微软雅黑','sans-serif'\">用户主动选择照片时询问</span></p></td><td style=\"border-width: 1px; border-style: solid; border-top-color: initial; border-left-color: initial; border-bottom-color: windowtext; border-right-color: windowtext; padding: 0px 7px;\" width=\"85\" height=\"4\"><p><span style=\"font-size:9px;font-family:'微软雅黑','sans-serif'\">是</span></p></td></tr><tr style=\";height:4px\"><td style=\"border-width: 1px; border-style: solid; border-right-color: windowtext; border-bottom-color: windowtext; border-left-color: windowtext; border-image: initial; border-top-color: initial; padding: 0px 7px;\" width=\"64\" height=\"4\"><p><span style=\"font-size:9px;font-family:'微软雅黑','sans-serif'\">相机权限</span></p></td><td style=\"border-width: 1px; border-style: solid; border-top-color: initial; border-left-color: initial; border-bottom-color: windowtext; border-right-color: windowtext; padding: 0px 7px;\" width=\"142\" height=\"4\"><p><span style=\"font-size:9px;font-family:'微软雅黑','sans-serif'\">用于在线客服功能拍照上传</span></p></td><td style=\"border-width: 1px; border-style: solid; border-top-color: initial; border-left-color: initial; border-bottom-color: windowtext; border-right-color: windowtext; padding: 0px 7px;\" width=\"95\" height=\"4\"><p><span style=\"font-size:9px;font-family:'微软雅黑','sans-serif'\">图片</span></p></td><td style=\"border-width: 1px; border-style: solid; border-top-color: initial; border-left-color: initial; border-bottom-color: windowtext; border-right-color: windowtext; padding: 0px 7px;\" width=\"132\" height=\"4\"><p><span style=\"font-size:9px;font-family:'微软雅黑','sans-serif'\">用户主动拍照时询问</span></p></td><td style=\"border-width: 1px; border-style: solid; border-top-color: initial; border-left-color: initial; border-bottom-color: windowtext; border-right-color: windowtext; padding: 0px 7px;\" width=\"85\" height=\"4\"><p><span style=\"font-size:9px;font-family:'微软雅黑','sans-serif'\">是</span></p></td></tr></tbody></table><p style=\"margin-top:5px;margin-right:0;margin-bottom:5px;margin-left: 0;text-indent:28px\"><span style=\"font-size:14px;font-family:'微软雅黑','sans-serif'\">&nbsp;</span></p><p style=\"margin-top:5px;margin-right:0;margin-bottom:5px;margin-left: 56px\"><span style=\"font-size:19px;font-family:'微软雅黑','sans-serif'\">6.&nbsp;</span><span style=\"font-size:19px;font-family:'微软雅黑','sans-serif'\">我们可能会与谁共享您的数据</span></p><p style=\"margin-top:5px;margin-right:0;margin-bottom:5px;margin-left: 0;text-indent:28px\"><span style=\"font-size: 14px;font-family:'微软雅黑','sans-serif'\">我们可能会将您的个人信息披露给以下类别的主体：</span></p><p style=\"margin-top:5px;margin-right:0;margin-bottom:5px;margin-left: 0;text-indent:28px\"><span style=\"font-size:14px;font-family:'微软雅黑','sans-serif'\">1</span><span style=\"font-size:14px;font-family:'微软雅黑','sans-serif'\">）SDK及第三方应用的提供方，比如WxPay,Alipay等，以帮助您在瑞丽航空官方网站、瑞丽航空微信公众号和瑞航易行APP上完成机票票款支付，或协助您完成实名认证等；&nbsp;</span></p><p style=\"margin-top:5px;margin-right:0;margin-bottom:5px;margin-left: 0;text-indent:28px\"><span style=\"font-size:14px;font-family:'微软雅黑','sans-serif'\">2</span><span style=\"font-size:14px;font-family:'微软雅黑','sans-serif'\">）主管执法机构、监管机构、政府机构、法院或与保障您出行相关的第三方，以适用如下情形：（1）为适用法律；（2）实施、建立、维护我们的合法权利；（3）保护您或其他人的切身利益；</span></p><p style=\"margin-top:5px;margin-right:0;margin-bottom:5px;margin-left: 0;text-indent:28px\"><span style=\"font-size:14px;font-family:'微软雅黑','sans-serif'\">3</span><span style=\"font-size:14px;font-family:'微软雅黑','sans-serif'\">）向我们征得您的同意，经您授权披露的任何主体。</span></p><p style=\"margin-top:5px;margin-right:0;margin-bottom:5px;margin-left: 0;text-indent:28px\"><span style=\"font-size:14px;font-family:'微软雅黑','sans-serif'\">&nbsp;</span></p><p style=\"margin-top:5px;margin-right:0;margin-bottom:5px;margin-left: 56px\"><span style=\"font-size:19px;font-family:'微软雅黑','sans-serif'\">7.&nbsp;</span><span style=\"font-size:19px;font-family:'微软雅黑','sans-serif'\">您的权利</span></p><p style=\"margin-top:5px;margin-right:0;margin-bottom:5px;margin-left: 0;text-indent:28px\"><span style=\"font-size: 14px;font-family:'微软雅黑','sans-serif'\">您有权随时行使法律法规赋予您的权利：</span></p><p style=\"margin-top:5px;margin-right:0;margin-bottom:5px;margin-left: 0;text-indent:28px\"><span style=\"font-size:14px;font-family:'微软雅黑','sans-serif'\">1</span><span style=\"font-size:14px;font-family:'微软雅黑','sans-serif'\">）账户注销权</span></p><p style=\"margin-top:5px;margin-right:0;margin-bottom:5px;margin-left: 0;text-indent:28px\"><span style=\"font-size: 14px;font-family:'微软雅黑','sans-serif'\">您有权随时注销已注册的账户，您可以在瑞航易行APP账户设置页面发起注销申请。当完成注销后，您该账户的所有信息将被删除或匿名化，我们将不再收集、使用或对外提供与该账户相关的个人信息，但您在使用我们的服务期间提供或产生的信息，我们仍需按照法律法规要求的时间进行保存，且在该依法保存的时间内有权机关仍有权依法查询。</span></p><p style=\"margin-top:5px;margin-right:0;margin-bottom:5px;margin-left: 0;text-indent:28px\"><span style=\"font-size: 14px;font-family:'微软雅黑','sans-serif'\">账户注销后，账户内的积分将被清空，且无法恢复。</span></p><p style=\"margin-top:5px;margin-right:0;margin-bottom:5px;margin-left: 0;text-indent:28px\"><span style=\"font-size: 14px;font-family:'微软雅黑','sans-serif'\">账户注销后，对应的手机号码或邮箱可以再次注册瑞丽航空账号。</span></p><p style=\"margin-top:5px;margin-right:0;margin-bottom:5px;margin-left: 0;text-indent:28px\"><span style=\"font-size: 14px;font-family:'微软雅黑','sans-serif'\">注销过程中有任何疑问，可通过本隐私政策底部所示的联系方式与我们联系，我们会按照相关规定，在15个工作日内完成受理并处理。</span></p><p style=\"margin-top:5px;margin-right:0;margin-bottom:5px;margin-left: 0;text-indent:28px\"><span style=\"font-size:14px;font-family:'微软雅黑','sans-serif'\">2</span><span style=\"font-size:14px;font-family:'微软雅黑','sans-serif'\">）投诉、举报权</span></p><p style=\"margin-top:5px;margin-right:0;margin-bottom:5px;margin-left: 0;text-indent:28px\"><span style=\"font-size: 14px;font-family:'微软雅黑','sans-serif'\">（1）若您对个人信息安全有任何疑问，可通过本隐私政策底部所示的联系方式进行咨询、投诉，我们会在15个工作日内完成受理并处理。</span></p><p style=\"margin-top:5px;margin-right:0;margin-bottom:5px;margin-left: 0;text-indent:28px\"><span style=\"font-size: 14px;font-family:'微软雅黑','sans-serif'\">（2）若您认为我们存在违规收集和使用您的个人信息的情况，您有权向个人信息保护监管机构举报或投诉。更多相关信息，请联系您当地的个人信息保护监管机构。</span></p><p style=\"margin-top:5px;margin-right:0;margin-bottom:5px;margin-left: 0;text-indent:28px\"><span style=\"font-size:14px;font-family:'微软雅黑','sans-serif'\">3</span><span style=\"font-size:14px;font-family:'微软雅黑','sans-serif'\">）撤回您的授权</span></p><p style=\"margin-top:5px;margin-right:0;margin-bottom:5px;margin-left: 0\"><span style=\"font-size:14px;font-family: '微软雅黑','sans-serif'\">您可以在瑞航易行个人中心的隐私设置页面撤回部分或全部与收集您个人信息相关或与使用您系统权限相关的授权，当您撤回授权后，我们不再收集对应的信息，也不再使用对应的权限，同时也无法再为您提供与对应授权相关的服务。但您撤回授权的决定，不会影响此前基于您的授权已收集的信息或已开展的业务。</span></p><p style=\"margin-top:5px;margin-right:0;margin-bottom:5px;margin-left: 0;text-indent:28px\"><span style=\"font-size:14px;font-family:'微软雅黑','sans-serif'\">&nbsp;</span></p><p style=\"margin-top:5px;margin-right:0;margin-bottom:5px;margin-left: 56px\"><span style=\"font-size:19px;font-family:'微软雅黑','sans-serif'\">8.&nbsp;</span><span style=\"font-size:19px;font-family:'微软雅黑','sans-serif'\">本隐私政策的更新</span></p><p style=\"margin-top:5px;margin-right:0;margin-bottom:5px;margin-left: 0;text-indent:28px\"><span style=\"font-size: 14px;font-family:'微软雅黑','sans-serif'\">我们可能随时更新本隐私政策以适应法律、技术或商业的发展。我们更新本隐私政策时，会以适当的方式通知您。若法律要求我们在实质修订隐私政策时征得您的同意，我们将遵守法律的规定。</span></p><p style=\"margin-top:5px;margin-right:0;margin-bottom:5px;margin-left: 0;text-indent:28px\"><span style=\"font-size:14px;font-family:'微软雅黑','sans-serif'\">&nbsp;</span></p><p style=\"margin-top:5px;margin-right:0;margin-bottom:5px;margin-left: 56px\"><span style=\"font-size:19px;font-family:'微软雅黑','sans-serif'\">9.&nbsp;</span><span style=\"font-size:19px;font-family:'微软雅黑','sans-serif'\">如何联系我们</span></p><p style=\"margin-top:5px;margin-right:0;margin-bottom:5px;margin-left: 0;text-indent:28px\"><span style=\"font-size: 14px;font-family:'微软雅黑','sans-serif'\">如果您对我们使用您的个人信息有任何疑问或者疑虑，请使用以下方式联系我们：</span></p><p style=\"margin-top:5px;margin-right:0;margin-bottom:5px;margin-left: 0;text-indent:28px\"><span style=\"font-size: 14px;font-family:'微软雅黑','sans-serif'\">客服电话（0871）952801</span></p><p style=\"margin-top:5px;margin-right:0;margin-bottom:5px;margin-left: 0;text-indent:28px\"><span style=\"font-size: 14px;font-family:'微软雅黑','sans-serif'\">您个人信息的数据控制者是瑞丽航空有限公司</span></p><p style=\"margin-top:5px;margin-right:0;margin-bottom:5px;margin-left: 0;text-indent:28px\"><span style=\"font-size:14px;font-family:'微软雅黑','sans-serif'\">&nbsp;</span></p><p style=\"margin-top:5px;margin-right:0;margin-bottom:5px;margin-left: 0\">&nbsp;</p><p>&nbsp;</p><p><br></p></div>\n\n    <script>\n        $(function () {\n            uParse('.ueditorcontent', { rootPath: '/Scripts/ueditor/' });\n            setTimeout(function () {\n                //如果是被嵌入到iframe中显示\n                if (window.parent != window) {\n                    function GetQueryString(name) {\n                        var reg = new RegExp(\"(^|&)\" + name + \"=([^&]*)(&|$)\");\n                        var r = window.location.search.substr(1).match(reg);\n                        if (r != null) return unescape(r[2]); return null;\n                    }\n\n                    function QueryString(uparname) {\n                        var result = \"\";\n                        var myurl = GetQueryString(uparname);\n                        if (myurl != null && myurl.toString().length > 0) {\n                            result = GetQueryString(uparname);\n                        }\n                        return result;\n                    }\n\n                    function getHashObject(hash) {\n                        hash = hash.replace(/#/g, '');\n                        var arr = hash.split('&');\n                        var result = {};\n                        for (var i = 0; i < arr.length; i++) {\n                            var arr1 = arr[i].split('=');\n                            if (arr1.length > 0) {\n                                result[arr1[0]] = arr1.length > 1 ? encodeURIComponent(arr1[1]) : null;\n                            }\n                        }\n                        return result;\n                    }\n\n                    //调整父级iframe宽度和高度\n                    function insertIframe() {\n                        $(\"#agent_iframe\").remove();\n                        var width = Math.max(document.body.scrollWidth, document.body.clientWidth);\n                        var height = Math.max(document.body.scrollHeight, document.body.clientHeight);\n                        var agent_iframe = $('<iframe id=\"agent_iframe\" height=\"0\" width=\"0\" style=\"display: none\"></iframe>');\n                        agent_iframe.attr('src', QueryString(\"agentUrl\") + \"/product/agent.html\" + \"#\" + width + \"|\" + height);\n                        $('body').append(agent_iframe);\n                    }\n                    insertIframe();\n                    //图片加载完成后再次计算高度\n                    $('img').on('load', function () {\n                        insertIframe();\n                    });\n\n                    //替换页面中的a标签的href,并将原始值设置到data-href属性上\n                    $.each($('a'), function (index, item) {\n                        var me = $(this);\n                        if (me.attr('href') == null || me.attr('href') == '' || me.attr('href')=='#' || me.attr('href').indexOf('javascript:void(0)') > -1) {\n                            return;\n                        }\n                        me.attr('data-href', me.attr('href'));\n                        me.attr('href', 'javascript:void(0);');\n                    });\n                    //绑定body中所有a标签的click事件，用于触发父级RedirectUrl事件\n                    $('body').delegate('a', 'click', function () {\n                        var me = $(this);\n                        if (!me.attr('data-href')) {\n                            return;\n                        }\n                        var regex = /(#.*)/;\n                        if (regex.test(me.attr('data-href'))) {\n                            var hash = getHashObject(regex.exec(me.attr('data-href'))[0]);\n                            if (hash.TopicId) {\n                                window.location.href = \"https://bbs.rlair.net/Single/\" + hash.TopicId + \"?agentUrl=\" + QueryString(\"agentUrl\");\n                                return;\n                            }\n                        }\n                        \n                        var agent = $('<iframe id=\"eventAgent\" height=\"0\" width=\"0\" style=\"display: none\"></iframe>');\n                        if (me.attr('data-href').substr(0, 1) == \"#\") {\n                            var pos = $(me.attr('data-href')).offset().top;\n                            agent.attr('src', QueryString(\"agentUrl\") + \"/EventAgent.html\" + \"?EventName=Anchor&Pos=\"+pos);\n                        } else {\n                            agent.attr('src', QueryString(\"agentUrl\") + \"/EventAgent.html\" + \"?EventName=RedirectUrl&Url=\" + encodeURIComponent(me.attr('data-href')));\n                        }\n                        \n                        agent.on('load', function () {\n                            agent.remove();\n                        });\n                        $('body').append(agent);\n                    });\n                }\n            }, 100);\n\n        });\n    </script>\n\n\n\n</body></html>",
    "policy_text": "瑞丽航空隐私政策\n本隐私政策的最新发布日期为2021年9月8日，并于2021年9月8日起正式生效。\n瑞丽航空有限公司（以下简称 “我们”）尊重您的个人隐私权利。本隐私政策旨在释明我们是谁，我们如何收集、分享和使用您的个人信息，以及您如何行使您的隐私权利。本隐私政策适用于我们通过瑞航易行APP收集的您的个人信息。\n如果您对我们使用您的个人信息有任何疑问或顾虑，可通过本隐私政策底部所示的联系方式与我们联系。\n\n1. 我们承诺保护您的隐私\n我们使用适合的技术手段和管理措施来保护我们所收集的您的个人信息。我们采取的措施旨在为您提供与处理您的个人信息产生的风险相匹配的安全保障机制。我们采取的具体措施包括安全套接层（SSL）和MD5加密技术，以确保您的数据在传输、存储和使用的过程中安全。\n\n2. 未成年人个人信息保护\n瑞丽航空尊重并保护未成年人的个人信息，如果您属于未满18周岁的未成年人，请在使用本应用前，征求您父母或法定监护人的意见。\n\n3. 收集您的个人信息的法律依据\n我们仅在法律允许且有必要的前提下才收集您的个人信息。即，在至少满足下列条件之一时收集您的个人信息：\n1）我们已经征得您的同意；\n2）我们为您提供购票相关服务时，需要您的个人信息；\n3）为了符合相关法律法规的要求，我们有义务收集您的个人信息；\n4）我们可能需要这些个人信息来维护国家利益、社会公共利益，以及保护您或其他人的切身利益。\n如果我们以遵守法律法规为目的或以提供购票相关服务为目的，要求您提供个人信息，我们将在相关对应的页面明确告知您。\n\n4. 我们向您收集的数据及我们如何使用\n本政策的这一部分非常重要，因为它解释了我们向您收集的数据及我们将如何使用。我们的目标是，让您完全知晓我们收集您的个人信息的目的，以确保我们对于您的个人信息的使用不会让您感到意外。\n1）您自愿提供的信息\n（1）当您注册或登录瑞丽航空系统时，需要您提供以下信息：手机号码或邮箱地址以及登录密码。\n（2）当您购票时，为了保障您的出行权益，以及符合相关法律法规对实名出行的要求，需要您提供以下信息：乘机人姓名、性别、国籍、生日、证件类型、证件号码、证件有效期、证件签发国。同时，为了确保客票信息、不正常航班信息、等旅客服务类信息能够及时通知到您，需要您提供以下信息：联系人姓名、联系电话、邮箱地址。\n（4）当您为了获取更多的会员权益自愿进行会员实名认证时，根据您选择的实名认证方式，可能需要您提供以下信息中的一部分：姓名、拼音姓、拼音名、证件类型、证件号码、银行卡号、手机号码。\n（6）当您申请退票时，为了能将票款退至您的账户，需要您提供以下信息：银联卡号码、账户名称、开户行名称。同时，为了确保退票退款异常时可以联系到您，需要您提供，联系人姓名和联系电话。\n（7）为了方便您在购票时快速填写乘机人信息，您可选择添加常用乘机人，添加常用乘机人时，国内行程需要您提供以下信息：姓名、证件类型、证件号码、生日、电话区号、联系电话、邮件地址。中国港澳台/国际行程还需要额外提供以下信息：证件签发国、证件有效期、国籍。\n2）我们自动收集的信息\n当您使用瑞丽航空官方网站、瑞丽航空微信公众号和瑞航易行APP时，我们可能会自动地从您的设备中收集您的特定信息，包含您的IP地址、设备型号、唯一设备识别号、浏览器型号信息，APP当前版本信息、APP安装时间、APP崩溃日志，以及其他的技术信息。这些信息将用于帮助我们更好地了解我们系统的运行情况，以提升我们系统的用户体验。同时，在您使用瑞丽航空官方网站、瑞丽航空微信公众号和瑞航易行APP出现问题时，所收集的信息可以帮助我们快速定位问题原因并及时解决。\n\n5. 第三方SDK收集到的关于您的数据\n瑞航易行APP涉及嵌入第三方代码、插件传输个人信息的情况逐一列举，请见此处【链接地址为：https://bbs.rlair.net/Single/982c16930228434ea99cad9e002af0b9】。\n敏感权限使用说明：\n设备权限：定位，使用目的：选择城市定位当前城市、所在城市特价机票查询，收集信息类型：地理位置，是否询问：首次打开客户端时弹窗询问，是否可关闭：是。\n设备权限：文件存储，使用目的：保存航延证明截图到相册，收集信息类型：图片，是否询问：用户保存航延证明时询问，是否可关闭：是。\n设备权限：文件访问，使用目的：用于用户选择照片上传，收集信息类型：图片，是否询问：用户主动选择照片时询问，是否可关闭：是。\n设备权限：相机权限，使用目的：用于在线客服功能拍照上传，收集信息类型：图片，是否询问：用户主动拍照时询问，是否可关闭：是。\n\n6. 我们可能会与谁共享您的数据\n我们可能会将您的个人信息披露给以下类别的主体：\n1）SDK及第三方应用的提供方，比如WxPay,Alipay等，以帮助您在瑞丽航空官方网站、瑞丽航空微信公众号和瑞航易行APP上完成机票票款支付，或协助您完成实名认证等；\n2）主管执法机构、监管机构、政府机构、法院或与保障您出行相关的第三方，以适用如下情形：（1）为适用法律；（2）实施、建立、维护我们的合法权利；（3）保护您或其他人的切身利益；\n3）向我们征得您的同意，经您授权披露的任何主体。\n\n7. 您的权利\n您有权随时行使法律法规赋予您的权利：\n1）账户注销权\n您有权随时注销已注册的账户，您可以在瑞航易行APP账户设置页面发起注销申请。当完成注销后，您该账户的所有信息将被删除或匿名化，我们将不再收集、使用或对外提供与该账户相关的个人信息，但您在使用我们的服务期间提供或产生的信息，我们仍需按照法律法规要求的时间进行保存，且在该依法保存的时间内有权机关仍有权依法查询。\n账户注销后，账户内的积分将被清空，且无法恢复。\n账户注销后，对应的手机号码或邮箱可以再次注册瑞丽航空账号。\n注销过程中有任何疑问，可通过本隐私政策底部所示的联系方式与我们联系，我们会按照相关规定，在15个工作日内完成受理并处理。\n2）投诉、举报权\n（1）若您对个人信息安全有任何疑问，可通过本隐私政策底部所示的联系方式进行咨询、投诉，我们会在15个工作日内完成受理并处理。\n（2）若您认为我们存在违规收集和使用您的个人信息的情况，您有权向个人信息保护监管机构举报或投诉。更多相关信息，请联系您当地的个人信息保护监管机构。\n3）撤回您的授权\n您可以在瑞航易行个人中心的隐私设置页面撤回部分或全部与收集您个人信息相关或与使用您系统权限相关的授权，当您撤回授权后，我们不再收集对应的信息，也不再使用对应的权限，同时也无法再为您提供与对应授权相关的服务。但您撤回授权的决定，不会影响此前基于您的授权已收集的信息或已开展的业务。\n\n8. 本隐私政策的更新\n我们可能随时更新本隐私政策以适应法律、技术或商业的发展。我们更新本隐私政策时，会以适当的方式通知您。若法律要求我们在实质修订隐私政策时征得您的同意，我们将遵守法律的规定。\n\n9. 如何联系我们\n如果您对我们使用您的个人信息有任何疑问或者疑虑，请使用以下方式联系我们：\n客服电话（0871）952801\n您个人信息的数据控制者是瑞丽航空有限公司\n\n\n",
    "policy_html_source_code_clean": "瑞丽航空隐私政策\n<p><span> </span><span>本隐私政策的最新发布日期为2021年9月8日，并于2021年9月8日起正式生效。</span></p><p><span> </span><span>瑞丽航空有限公司（以下简称 “我们”）尊重您的个人隐私权利。本隐私政策旨在释明我们是谁，我们如何收集、分享和使用您的个人信息，以及您如何行使您的隐私权利。本隐私政策适用于我们通过瑞航易行APP收集的您的个人信息。</span></p><p><span> </span><span>如果您对我们使用您的个人信息有任何疑问或顾虑，可通过本隐私政策底部所示的联系方式与我们联系。</span></p><p><span> </span></p><p><span>1. </span><span>我们承诺保护您的隐私</span></p><p><span>我们使用适合的技术手段和管理措施来保护我们所收集的您的个人信息。我们采取的措施旨在为您提供与处理您的个人信息产生的风险相匹配的安全保障机制。我们采取的具体措施包括安全套接层（SSL）和MD5加密技术，以确保您的数据在传输、存储和使用的过程中安全。</span></p><p><span> </span></p><p><span>2. </span><span>未成年人个人信息保护</span></p><p><span>瑞丽航空尊重并保护未成年人的个人信息，如果您属于未满18周岁的未成年人，请在使用本应用前，征求您父母或法定监护人的意见。</span></p><p><span> </span></p><p><span>3. </span><span>收集您的个人信息的法律依据</span></p><p><span>我们仅在法律允许且有必要的前提下才收集您的个人信息。即，在至少满足下列条件之一时收集您的个人信息：</span></p><p><span>1</span><span>）我们已经征得您的同意；</span></p><p><span>2</span><span>）我们为您提供购票相关服务时，需要您的个人信息；</span></p><p><span>3</span><span>）为了符合相关法律法规的要求，我们有义务收集您的个人信息；</span></p><p><span>4</span><span>）我们可能需要这些个人信息来维护国家利益、社会公共利益，以及保护您或其他人的切身利益。</span></p><p><span>如果我们以遵守法律法规为目的或以提供购票相关服务为目的，要求您提供个人信息，我们将在相关对应的页面明确告知您。</span></p><p><span> </span></p><p><span>4. </span><span>我们向您收集的数据及我们如何使用</span></p><p><span>本政策的这一部分非常重要，因为它解释了我们向您收集的数据及我们将如何使用。我们的目标是，让您完全知晓我们收集您的个人信息的目的，以确保我们对于您的个人信息的使用不会让您感到意外。</span></p><p><span>1</span><span>）您自愿提供的信息</span></p><p><span>（1）当您注册或登录瑞丽航空系统时，需要您提供以下信息：手机号码或邮箱地址以及登录密码。</span></p><p><span>（2）当您购票时，为了保障您的出行权益，以及符合相关法律法规对实名出行的要求，需要您提供以下信息：乘机人姓名、性别、国籍、生日、证件类型、证件号码、证件有效期、证件签发国。同时，为了确保客票信息、不正常航班信息、等旅客服务类信息能够及时通知到您，需要您提供以下信息：联系人姓名、联系电话、邮箱地址。</span></p><p><span>（4）当您为了获取更多的会员权益自愿进行会员实名认证时，根据您选择的实名认证方式，可能需要您提供以下信息中的一部分：姓名、拼音姓、拼音名、证件类型、证件号码、银行卡号、手机号码。</span></p><p><span>（6）当您申请退票时，为了能将票款退至您的账户，需要您提供以下信息：银联卡号码、账户名称、开户行名称。同时，为了确保退票退款异常时可以联系到您，需要您提供，联系人姓名和联系电话。</span></p><p><span>（7）为了方便您在购票时快速填写乘机人信息，您可选择添加常用乘机人，添加常用乘机人时，国内行程需要您提供以下信息：姓名、证件类型、证件号码、生日、电话区号、联系电话、邮件地址。中国港澳台/国际行程还需要额外提供以下信息：证件签发国、证件有效期、国籍。</span></p><p><span>2</span><span>）我们自动收集的信息</span></p><p><span>当您使用瑞丽航空官方网站、瑞丽航空微信公众号和瑞航易行APP时，我们可能会自动地从您的设备中收集您的特定信息，包含您的IP地址、设备型号、唯一设备识别号、浏览器型号信息，APP当前版本信息、APP安装时间、APP崩溃日志，以及其他的技术信息。这些信息将用于帮助我们更好地了解我们系统的运行情况，以提升我们系统的用户体验。同时，在您使用瑞丽航空官方网站、瑞丽航空微信公众号和瑞航易行APP出现问题时，所收集的信息可以帮助我们快速定位问题原因并及时解决。</span></p><p><span> </span></p><p><span>5. </span><span>第三方SDK收集到的关于您的数据</span></p><p><span>瑞航易行APP涉及嵌入第三方代码、插件传输个人信息的情况逐一列举，</span><span><span><a href=\"https://bbs.rlair.net/Single/982c16930228434ea99cad9e002af0b9\" target=\"_blank\"><span>请见此处</span></a></span></span><span>。</span></p><p><span>敏感权限使用说明：</span></p><table><tbody><tr><td><p><strong><span>设备权限</span></strong></p></td><td><p><strong><span>使用目的</span></strong></p></td><td><p><strong><span>收集信息类型</span></strong></p></td><td><p><strong><span>是否询问</span></strong></p></td><td><p><strong><span>是否可关闭</span></strong></p></td></tr><tr><td><p><span>定位</span></p></td><td><p><span>选择城市定位当前城市、所在城市特价机票查询</span></p></td><td><p><span>地理位置</span></p></td><td><p><span>首次打开客户端时弹窗询问</span></p></td><td><p><span>是</span></p></td></tr><tr><td><p><span>文件存储</span></p></td><td><p><span>保存航延证明截图到相册</span></p></td><td><p><span>图片</span></p></td><td><p><span>用户保存航延证明时询问</span></p></td><td><p><span>是</span></p></td></tr><tr><td><p><span>文件访问</span></p></td><td><p><span>用于用户选择照片上传</span></p></td><td><p><span>图片</span></p></td><td><p><span>用户主动选择照片时询问</span></p></td><td><p><span>是</span></p></td></tr><tr><td><p><span>相机权限</span></p></td><td><p><span>用于在线客服功能拍照上传</span></p></td><td><p><span>图片</span></p></td><td><p><span>用户主动拍照时询问</span></p></td><td><p><span>是</span></p></td></tr></tbody></table><p><span> </span></p><p><span>6. </span><span>我们可能会与谁共享您的数据</span></p><p><span>我们可能会将您的个人信息披露给以下类别的主体：</span></p><p><span>1</span><span>）SDK及第三方应用的提供方，比如WxPay,Alipay等，以帮助您在瑞丽航空官方网站、瑞丽航空微信公众号和瑞航易行APP上完成机票票款支付，或协助您完成实名认证等； </span></p><p><span>2</span><span>）主管执法机构、监管机构、政府机构、法院或与保障您出行相关的第三方，以适用如下情形：（1）为适用法律；（2）实施、建立、维护我们的合法权利；（3）保护您或其他人的切身利益；</span></p><p><span>3</span><span>）向我们征得您的同意，经您授权披露的任何主体。</span></p><p><span> </span></p><p><span>7. </span><span>您的权利</span></p><p><span>您有权随时行使法律法规赋予您的权利：</span></p><p><span>1</span><span>）账户注销权</span></p><p><span>您有权随时注销已注册的账户，您可以在瑞航易行APP账户设置页面发起注销申请。当完成注销后，您该账户的所有信息将被删除或匿名化，我们将不再收集、使用或对外提供与该账户相关的个人信息，但您在使用我们的服务期间提供或产生的信息，我们仍需按照法律法规要求的时间进行保存，且在该依法保存的时间内有权机关仍有权依法查询。</span></p><p><span>账户注销后，账户内的积分将被清空，且无法恢复。</span></p><p><span>账户注销后，对应的手机号码或邮箱可以再次注册瑞丽航空账号。</span></p><p><span>注销过程中有任何疑问，可通过本隐私政策底部所示的联系方式与我们联系，我们会按照相关规定，在15个工作日内完成受理并处理。</span></p><p><span>2</span><span>）投诉、举报权</span></p><p><span>（1）若您对个人信息安全有任何疑问，可通过本隐私政策底部所示的联系方式进行咨询、投诉，我们会在15个工作日内完成受理并处理。</span></p><p><span>（2）若您认为我们存在违规收集和使用您的个人信息的情况，您有权向个人信息保护监管机构举报或投诉。更多相关信息，请联系您当地的个人信息保护监管机构。</span></p><p><span>3</span><span>）撤回您的授权</span></p><p><span>您可以在瑞航易行个人中心的隐私设置页面撤回部分或全部与收集您个人信息相关或与使用您系统权限相关的授权，当您撤回授权后，我们不再收集对应的信息，也不再使用对应的权限，同时也无法再为您提供与对应授权相关的服务。但您撤回授权的决定，不会影响此前基于您的授权已收集的信息或已开展的业务。</span></p><p><span> </span></p><p><span>8. </span><span>本隐私政策的更新</span></p><p><span>我们可能随时更新本隐私政策以适应法律、技术或商业的发展。我们更新本隐私政策时，会以适当的方式通知您。若法律要求我们在实质修订隐私政策时征得您的同意，我们将遵守法律的规定。</span></p><p><span> </span></p><p><span>9. </span><span>如何联系我们</span></p><p><span>如果您对我们使用您的个人信息有任何疑问或者疑虑，请使用以下方式联系我们：</span></p><p><span>客服电话（0871）952801</span></p><p><span>您个人信息的数据控制者是瑞丽航空有限公司</span></p><p><span> </span></p><p> </p><p> </p><p><br/></p>",
    "policy_text_clean": "瑞丽航空隐私政策\n本隐私政策的最新发布日期为2021年9月8日，并于2021年9月8日起正式生效。\n瑞丽航空有限公司（以下简称 “我们”）尊重您的个人隐私权利。本隐私政策旨在释明我们是谁，我们如何收集、分享和使用您的个人信息，以及您如何行使您的隐私权利。本隐私政策适用于我们通过瑞航易行APP收集的您的个人信息。\n如果您对我们使用您的个人信息有任何疑问或顾虑，可通过本隐私政策底部所示的联系方式与我们联系。\n\n1. 我们承诺保护您的隐私\n我们使用适合的技术手段和管理措施来保护我们所收集的您的个人信息。我们采取的措施旨在为您提供与处理您的个人信息产生的风险相匹配的安全保障机制。我们采取的具体措施包括安全套接层（SSL）和MD5加密技术，以确保您的数据在传输、存储和使用的过程中安全。\n\n2. 未成年人个人信息保护\n瑞丽航空尊重并保护未成年人的个人信息，如果您属于未满18周岁的未成年人，请在使用本应用前，征求您父母或法定监护人的意见。\n\n3. 收集您的个人信息的法律依据\n我们仅在法律允许且有必要的前提下才收集您的个人信息。即，在至少满足下列条件之一时收集您的个人信息：\n1）我们已经征得您的同意；\n2）我们为您提供购票相关服务时，需要您的个人信息；\n3）为了符合相关法律法规的要求，我们有义务收集您的个人信息；\n4）我们可能需要这些个人信息来维护国家利益、社会公共利益，以及保护您或其他人的切身利益。\n如果我们以遵守法律法规为目的或以提供购票相关服务为目的，要求您提供个人信息，我们将在相关对应的页面明确告知您。\n\n4. 我们向您收集的数据及我们如何使用\n本政策的这一部分非常重要，因为它解释了我们向您收集的数据及我们将如何使用。我们的目标是，让您完全知晓我们收集您的个人信息的目的，以确保我们对于您的个人信息的使用不会让您感到意外。\n1）您自愿提供的信息\n（1）当您注册或登录瑞丽航空系统时，需要您提供以下信息：手机号码或邮箱地址以及登录密码。\n（2）当您购票时，为了保障您的出行权益，以及符合相关法律法规对实名出行的要求，需要您提供以下信息：乘机人姓名、性别、国籍、生日、证件类型、证件号码、证件有效期、证件签发国。同时，为了确保客票信息、不正常航班信息、等旅客服务类信息能够及时通知到您，需要您提供以下信息：联系人姓名、联系电话、邮箱地址。\n（4）当您为了获取更多的会员权益自愿进行会员实名认证时，根据您选择的实名认证方式，可能需要您提供以下信息中的一部分：姓名、拼音姓、拼音名、证件类型、证件号码、银行卡号、手机号码。\n（6）当您申请退票时，为了能将票款退至您的账户，需要您提供以下信息：银联卡号码、账户名称、开户行名称。同时，为了确保退票退款异常时可以联系到您，需要您提供，联系人姓名和联系电话。\n（7）为了方便您在购票时快速填写乘机人信息，您可选择添加常用乘机人，添加常用乘机人时，国内行程需要您提供以下信息：姓名、证件类型、证件号码、生日、电话区号、联系电话、邮件地址。中国港澳台/国际行程还需要额外提供以下信息：证件签发国、证件有效期、国籍。\n2）我们自动收集的信息\n当您使用瑞丽航空官方网站、瑞丽航空微信公众号和瑞航易行APP时，我们可能会自动地从您的设备中收集您的特定信息，包含您的IP地址、设备型号、唯一设备识别号、浏览器型号信息，APP当前版本信息、APP安装时间、APP崩溃日志，以及其他的技术信息。这些信息将用于帮助我们更好地了解我们系统的运行情况，以提升我们系统的用户体验。同时，在您使用瑞丽航空官方网站、瑞丽航空微信公众号和瑞航易行APP出现问题时，所收集的信息可以帮助我们快速定位问题原因并及时解决。\n\n5. 第三方SDK收集到的关于您的数据\n瑞航易行APP涉及嵌入第三方代码、插件传输个人信息的情况逐一列举，请见此处【链接地址为：https://bbs.rlair.net/Single/982c16930228434ea99cad9e002af0b9】。\n敏感权限使用说明：\n设备权限：定位，使用目的：选择城市定位当前城市、所在城市特价机票查询，收集信息类型：地理位置，是否询问：首次打开客户端时弹窗询问，是否可关闭：是。\n设备权限：文件存储，使用目的：保存航延证明截图到相册，收集信息类型：图片，是否询问：用户保存航延证明时询问，是否可关闭：是。\n设备权限：文件访问，使用目的：用于用户选择照片上传，收集信息类型：图片，是否询问：用户主动选择照片时询问，是否可关闭：是。\n设备权限：相机权限，使用目的：用于在线客服功能拍照上传，收集信息类型：图片，是否询问：用户主动拍照时询问，是否可关闭：是。\n\n6. 我们可能会与谁共享您的数据\n我们可能会将您的个人信息披露给以下类别的主体：\n1）SDK及第三方应用的提供方，比如WxPay,Alipay等，以帮助您在瑞丽航空官方网站、瑞丽航空微信公众号和瑞航易行APP上完成机票票款支付，或协助您完成实名认证等；\n2）主管执法机构、监管机构、政府机构、法院或与保障您出行相关的第三方，以适用如下情形：（1）为适用法律；（2）实施、建立、维护我们的合法权利；（3）保护您或其他人的切身利益；\n3）向我们征得您的同意，经您授权披露的任何主体。\n\n7. 您的权利\n您有权随时行使法律法规赋予您的权利：\n1）账户注销权\n您有权随时注销已注册的账户，您可以在瑞航易行APP账户设置页面发起注销申请。当完成注销后，您该账户的所有信息将被删除或匿名化，我们将不再收集、使用或对外提供与该账户相关的个人信息，但您在使用我们的服务期间提供或产生的信息，我们仍需按照法律法规要求的时间进行保存，且在该依法保存的时间内有权机关仍有权依法查询。\n账户注销后，账户内的积分将被清空，且无法恢复。\n账户注销后，对应的手机号码或邮箱可以再次注册瑞丽航空账号。\n注销过程中有任何疑问，可通过本隐私政策底部所示的联系方式与我们联系，我们会按照相关规定，在15个工作日内完成受理并处理。\n2）投诉、举报权\n（1）若您对个人信息安全有任何疑问，可通过本隐私政策底部所示的联系方式进行咨询、投诉，我们会在15个工作日内完成受理并处理。\n（2）若您认为我们存在违规收集和使用您的个人信息的情况，您有权向个人信息保护监管机构举报或投诉。更多相关信息，请联系您当地的个人信息保护监管机构。\n3）撤回您的授权\n您可以在瑞航易行个人中心的隐私设置页面撤回部分或全部与收集您个人信息相关或与使用您系统权限相关的授权，当您撤回授权后，我们不再收集对应的信息，也不再使用对应的权限，同时也无法再为您提供与对应授权相关的服务。但您撤回授权的决定，不会影响此前基于您的授权已收集的信息或已开展的业务。\n\n8. 本隐私政策的更新\n我们可能随时更新本隐私政策以适应法律、技术或商业的发展。我们更新本隐私政策时，会以适当的方式通知您。若法律要求我们在实质修订隐私政策时征得您的同意，我们将遵守法律的规定。\n\n9. 如何联系我们\n如果您对我们使用您的个人信息有任何疑问或者疑虑，请使用以下方式联系我们：\n客服电话（0871）952801\n您个人信息的数据控制者是瑞丽航空有限公司\n\n\n"
}