{
    "app_id": "C100020523",
    "app_name": "看清",
    "app_version": "2.0.5",
    "app_download_num_description": "<1 万次安装",
    "app_package_name": "com.hoge.android.app.qingyang",
    "app_score": 0.0,
    "app_package_size": "51.7 MB",
    "app_package_size_precise": 54158980,
    "app_icon_url": "https://appimg.dbankcdn.com/application/icon144/532f10dcae614017888f5988a93f32b9_1.png",
    "app_developer": "庆阳广播电视台",
    "app_update_time": "2020-04-10",
    "app_update_description": "1.1.2版本更新内容：\n1.修复了天气内容无法加载bug；\n2.其他细节优化。",
    "app_description": "应用简介：《看清》是庆阳广播电视台重点打造的以新闻资讯、社交娱乐、生活服务为一体，具有广播电视特色的手机应用客户端，为庆阳市民提供广播电视节目、 各种与百姓生活相关的服务实用信息和便民服务，是庆阳市信息传播主窗口和新平台。",
    "app_policy_url": "http://www.gsqytv.com.cn/folder384/folder417/2019-07-29/165881.html",
    "app_listed_permission": "1.访问确切位置信息（使用 GPS 和网络进行定位）\n2.连接 Wi-Fi 或断开连接\n3.更改网络连接性\n4.读取通话状态和移动网络信息\n5.修改或删除存储卡中的内容\n6.新建/修改/删除日历\n7.读取存储卡中的内容\n8.显示在其他应用上面\n9.相机\n10.录制音频\n11.读取日历\n12.修改系统设置\n13.访问大致位置信息（使用网络进行定位）\n14.查找设备上的帐户",
    "app_listed_permission_description": "1.允许应用基于GPS、基站、 Wi-Fi 等网络源获取位置信息。这可能会增加耗电量。\n2.允许应用与 Wi-Fi 接入点建立和断开连接，并更改 Wi-Fi 网络的设备配置。\n3.允许该应用更改网络连接的状态。\n4.允许应用获取本机号码、通话状态以及拨打的号码。\n5.允许应用修改或删除存储卡上的照片、媒体内容和文件。\n6.允许应用新建、修改、删除或发起邀请他人的日历活动。\n7.允许应用读取存储卡上的照片、媒体内容和文件。\n8.显示弹框、全屏界面到其他应用上面\n9.允许应用拍摄照片和视频。\n10.允许应用录制音频。\n11.允许应用读取、保存、分享本机存储的您或他人发起的所有日历数据。\n12.修改设置应用中的设置项\n13.允许应用基于基站、 Wi-Fi 等网络源获取位置信息。\n14.允许应用获取设备已安装应用的帐户列表。",
    "app_category": [
        "新闻阅读"
    ],
    "app_subcategory": [
        "新闻"
    ],
    "app_APK_url": "https://appgallery.cloud.huawei.com/appdl/C100020523",
    "app_APK_name": "C100020523-2.0.5.apk",
    "app_policy_name": "C100020523-2.0.5.txt",
    "policy_html_source_code": "<html><head>\n\t\t<meta charset=\"UTF-8\">\n\t\t<title>隐私政策_版权信息_庆阳广播电视台</title>\n\t\t<link rel=\"stylesheet\" href=\"https://www.gsqytv.com.cn/t/1/4/css/base.css?v=20191224100741\">\n\t\t<link rel=\"stylesheet\" href=\"https://www.gsqytv.com.cn/t/1/4/css/style2.css?v=20191224100741\">\n\t\t<script src=\"https://www.gsqytv.com.cn/t/1/4/js/jquery.js?v=20191224100741\"></script>\n\t\t<script src=\"https://www.gsqytv.com.cn/t/1/4/js/base.js?v=20191224100741\"></script>\n\t\t<script src=\"https://www.gsqytv.com.cn/t/1/4/js/jquery.tmpl.js?v=20191224100741\"></script>\n\t\t<script src=\"https://www.gsqytv.com.cn/t/1/4/js/hg_ad.js?v=20191224100741\"></script>\n\t\t<style>\n\t\tfooter{height:280px;background:#1A54A6;text-align: center;}\n\t\tfooter>div{font-size:12px;color:#fff;line-height:26px;opacity:0.4;}\n\t\tfooter a{color:#fff;}\n\t\tfooter .infoLink{padding: 42px 0 29px 0;}\n\t\t</style>\n\t\t\n\t<meta name=\"keywords\" content=\"庆阳广播电视台,庆阳电视台,庆阳电视\"><meta name=\"description\" content=\"\">\n<script type=\"text/javascript\">\nvar gUserAgent= navigator.userAgent.toLowerCase();\nvar c_name = \"m2o_client_id\";\nvar c_start=document.cookie.indexOf(c_name + \"=\");\nvar m2o_client_id = 0;\nif (c_start!=-1)\n{\n\tc_start=c_start + c_name.length+1;\n\tvar c_end=document.cookie.indexOf(\";\",c_start);\n\tif (c_end==-1) c_end=document.cookie.length;\n\tm2o_client_id = unescape(document.cookie.substring(c_start,c_end));\n}var m2o_site={\"id\":\"1\",\"name\":\"\\u5e86\\u9633\\u5e7f\\u64ad\\u7535\\u89c6\\u53f0\",\"domain\":\"gsqytv.com.cn\",\"domain_id\":\"171\"};var m2o_column={\"id\":\"417\",\"title\":\"\\u7248\\u6743\\u4fe1\\u606f\",\"keywords\":\"\"};var m2o_content = {\"id\":\"72098\",\"title\":\"\\u9690\\u79c1\\u653f\\u7b56\",\"keywords\":\"\",\"bundle_id\":\"news\",\"module_id\":\"news\",\"content_id\":\"72098\",\"content_fromid\":\"43366\",\"rid\":\"165881\"};</script>\n<link rel=\"stylesheet\" type=\"text/css\" href=\"https://www.gsqytv.com.cn/t/8/417/3/8_417_3_2.css?v=20200720160907\">\n<script src=\"https://www.gsqytv.com.cn/res/m2obase.js\" type=\"text/javascript\"></script>\n</head>\n\t<body>\n\t\t<!--登录注册-->\n\t\t<div class=\"login\">\n\t\t\t<div class=\"wrap\">\n\t\t\t\t<script type=\"text/javascript\" src=\"https://www.gsqytv.com.cn/t/jscell/b3/1_8_417_3_21981.php\"></script><div class=\"cell_1981_\">            <a href=\"https://sso.gsqytv.com.cn/index.php/?reffer=http%3A%2F%2Fwww.gsqytv.com.cn%2Ffolder384%2Ffolder417%2F2019-07-29%2F165881.html\" class=\"gologin m2o-js-reffer\">登录</a><a href=\"http://sso.gsqytv.com.cn/index.php/Register/zc?referer=http%3A%2F%2Fwww.gsqytv.com.cn%2Ffolder384%2Ffolder417%2F2019-07-29%2F165881.html\" class=\"m2o-js-reffer\">注册</a>    </div>\n\t\t\t</div>\n\t\t</div>\n\t\t<!--logo-->\n\t\t<div class=\"top\">\n\t\t\t<div class=\"wrap\">\n\t\t\t\t<div class=\"logo fl w332\">\n\t\t\t\t\t<div class=\"cell_1982_\">\n    <a href=\"http://www.gsqytv.com.cn\" title=\"\" target=\"\"></a>\n</div>\n\t\t\t\t</div>\n\t\t\t\t<div class=\"search fl w316\">\n\t\t\t\t\t<form class=\"cell_1983_\" target=\"_blank\" method=\"post\" action=\"https://www.gsqytv.com.cn/search/index.php\">\n    <input type=\"text\" class=\"text no-radius-shadow\" autocomplete=\"off\" name=\"search_text\" value=\"\" placeholder=\"大家都在搜\">\n    <input type=\"submit\" value=\"\" class=\"submit fr\">\n</form>\n\t\t\t\t</div>\n\t\t\t\t<div class=\"tq fl w192\">\n\t\t\t\t\t<!--<script language=\"JavaScript\" src=\"http://www.fhtv.net.cn/t/1/3/js/date.js\"></script>\n<script language=\"javascript\">showDate();</script>-->\n<script type=\"text/javascript\">\n    with(new Date()){document.write('<span style=\"color:#7c7c7c; font-size:14px;\">' + getFullYear() + '年' + (getMonth()+1) + '月' + getDate() + '日 星期' + '日一二三四五六'.charAt(getDay()) + '</span>');}\n</script><span style=\"color:#7c7c7c; font-size:14px;\">2023年3月6日 星期一</span>\n<div>\n    <div class=\"cell_1984_\">\n        <ul class=\"clearfix\">\n                        <li>\n                        <div class=\"icon f_l\">\n                <img src=\"http://img.v1.m2odemo.com/material/weather/img/2015/12/20151231003622WzIm.png\">\n                            </div>\n            <div class=\"youbian f_r\">\n                <span class=\"name\">庆阳</span>\n                <span class=\"diqu\">晴转多云</span>\n                <span class=\"wendu\">1℃~-7℃</span>\n            </div>\n            </li>\n                                \n        </ul>\n    </div>\n</div>\n\t\t\t\t</div>\n\t\t\t\t<div class=\"ewm fl w160\">\n\t\t\t\t\t<div class=\"cell_1985_\">\n    <ul class=\"clearfix\">\n        <li><img src=\"https://www.gsqytv.com.cn/t/icon/201904/20190416160054u9ng.jpg\" alt=\"看清网\"><p>微信公众平台</p></li>\n        <li><img src=\"https://www.gsqytv.com.cn/t/icon/201802/20180227174024LKkh.jpg\" alt=\"看清网\"><p>客户端下载</p></li>\n    </ul>   \n</div>\n\t\t\t\t</div>\n\t\t\t</div>\n\t\t</div>\n\t\t<div class=\"clear\"></div>\n\t\t<!--导航-->\n\t\t\n        <div class=\"nav mt20 mb20\">\n\n            <ul class=\"fl\">\n                <li class=\"navlist\" style=\"color: rgb(255, 255, 255);\">新闻</li>\n<li class=\"navlist\"><a href=\"https://www.gsqytv.com.cn/folder384/news/folder378/\" target=\"_self\">聚焦</a></li>\n<li class=\"navlist\"><a href=\"https://www.gsqytv.com.cn/folder384/news/folder93/\" target=\"_self\">快讯</a></li>\n<li class=\"navlist\"><a href=\"https://www.gsqytv.com.cn/folder384/news/folder26/\" target=\"_self\">时政</a></li>\n<li class=\"navlist\"><a href=\"https://www.gsqytv.com.cn/folder384/news/folder380/\" target=\"_self\">评论</a></li>\n            </ul>\n            <ul class=\"fl\">\n                <li class=\"navlist\" style=\"color: rgb(255, 255, 255);\">融媒</li>\n<li class=\"navlist\"><a href=\"https://www.gsqytv.com.cn/folder384/folder379/folder245/\" target=\"_self\">专题</a></li>\n<li class=\"navlist\"><a href=\"https://www.gsqytv.com.cn/folder384/folder379/folder58/\" target=\"_self\">县区</a></li>\n<li class=\"navlist\"><a href=\"https://www.gsqytv.com.cn/folder384/folder379/folder11/\" target=\"_self\">点播</a></li>\n<li class=\"navlist\"><a href=\"https://www.gsqytv.com.cn/folder384/folder379/folder173/\" target=\"_self\">V视</a></li>\n            </ul>\n            <ul class=\"fl\">\n                <li class=\"navlist\" style=\"color: rgb(255, 255, 255);\">直播</li>\n<li class=\"navlist\"><a href=\"https://www.gsqytv.com.cn/folder384/folder96/folder97/\" target=\"_self\">看电视</a></li>\n<li class=\"navlist\"><a href=\"https://www.gsqytv.com.cn/folder384/folder96/folder98/\" target=\"_self\">听广播</a></li>\n<li class=\"navlist\"><a href=\"https://www.gsqytv.com.cn/folder384/folder96/folder385/\" target=\"_self\">云直播</a></li>\n            </ul>\n\n        </div>\n        \n\t\t<!--主体-->\n\t\t<div class=\"wrap\">\t\t\t\n\t\t\t<div class=\"left fl w680 mr20 mt20\">\n\t\t\t\t<!--面包屑-->\n\t\t\t\t<div class=\"mbx\">\n\t\t\t\t\t<div class=\"mbx-left fl\">\n\t\t\t\t\t\t<div class=\"cell_1987_\">\n        \t\t<h3 class=\"tl-header\"><a href=\"https://www.gsqytv.com.cn/folder384/folder417/\" target=\"_self\" title=\"版权信息\">版权信息</a></h3> \n\t\t\t\t\n        <input type=\"hidden\" value=\"\" class=\"columnId\">\n        \t\t\n</div>\n\t\t\t\t\t</div>\n\t\t\t\t\t<div class=\"mbx-right fr\">\n\t\t\t\t\t\t<ul class=\"cell_1988_ clearfix\">\n    <li><span>当前位置:</span><a href=\"http://www.gsqytv.com.cn\">首页</a><span>&gt;</span></li>    \t\t<li><a href=\"https://www.gsqytv.com.cn/folder384/\" title=\"看清网\">看清网</a><span>&gt;</span></li>\n       \t<li><a href=\"https://www.gsqytv.com.cn/folder384/folder417/\" title=\"版权信息\">版权信息</a></li>\n       </ul>\n<script>\n    var _gsChannel= \"/看清网/版权信息/\";\n</script>\n\t\t\t\t\t</div>\n\t\t\t\t</div>\n\t\t\t\t<div class=\"clear\"></div>\n\t\t\t\t<!--正文-->\n\t\t\t\t<div class=\"zw mt20\">\n\t\t\t\t\t<script type=\"text/javascript\">\nvar m2oContentInfo = {\n        'pub_content_id' : '43366',\n        'content_id' : '43366',\n        'app_uniqueid' : 'news',\n        'mod_uniqueid' : 'news',\n        'pub' :1,\n        'iscomment' : '1',\n        'content_title' : '隐私政策',\n        'content_url' : 'https://www.gsqytv.com.cn/folder384/folder417/2019-07-29/165881.html',\n    };\n</script>\n<div class=\"cell_1989_\">\n    <div class=\"article-title\">\n        <h1>隐私政策</h1>\n        <div class=\"article-toolbar\">\n            <span class=\"article-assist\"><span class=\"origin\">来源:</span><span class=\"author\">编辑:</span><span class=\"time\">2019-07-30</span></span>\n            <span class=\"article-statist\"><span class=\"article-view\">查看数<em id=\"m2oclicks\" data-id=\"72098\" data-app=\"news\" data-mod=\"news\" data-column=\"417\">0</em></span><span class=\"liv-article-review\">评论<em class=\"cmt-total\">0</em>次</span></span>\n        </div>\n    </div>\n        \n    <div class=\"article-main\"><p>本应用尊重并保护所有使用服务用户的个人隐私权。为了给您提供更准确、更有个性化的服务，本应用会按照本隐私权政策的规定使用和披露您的个人信息。但本应用将以高度的勤勉、审慎义务对待这些信息。除本隐私权政策另有规定外，在未征得您事先许可的情况下，本应用不会将这些信息对外披露或向第三方提供。本应用会不时更新本隐私权政策。 您在同意本应用服务使用协议之时，即视为您已经同意本隐私权政策全部内容。本隐私权政策属于本应用服务使用协议不可分割的一部分。</p><p>1. 适用范围</p><p>(a) 在您注册本应用帐号时，您根据本应用要求提供的个人注册信息；</p><p>(b) 在您使用本应用网络服务，或访问本应用平台网页时，本应用自动接收并记录的您的浏览器和计算机上的信息，包括但不限于您的IP地址、浏览器的类型、使用的语言、访问日期和时间、软硬件特征信息及您需求的网页记录等数据；</p><p>(c) 本应用通过合法途径从商业伙伴处取得的用户个人数据。</p><p>您了解并同意，以下信息不适用本隐私权政策：</p><p>(a) 您在使用本应用平台提供的搜索服务时输入的关键字信息；</p><p>(b) 本应用收集到的您在本应用发布的有关信息数据，包括但不限于参与活动等信息及评价详情；</p><p>(c) 违反法律规定或违反本应用规则行为及本应用已对您采取的措施。</p><p>2. 信息使用</p><p>(a)本应用不会向任何无关第三方提供、出售、出租、分享或交易您的个人信息，除非事先得到您的许可，或该第三方和本应用（含本应用关联公司）单独或共同为您提供服务，且在该服务结束后，其将被禁止访问包括其以前能够访问的所有这些资料。</p><p>(b) 本应用亦不允许任何第三方以任何手段收集、编辑、出售或者无偿传播您的个人信息。任何本应用平台用户如从事上述活动，一经发现，本应用有权立即终止与该用户的服务协议。</p><p>(c) 为服务用户的目的，本应用可能通过使用您的个人信息，向您提供您感兴趣的信息，包括但不限于向您发出产品和服务信息，或者与本应用合作伙伴共享信息以便他们向您发送有关其产品和服务的信息（后者需要您的事先同意）。</p><p>3. 信息披露</p><p>在如下情况下，本应用将依据您的个人意愿或法律的规定全部或部分的披露您的个人信息：</p><p>(a) 经您事先同意，向第三方披露；</p><p>(b)为提供您所要求的产品和服务，而必须和第三方分享您的个人信息；</p><p>(c) 根据法律的有关规定，或者行政或司法机构的要求，向第三方或者行政、司法机构披露；</p><p>(d) 如您出现违反中国有关法律、法规或者本应用服务协议或相关规则的情况，需要向第三方披露；</p><p>(e) 如您是适格的知识产权投诉人并已提起投诉，应被投诉人要求，向被投诉人披露，以便双方处理可能的权利纠纷；</p><p>(f)&nbsp;<span style=\"text-indent: 2em;\">其它本应用根据法律、法规或者网站政策认为合适的披露。</span></p><p>4. 信息存储和交换</p><p>本应用收集的有关您的信息和资料将保存在本应用及（或）其关联公司的服务器上，这些信息和资料可能传送至您所在国家、地区或本应用收集信息和资料所在地的境外并在境外被访问、存储和展示。</p><p>5. 信息安全</p><p>(a) 本应用帐号均有安全保护功能，请妥善保管您的用户名及密码信息。本应用将通过对用户密码进行加密等安全措施确保您的信息不丢失，不被滥用和变造。尽管有前述安全措施，但同时也请您注意在信息网络上不存在“完善的安全措施”。</p><p>(b) 在使用本应用网络服务进行网上交易时，您不可避免的要向交易对方或潜在的交易对方披露自己的个人信息，如联络方式或者邮政地址。请您妥善保护自己的个人信息，仅在必要的情形下向他人提供。</p><p>6.本隐私政策的更改</p><p>(a)如果决定更改隐私政策，我们会在本政策中、本单位网站中以及我们认为适当的位置发布这些更改，以便您了解我们如何收集、使用您的个人信息，哪些人可以访问这些信息，以及在什么情况下我们会透露这些信息。</p><p>(b)本公司保留随时修改本政策的权利，因此请经常查看。如对本政策作出重大更改，本公司会通过网站通知的形式告知。</p><p>请您妥善保护自己的个人信息，仅在必要的情形下向他人提供。如您发现自己的个人信息泄密，尤其是本应用用户名及密码发生泄露，请您立即联络本应用客服，以便本应用采取相应措施。</p><p><br></p><p><br></p></div>  \n        <div class=\"article-page\"></div>\n    <div id=\"m2odatamap\" data-id=\"72098\" data-rid=\"165881\" data-appuniqueid=\"news\" data-moduleuniqueid=\"news\" data-columnid=\"417\"></div>\n    <input type=\"hidden\" id=\"cmid\" name=\"cmid\" value=\"165881\">\n</div>\n<div class=\"share fr bdsharebuttonbox bdshare-button-style0-32\" data-bd-bind=\"1509442607346\">\n    <span style=\"float: left;line-height: 40px;padding-right: 20px;color: #999999;\">分享到:</span>\n    <a href=\"#\" class=\"bds_more\" data-cmd=\"more\"></a>\n    <a href=\"#\" class=\"bds_weixin1\" data-cmd=\"weixin\" title=\"分享到微信\"></a>\n    <a href=\"#\" class=\"bds_tsina1\" data-cmd=\"tsina\" title=\"分享到新浪微博\"></a>\n    <a href=\"#\" class=\"bds_sqq1\" data-cmd=\"sqq\" title=\"分享到QQ好友\"></a>      \n</div>\t\t\t\t</div>\n\t\t\t\t<!--相关阅读-->\n\t\t\t\t<div class=\"xgyd\">\n\t\t\t\t\t<div class=\"xgyd-tit\">\n\t\t\t\t\t\t<div class=\"cell_1990_\">\n    相关阅读</div>\n\t\t\t\t\t</div>\n\t\t\t\t\t<div class=\"xgyd-list\">\n\t\t\t\t\t\t<ul class=\"cell_1991_\">\n\t        \t\t<li>\n\t\t\t<a href=\"https://www.gsqytv.com.cn/folder384/news/folder378/2020-07-20/245106.html\" target=\"_blank\" title=\"新时代学习工作室 图解：关于开放型世界经济 习近平这些话掷地有声\">新时代学习工作室 图解：关于开放型世界经济 习近平这些话掷地有</a><span class=\"publish-time\">2020-07-20</span>\t\t\t\t\n\t\t</li>\n\t        \t\t<li>\n\t\t\t<a href=\"https://www.gsqytv.com.cn/folder2/folder354/folder361/folder364/2020-07-20/245105.html\" target=\"_blank\" title=\"新时代学习工作室 图解：关于开放型世界经济 习近平这些话掷地有声\">新时代学习工作室 图解：关于开放型世界经济 习近平这些话掷地有</a><span class=\"publish-time\">2020-07-20</span>\t\t\t\t\n\t\t</li>\n\t        \t\t<li>\n\t\t\t<a href=\"https://www.gsqytv.com.cn/folder384/news/folder378/2020-07-20/245104.html\" target=\"_blank\" title=\"首都再战“疫”，难忘40天\">首都再战“疫”，难忘40天</a><span class=\"publish-time\">2020-07-20</span>\t\t\t\t\n\t\t</li>\n\t        \t\t<li>\n\t\t\t<a href=\"https://www.gsqytv.com.cn/folder2/folder354/folder361/folder364/2020-07-20/245103.html\" target=\"_blank\" title=\"首都再战“疫”，难忘40天\">首都再战“疫”，难忘40天</a><span class=\"publish-time\">2020-07-20</span>\t\t\t\t\n\t\t</li>\n\t        \t\t<li>\n\t\t\t<a href=\"http://xgs.gansudaily.com.cn/pages/h5/zhibo/1286a2f9cc9640779f124f50fcccfe42.html\" target=\"_blank\" title=\"【直播预告】大型系列纪录片《甘肃扶贫进行时》第三集：产业扶贫\">【直播预告】大型系列纪录片《甘肃扶贫进行时》第三集：产业扶贫</a><span class=\"publish-time\">2020-07-20</span>\t\t\t\t\n\t\t</li>\n\t        \t\t<li>\n\t\t\t<a href=\"http://xgs.gansudaily.com.cn/pages/h5/zhibo/1286a2f9cc9640779f124f50fcccfe42.html\" target=\"_blank\" title=\"【直播预告】大型系列纪录片《甘肃扶贫进行时》第三集：产业扶贫\">【直播预告】大型系列纪录片《甘肃扶贫进行时》第三集：产业扶贫</a><span class=\"publish-time\">2020-07-20</span>\t\t\t\t\n\t\t</li>\n\t</ul>\n\t\t\t\t\t</div>\n\t\t\t\t</div>\t\t\t\n\t\t\t\t<!--网友评论-->\n\t\t\t\t<div class=\"comment mt30\">\n\t\t\t\t\t<div class=\"comment-tit\">\n\t\t\t\t\t\t<script type=\"text/javascript\" src=\"https://www.gsqytv.com.cn/t/jscell/d5/1_8_417_3_21992.php\"></script><div class=\"comments\">    <form onsubmit=\"return commentAdd(this);\" method=\"post\" action=\"/m2o/comment/comment_create.php\">\t\t<div class=\"cmt-header clearfix\"><h3 class=\"fl\">网友评论</h3></div>\t\t<div class=\"clearfix cmt-content\"><textarea name=\"content\" class=\"textarea\" onfocus=\"if(this.innerHTML=='文明上网理性发言，请遵守新闻评论服务协议'){this.innerHTML=''}\" onblur=\"if(this.innerHTML==''){this.innerHTML='文明上网理性发言，请遵守新闻评论服务协议'}\">文明上网理性发言，请遵守新闻评论服务协议</textarea>\t\t<div class=\"cmt-info\"></div>\t\t</div>\t\t<div class=\"clearfix cmt-action\">\t\t\t<div class=\"fl cmt-author m2o-user-success\"><a href=\"gsqytv.com.cn/login/?reffer=//www.gsqytv.com.cn/t/jscell/d5/1_8_417_3_21992.php\">登陆</a>(请登录发言，并遵守<a href=\"#\">相关规定</a>)</div>\t\t\t<input type=\"submit\" name=\"submit\" class=\"fr submit\" value=\"提交\">\t\t</div>\t\t<input type=\"hidden\" id=\"cmid\" name=\"cmid\" value=\"\">\t\t\t<input type=\"hidden\" name=\"app_uniqueid\" id=\"app_uniqueid\" value=\"news\">        <input type=\"hidden\" name=\"mod_uniqueid\" id=\"mod_uniqueid\" value=\"news\">\t\t<input type=\"hidden\" name=\"content_id\" id=\"content_id\" value=\"72098\">        <input type=\"hidden\" name=\"app_login\" value=\"yes\">\t</form>\t</div>\n\t\t\t\t\t</div>\n\t\t\t\t\t<div class=\"comment-list\">\n\t\t\t\t\t\t<div class=\"cell_1993_\">\n    <div class=\"comments_list\">\n        <div id=\"cmtlist\"></div>\n        <button type=\"submit\" id=\"cmtload\" name=\"submit\" data-loading=\"loading\" class=\"loading\">加载更多&gt;&gt;</button>\n    </div>\n</div>\n\t\t\t\t\t</div>\n\t\t\t\t</div>\n\t\t\t</div>\n\t\t\t<div class=\"right fl w300\">\n\t\t\t\t<!--排行榜-->\n\t\t\t\t<div class=\"phb\">\n\t\t\t\t\t<div class=\"phb-tit\">\n\t\t\t\t\t\t<div class=\"cell_1994_\">\n    排行榜</div>\n\t\t\t\t\t</div>\n\t\t\t\t\t<div class=\"phb-list\">\n\t\t\t\t\t\t<ul class=\"cell_1995_ clearfix\">    \t\t\t\t<li>\n\t\t\t\t<a target=\"_self\" href=\"https://www.gsqytv.com.cn/folder384/news/folder378/2020-07-20/245106.html\" title=\"新时代学习工作室 图解：关于开放型世界经济 习近平这些话掷地有声\" style=\"color:#000;\">新时代学习工作室 图解：关于开放型世</a>\t\t\t\t\n\t\t\t</li>\n\t\t\t\t\t<li>\n\t\t\t\t<a target=\"_self\" href=\"https://www.gsqytv.com.cn/folder384/news/folder378/2020-07-20/245104.html\" title=\"首都再战“疫”，难忘40天\" style=\"color:#000;\">首都再战“疫”，难忘40天</a>\t\t\t\t\n\t\t\t</li>\n\t\t\t\t\t<li>\n\t\t\t\t<a target=\"_self\" href=\"https://www.gsqytv.com.cn/folder384/news/folder378/2020-07-20/245097.html\" title=\"【每日一习话】全面建成小康社会 一个也不能少\" style=\"color:#000;\">【每日一习话】全面建成小康社会 一个</a>\t\t\t\t\n\t\t\t</li>\n\t\t\t\t\t<li>\n\t\t\t\t<a target=\"_self\" href=\"https://www.gsqytv.com.cn/folder384/news/folder378/2020-07-20/245060.html\" title=\"中国人权研究会专家学者等在联合国人权理事会发言—— 分享中国经验，推动世界人权更好发展\" style=\"color:#000;\">中国人权研究会专家学者等在联合国人权</a>\t\t\t\t\n\t\t\t</li>\n\t\t\t\t\t<li>\n\t\t\t\t<a target=\"_self\" href=\"https://www.gsqytv.com.cn/folder384/news/folder378/2020-07-20/245043.html\" title=\"“长大后，我就成了你”\" style=\"color:#000;\">“长大后，我就成了你”</a>\t\t\t\t\n\t\t\t</li>\n\t\t\t\t\t<li>\n\t\t\t\t<a target=\"_self\" href=\"https://www.gsqytv.com.cn/folder384/news/folder93/2020-07-19/244985.html\" title=\"武警某部队官兵看望慰问镇原“最美军嫂”朱红红\">武警某部队官兵看望慰问镇原“最美军嫂</a>\t\t\t\t\n\t\t\t</li>\n\t\t\t\t\t<li>\n\t\t\t\t<a target=\"_self\" href=\"https://www.gsqytv.com.cn/folder384/news/folder93/2020-07-19/244978.html\" title=\"庆城县开展全警实战大练兵队列礼仪专项训练\">庆城县开展全警实战大练兵队列礼仪专项</a>\t\t\t\t\n\t\t\t</li>\n\t\t\t\t\t<li>\n\t\t\t\t<a target=\"_self\" href=\"https://www.gsqytv.com.cn/folder384/news/folder93/2020-07-19/244971.html\" title=\"镇原县所有乡镇实现固定电话程控化管理\">镇原县所有乡镇实现固定电话程控化管理</a>\t\t\t\t\n\t\t\t</li>\n\t\t\t\t\t<li>\n\t\t\t\t<a target=\"_self\" href=\"https://www.gsqytv.com.cn/folder384/news/folder93/2020-07-19/244964.html\" title=\"上半年合水县查处各类交通违法行为12973起\">上半年合水县查处各类交通违法行为1297</a>\t\t\t\t\n\t\t\t</li>\n\t\t\t\t\t<li>\n\t\t\t\t<a target=\"_self\" href=\"https://www.gsqytv.com.cn/folder384/news/folder93/2020-07-19/244957.html\" title=\"中央财政提前下达2020年度镇原县天保工程补偿资金605万元\">中央财政提前下达2020年度镇原县天保工</a>\t\t\t\t\n\t\t\t</li>\n\t\t</ul>\n\t\t\t\t\t</div>\n\t\t\t\t</div>\n\t\t\t\t<!--图片新闻-->\n\t\t\t\t<div class=\"tpxw\">\n\t\t\t\t\t<div class=\"tpxw-tit\">\n\t\t\t\t\t\t<div class=\"cell_1996_\">\n    图片新闻</div>\n\t\t\t\t\t</div>\n\t\t\t\t\t<div class=\"tpxw-list\">\n\t\t\t\t\t\t<div class=\"cell_1997_\">\n<ul class=\"clearfix\">    \n\t\t\t\t\n            \t\t\t<li>\n\t\t\t\t<a href=\"https://www.gsqytv.com.cn/folder384/news/folder378/2020-07-20/245106.html\" target=\"_self\" title=\"新时代学习工作室 图解：关于开放型世界经济 习近平这些话掷地有声\"><img alt=\"新时代学习工作室 图解：关于开放型世界经济 习近平这些话掷地有声\" src=\"http://img.gsqytv.com.cn/material/news/img/140x80/2020/07/20200720153305zUhg.png\"></a>\n\t\t\t\t<p><a href=\"https://www.gsqytv.com.cn/folder384/news/folder378/2020-07-20/245106.html\" target=\"_self\" title=\"新时代学习工作室 图解：关于开放型世界经济 习近平这些话掷地有声\">新时代学习工作室 </a></p>\n                <!--<p class=\"publish-time\">1595230380</p>-->\n\t\t\t</li>\t\n\t\t\t\t\n            \t\t\t<li>\n\t\t\t\t<a href=\"https://www.gsqytv.com.cn/folder384/news/folder378/2020-07-20/245104.html\" target=\"_self\" title=\"首都再战“疫”，难忘40天\"><img alt=\"首都再战“疫”，难忘40天\" src=\"http://img.gsqytv.com.cn/material/news/img/140x80/2020/07/20200720150458Mab5.jpg\"></a>\n\t\t\t\t<p><a href=\"https://www.gsqytv.com.cn/folder384/news/folder378/2020-07-20/245104.html\" target=\"_self\" title=\"首都再战“疫”，难忘40天\">首都再战“疫”，难</a></p>\n                <!--<p class=\"publish-time\">1595228340</p>-->\n\t\t\t</li>\t\n\t\t\t\t\n            \t\t\t<li>\n\t\t\t\t<a href=\"https://www.gsqytv.com.cn/folder384/news/folder378/2020-07-20/245097.html\" target=\"_self\" title=\"【每日一习话】全面建成小康社会 一个也不能少\"><img alt=\"【每日一习话】全面建成小康社会 一个也不能少\" src=\"http://img.gsqytv.com.cn/material/news/img/140x80/2020/07/20200720145515JPDd.jpg\"></a>\n\t\t\t\t<p><a href=\"https://www.gsqytv.com.cn/folder384/news/folder378/2020-07-20/245097.html\" target=\"_self\" title=\"【每日一习话】全面建成小康社会 一个也不能少\">【每日一习话】全面</a></p>\n                <!--<p class=\"publish-time\">1595226960</p>-->\n\t\t\t</li>\t\n\t\t\t\t\n            \t\t\t<li>\n\t\t\t\t<a href=\"https://www.gsqytv.com.cn/folder384/news/folder378/2020-07-20/245060.html\" target=\"_self\" title=\"中国人权研究会专家学者等在联合国人权理事会发言—— 分享中国经验，推动世界人权更好发展\"><img alt=\"中国人权研究会专家学者等在联合国人权理事会发言—— 分享中国经验，推动世界人权更好发展\" src=\"http://img.gsqytv.com.cn/material/news/img/140x80/2020/07/20200720091726QUB2.jpg\"></a>\n\t\t\t\t<p><a href=\"https://www.gsqytv.com.cn/folder384/news/folder378/2020-07-20/245060.html\" target=\"_self\" title=\"中国人权研究会专家学者等在联合国人权理事会发言—— 分享中国经验，推动世界人权更好发展\">中国人权研究会专家</a></p>\n                <!--<p class=\"publish-time\">1595207820</p>-->\n\t\t\t</li>\t\n\t\t\t\t\n            \t\t\t<li>\n\t\t\t\t<a href=\"https://www.gsqytv.com.cn/folder384/news/folder378/2020-07-20/245043.html\" target=\"_self\" title=\"“长大后，我就成了你”\"><img alt=\"“长大后，我就成了你”\" src=\"http://img.gsqytv.com.cn/material/news/img/140x80/2020/07/20200720090738RdKa.jpg\"></a>\n\t\t\t\t<p><a href=\"https://www.gsqytv.com.cn/folder384/news/folder378/2020-07-20/245043.html\" target=\"_self\" title=\"“长大后，我就成了你”\">“长大后，我就成了</a></p>\n                <!--<p class=\"publish-time\">1595207264</p>-->\n\t\t\t</li>\t\n\t\t\t\t\n\t\t</ul>\n        </div>\n\t\t\t\t\t</div>\n\t\t\t\t</div>\n\t\t\t\t<!--视频新闻-->\n\t\t\t\t<div class=\"spxw\">\n\t\t\t\t\t<div class=\"spxw-tit\">\n\t\t\t\t\t\t<div class=\"cell_1998_\">\n    视频新闻</div>\n\t\t\t\t\t</div>\n\t\t\t\t\t<div class=\"spxw-list\">\n\t\t\t\t\t\t<div class=\"cell_1999_\">\n<ul class=\"clearfix\">    \n\t\t\t\t\n            \t\t\t<li>\n\t\t\t\t<a href=\"https://www.gsqytv.com.cn/folder384/news/folder93/2020-07-19/244985.html\" target=\"_self\" title=\"武警某部队官兵看望慰问镇原“最美军嫂”朱红红\"><img alt=\"武警某部队官兵看望慰问镇原“最美军嫂”朱红红\" src=\"http://img.gsqytv.com.cn/material/video_split/img/300x169/2020/07/dea9bdb471dc9e853b38e8a3b61d39c0.png\"><span class=\"vid-play-icon\"></span></a>\n\t\t\t\t<p><a href=\"https://www.gsqytv.com.cn/folder384/news/folder93/2020-07-19/244985.html\" target=\"_self\" title=\"武警某部队官兵看望慰问镇原“最美军嫂”朱红红\">武警某部队官兵看望</a></p>\n                <!--<p class=\"publish-time\">1595163927</p>-->\n\t\t\t</li>\t\n\t\t\t\t\n\t\t</ul>\n        </div>\n\t\t\t\t\t\t<div class=\"cell_2106_\">\n<ul class=\"clearfix\">    \n\t\t\t\t\n            \t\t\t<li>\n\t\t\t\t<a href=\"https://www.gsqytv.com.cn/folder384/news/folder93/2020-07-19/244985.html\" target=\"_self\" title=\"武警某部队官兵看望慰问镇原“最美军嫂”朱红红\"><img alt=\"武警某部队官兵看望慰问镇原“最美军嫂”朱红红\" src=\"http://img.gsqytv.com.cn/material/video_split/img/140x79/2020/07/dea9bdb471dc9e853b38e8a3b61d39c0.png\"><span class=\"vid-play-icon\"></span></a>\n\t\t\t\t<p><a href=\"https://www.gsqytv.com.cn/folder384/news/folder93/2020-07-19/244985.html\" target=\"_self\" title=\"武警某部队官兵看望慰问镇原“最美军嫂”朱红红\">武警某部队官兵看望</a></p>\n                <!--<p class=\"publish-time\">1595163927</p>-->\n\t\t\t</li>\t\n\t\t\t\t\n            \t\t\t<li>\n\t\t\t\t<a href=\"https://www.gsqytv.com.cn/folder384/news/folder93/2020-07-19/244978.html\" target=\"_self\" title=\"庆城县开展全警实战大练兵队列礼仪专项训练\"><img alt=\"庆城县开展全警实战大练兵队列礼仪专项训练\" src=\"http://img.gsqytv.com.cn/material/video_split/img/140x79/2020/07/555a580ddb8dcbd32f8078a21bfd4092.png\"><span class=\"vid-play-icon\"></span></a>\n\t\t\t\t<p><a href=\"https://www.gsqytv.com.cn/folder384/news/folder93/2020-07-19/244978.html\" target=\"_self\" title=\"庆城县开展全警实战大练兵队列礼仪专项训练\">庆城县开展全警实战</a></p>\n                <!--<p class=\"publish-time\">1595163900</p>-->\n\t\t\t</li>\t\n\t\t\t\t\n            \t\t\t<li>\n\t\t\t\t<a href=\"https://www.gsqytv.com.cn/folder384/news/folder93/2020-07-19/244971.html\" target=\"_self\" title=\"镇原县所有乡镇实现固定电话程控化管理\"><img alt=\"镇原县所有乡镇实现固定电话程控化管理\" src=\"http://img.gsqytv.com.cn/material/video_split/img/140x79/2020/07/e463fe170fee2de5b5a6a10ffb8373a7.png\"><span class=\"vid-play-icon\"></span></a>\n\t\t\t\t<p><a href=\"https://www.gsqytv.com.cn/folder384/news/folder93/2020-07-19/244971.html\" target=\"_self\" title=\"镇原县所有乡镇实现固定电话程控化管理\">镇原县所有乡镇实现</a></p>\n                <!--<p class=\"publish-time\">1595163900</p>-->\n\t\t\t</li>\t\n\t\t\t\t\n            \t\t\t<li>\n\t\t\t\t<a href=\"https://www.gsqytv.com.cn/folder384/news/folder93/2020-07-19/244964.html\" target=\"_self\" title=\"上半年合水县查处各类交通违法行为12973起\"><img alt=\"上半年合水县查处各类交通违法行为12973起\" src=\"http://img.gsqytv.com.cn/material/video_split/img/140x79/2020/07/83d9e05bd2572b2bda6e94e946f41327.png\"><span class=\"vid-play-icon\"></span></a>\n\t\t\t\t<p><a href=\"https://www.gsqytv.com.cn/folder384/news/folder93/2020-07-19/244964.html\" target=\"_self\" title=\"上半年合水县查处各类交通违法行为12973起\">上半年合水县查处各</a></p>\n                <!--<p class=\"publish-time\">1595163900</p>-->\n\t\t\t</li>\t\n\t\t\t\t\n            \t\t\t<li>\n\t\t\t\t<a href=\"https://www.gsqytv.com.cn/folder384/news/folder93/2020-07-19/244957.html\" target=\"_self\" title=\"中央财政提前下达2020年度镇原县天保工程补偿资金605万元\"><img alt=\"中央财政提前下达2020年度镇原县天保工程补偿资金605万元\" src=\"http://img.gsqytv.com.cn/material/video_split/img/140x79/2020/07/acb95540d571b177951a5acf83853f9c.png\"><span class=\"vid-play-icon\"></span></a>\n\t\t\t\t<p><a href=\"https://www.gsqytv.com.cn/folder384/news/folder93/2020-07-19/244957.html\" target=\"_self\" title=\"中央财政提前下达2020年度镇原县天保工程补偿资金605万元\">中央财政提前下达20</a></p>\n                <!--<p class=\"publish-time\">1595163900</p>-->\n\t\t\t</li>\t\n\t\t\t\t\n            \t\t\t<li>\n\t\t\t\t<a href=\"https://www.gsqytv.com.cn/folder384/news/folder93/2020-07-19/244950.html\" target=\"_self\" title=\"环县上半年归集住房公积金1.03亿元\"><img alt=\"环县上半年归集住房公积金1.03亿元\" src=\"http://img.gsqytv.com.cn/material/video_split/img/140x79/2020/07/c44285118f13b256352115d96453b26b.png\"><span class=\"vid-play-icon\"></span></a>\n\t\t\t\t<p><a href=\"https://www.gsqytv.com.cn/folder384/news/folder93/2020-07-19/244950.html\" target=\"_self\" title=\"环县上半年归集住房公积金1.03亿元\">环县上半年归集住房</a></p>\n                <!--<p class=\"publish-time\">1595163900</p>-->\n\t\t\t</li>\t\n\t\t\t\t\n\t\t</ul>\n        </div>\n\t\t\t\t\t</div>\n\t\t\t\t</div>\n\t\t\t\t<div class=\"pic\">\n\t\t\t\t\t<div hg_adbox=\"37\" id=\"ad_37\" class=\"adcss\"><img src=\"http://img.gsqytv.com.cn/material/adv/img/2018/04/9e65919838ba438bec0fa74cd28effb7.jpg\" alt=\"文稿-时光画轴\"></div>    \n\t\t\t\t</div>\n\t\t\t</div>\n\t\t</div>\n\t\t<div class=\"clear\"></div>\n\t\t<!--底部版权-->\n\t\t<div class=\"mt35\">\n\t\t\t\n<footer>\n    <div class=\"infoLink\" style=\"display:none;\">\n        <a href=\"\">网站简介</a>\n        <span>  |  </span>\n        <a href=\"\">网站律师</a>\n        <span>  |  </span>\n        <a href=\"\">版权声明</a>\n        <span>  |  </span>\n        <a href=\"\">广告刊登</a>\n        <span>  |  </span>\n        <a href=\"\">技术支持</a>\n        <span>  |  </span>\n        <a href=\"\">联系我们</a>\n    </div>\n    <div class=\"copyright\" style=\"padding-top: 20px;\">\n        <p>\n            版权所有：庆阳广播电视台  <br><span><img src=\"https://www.gsqytv.com.cn/t/1/4/images/414.png\">甘公网安备62100002000119号</span><br>备案序号：陇ICP备14000092号-1<br>信息网络传播视听节目许可证：AVSP甘备2014001\n        </p>\n        <p>\n            杜绝虚假报道欢迎社会监督　违法和不良信息举报中心　文明办网文明上网举报电话：010-82558163\n        </p>\n        <p>\n            <a target=\"_blank\" href=\"http://www.gsqytv.com.cn/folder384/folder417/2019-07-29/165881.html\">隐私政策</a>\n        </p>\n        <p>\n            地址：甘肃省庆阳市西峰区解放西路35号 邮编：745000\n        </p>\n        <script type=\"text/javascript\">document.write(unescape(\"%3Cspan id='cnzz_stat_icon_1262283238'%3E%3C/span%3E%3Cscript src='https://s13.cnzz.com/z_stat.php%3Fid%3D1262283238%26show%3Dpic' type='text/javascript'%3E%3C/script%3E\"));</script><span id=\"cnzz_stat_icon_1262283238\"></span><script src=\"https://s13.cnzz.com/z_stat.php?id=1262283238&amp;show=pic\" type=\"text/javascript\"></script>\n    </div>\n    <img src=\"https://www.gsqytv.com.cn/t/icon/201906/20190607201933hD22.png\" alt=\"\" class=\"mt11\">\n</footer>\n\n\t\t</div>\n<script>\n$(\".nav ul li\").each(function(){\n\tvar navLiHref = $(this).find(\"a\").attr(\"href\");\n\tvar navLiTxt = $(this).find(\"a\").text();\n\t\n\tif( navLiHref == \"https://www.gsqytv.com.cn/folder2/folder3/folder251/\" && navLiTxt == \"直播\"){\n\t\t$(this).find(\"a\").text(\"云直播\");\n\t}\n});\n</script>\n\n\t<script id=\"tpl_commentlist\" type=\"text/x-jquery-tmpl\"> \n    <div class=\"pl-list clearfix\">\n        <img class=\"avatar\" src=\"{{if member_avatar}} {{= member_avatar}} {{else}} https://www.gsqytv.com.cn/t/icon/201804/20180403101538lxvF.png {{/if}}\" width=\"\" height=\"\">\n        <div class=\"itb-txt\">\n    \t\t<p class=\"itb-txt-p clearfix\">\n                <a href=\"#\" target=\"_self\" class=\"pl-title fl\">{{if member_id}} {{= username}} {{else}} 网友 {{/if}}</a>\n                <span class=\"fl pubtime\">{{= pub_time}}</span>\n            </p>\n\t\t\t<div class=\"pl-desc\">{{html content}}</div>\n\t\t</div>\n\t</div>\n</script>\n<script type=\"text/javascript\">$(\".cell_1983_\").submit(function(){\n    if($.trim($(this).find('input[name=search_text]').val())==\"\" || $.trim($(this).find('input[name=search_text]').val())==$(this).find('input[name=search_text]').get(0).defaultValue){\n\t\t$(this).find('input[name=search_text]').focus();\n\t\treturn false;\t\t\t\n\t}\n});\n/*m2o clicks count start*/\nvar jqm2oclick = $('#m2oclicks');\n$.ajax({\n    url : \"/m2o/click.php\",\n    data : {id  : jqm2oclick.data('id'),  app_uniqueid : jqm2oclick.data('app') ,  module_uniqueid: jqm2oclick.data('mod') ,column_id: jqm2oclick.data('column') , rec : 1},\n    timeout : 5000,\n    success : function(html){\n      var _htmlstart  = html.indexOf('>'),\n          _htmlend = html.indexOf('</');\n      jqm2oclick.html(html.substring( (_htmlstart+1), _htmlend));\n    }\n});\n/*m2o clicks count end*/\n\n\n/*contribute vod*/\nvar video_id = $('#'+ 'vid').val();\nif(video_id){\nvar parameters = {\n    width: \"510px\",\n    height: \"640px\",\n\tvideo: video_id,\n\tsideBarType:1,\n    extendParam: $('#'+ 'mcid').val(),\n\tautoPlay:0};\nswfobject.embedSWF(\n\t\"https://playerv1.hoge.cn/player.swf\",\n\t\"m2o_vodplayer\",\n\tparameters[\"width\"],\n\tparameters[\"height\"],\n\t\"10.1.0\",\n\t{},\n\tparameters,\n\t{ allowFullScreen: \"true\",bgcolor:\"#000000\",  allowscriptaccess : \"always\"}\n);\n\n//adapter page\nfunction is_weixn(){\n    var ua = navigator.userAgent.toLowerCase();\n    if(ua.match(/MicroMessenger/i)==\"micromessenger\") {\n        return true;\n    } else {\n        return false;\n}\n}\n//adapter page\nif ((/*'standalone' in navigator && !navigator.standalone && */(/iphone|ipod|ipad/gi).test(navigator.platform) /*&& (/Safari/i).test(navigator.appVersion)*/) || /Android|Windows Phone|webOS|BlackBerry/i.test(navigator.userAgent) || (is_weixn())){\n    var playerHtml5 = $(\"<video controls></video>\");\n\tplayerHtml5.attr({\n\t\tid: \"player-html5\",\n\t\tpreload: \"none\",\n\t\twidth: \"510\",\n\t\theight: \"640\",\n\t\tsrc: $(\"#m3u8\").val()\n\t});\t\t\t\t\n\t$(\"#playerDrag\").html(playerHtml5);\t\t\t\n}\n}\n$(function($){\n    var map = $('#m2odatamap');\n    if(typeof(map.data('rid')) != 'undefined'){\n        $('#cmid').val(map.data('rid'));\n        $('#app_uniqueid').val(map.data('appuniqueid'));\n        $('#mod_uniqueid').val(map.data('moduleuniqueid'));\n        $('#content_id').val(map.data('id'));\n    }\n});\n\n/*需要base.js支持*/\n$(document).ready(function(){\n    if ($('#cmtlist').length)\n    {\n        loadComment({\n            action : \"/m2o/comment/m2o.comment.php\"    \t\n    \t}, 1);\n    }\n});\n\n$(\"#cmtload\").bind(\"click\", function(){\n    var size = $(\"#cmtlist\").children().size();\n    loadComment({\n        action : \"/m2o/comment/m2o.comment.php\",\n        offset : size,\n        count : 10\n    });\n});\n\n\n\n\n$('.nav li').each(function(){\n    if($(this).find('a').html() == '新闻' || $(this).find('a').html() == '融媒' || $(this).find('a').html() == '直播'){\n        $(this).html($(this).find('a').html()).css('color','#fff');\n    }    \n});\n</script>\n<script src=\"https://stat.cloud.hoge.cn/js/webpv/?site_id=171\" language=\"javascript\"></script>\n\n<script type=\"text/javascript\" src=\"https://adv.gsqytv.com.cn/javascript.php?pid=0,37&amp;group=website&amp;colid=417\" async=\"\"></script></body></html>",
    "policy_text": "登录【链接地址为：https://sso.gsqytv.com.cn/index.php/?reffer=http%3A%2F%2Fwww.gsqytv.com.cn%2Ffolder384%2Ffolder417%2F2019-07-29%2F165881.html】注册【链接地址为：http://sso.gsqytv.com.cn/index.php/Register/zc?referer=http%3A%2F%2Fwww.gsqytv.com.cn%2Ffolder384%2Ffolder417%2F2019-07-29%2F165881.html】\n2023年3月6日 星期一\n庆阳\n晴转多云\n1℃~-7℃\n微信公众平台\n客户端下载\n新闻\n聚焦【链接地址为：https://www.gsqytv.com.cn/folder384/news/folder378/】\n快讯【链接地址为：https://www.gsqytv.com.cn/folder384/news/folder93/】\n时政【链接地址为：https://www.gsqytv.com.cn/folder384/news/folder26/】\n评论【链接地址为：https://www.gsqytv.com.cn/folder384/news/folder380/】\n融媒\n专题【链接地址为：https://www.gsqytv.com.cn/folder384/folder379/folder245/】\n县区【链接地址为：https://www.gsqytv.com.cn/folder384/folder379/folder58/】\n点播【链接地址为：https://www.gsqytv.com.cn/folder384/folder379/folder11/】\nV视【链接地址为：https://www.gsqytv.com.cn/folder384/folder379/folder173/】\n直播\n看电视【链接地址为：https://www.gsqytv.com.cn/folder384/folder96/folder97/】\n听广播【链接地址为：https://www.gsqytv.com.cn/folder384/folder96/folder98/】\n云直播【链接地址为：https://www.gsqytv.com.cn/folder384/folder96/folder385/】\n版权信息【链接地址为：https://www.gsqytv.com.cn/folder384/folder417/】\n当前位置:首页【链接地址为：http://www.gsqytv.com.cn】>\n\n看清网【链接地址为：https://www.gsqytv.com.cn/folder384/】>\n版权信息【链接地址为：https://www.gsqytv.com.cn/folder384/folder417/】\n隐私政策\n来源:编辑:2019-07-30\n查看数0评论0次\n本应用尊重并保护所有使用服务用户的个人隐私权。为了给您提供更准确、更有个性化的服务，本应用会按照本隐私权政策的规定使用和披露您的个人信息。但本应用将以高度的勤勉、审慎义务对待这些信息。除本隐私权政策另有规定外，在未征得您事先许可的情况下，本应用不会将这些信息对外披露或向第三方提供。本应用会不时更新本隐私权政策。 您在同意本应用服务使用协议之时，即视为您已经同意本隐私权政策全部内容。本隐私权政策属于本应用服务使用协议不可分割的一部分。\n1. 适用范围\n(a) 在您注册本应用帐号时，您根据本应用要求提供的个人注册信息；\n(b) 在您使用本应用网络服务，或访问本应用平台网页时，本应用自动接收并记录的您的浏览器和计算机上的信息，包括但不限于您的IP地址、浏览器的类型、使用的语言、访问日期和时间、软硬件特征信息及您需求的网页记录等数据；\n(c) 本应用通过合法途径从商业伙伴处取得的用户个人数据。\n您了解并同意，以下信息不适用本隐私权政策：\n(a) 您在使用本应用平台提供的搜索服务时输入的关键字信息；\n(b) 本应用收集到的您在本应用发布的有关信息数据，包括但不限于参与活动等信息及评价详情；\n(c) 违反法律规定或违反本应用规则行为及本应用已对您采取的措施。\n2. 信息使用\n(a)本应用不会向任何无关第三方提供、出售、出租、分享或交易您的个人信息，除非事先得到您的许可，或该第三方和本应用（含本应用关联公司）单独或共同为您提供服务，且在该服务结束后，其将被禁止访问包括其以前能够访问的所有这些资料。\n(b) 本应用亦不允许任何第三方以任何手段收集、编辑、出售或者无偿传播您的个人信息。任何本应用平台用户如从事上述活动，一经发现，本应用有权立即终止与该用户的服务协议。\n(c) 为服务用户的目的，本应用可能通过使用您的个人信息，向您提供您感兴趣的信息，包括但不限于向您发出产品和服务信息，或者与本应用合作伙伴共享信息以便他们向您发送有关其产品和服务的信息（后者需要您的事先同意）。\n3. 信息披露\n在如下情况下，本应用将依据您的个人意愿或法律的规定全部或部分的披露您的个人信息：\n(a) 经您事先同意，向第三方披露；\n(b)为提供您所要求的产品和服务，而必须和第三方分享您的个人信息；\n(c) 根据法律的有关规定，或者行政或司法机构的要求，向第三方或者行政、司法机构披露；\n(d) 如您出现违反中国有关法律、法规或者本应用服务协议或相关规则的情况，需要向第三方披露；\n(e) 如您是适格的知识产权投诉人并已提起投诉，应被投诉人要求，向被投诉人披露，以便双方处理可能的权利纠纷；\n(f) 其它本应用根据法律、法规或者网站政策认为合适的披露。\n4. 信息存储和交换\n本应用收集的有关您的信息和资料将保存在本应用及（或）其关联公司的服务器上，这些信息和资料可能传送至您所在国家、地区或本应用收集信息和资料所在地的境外并在境外被访问、存储和展示。\n5. 信息安全\n(a) 本应用帐号均有安全保护功能，请妥善保管您的用户名及密码信息。本应用将通过对用户密码进行加密等安全措施确保您的信息不丢失，不被滥用和变造。尽管有前述安全措施，但同时也请您注意在信息网络上不存在“完善的安全措施”。\n(b) 在使用本应用网络服务进行网上交易时，您不可避免的要向交易对方或潜在的交易对方披露自己的个人信息，如联络方式或者邮政地址。请您妥善保护自己的个人信息，仅在必要的情形下向他人提供。\n6.本隐私政策的更改\n(a)如果决定更改隐私政策，我们会在本政策中、本单位网站中以及我们认为适当的位置发布这些更改，以便您了解我们如何收集、使用您的个人信息，哪些人可以访问这些信息，以及在什么情况下我们会透露这些信息。\n(b)本公司保留随时修改本政策的权利，因此请经常查看。如对本政策作出重大更改，本公司会通过网站通知的形式告知。\n请您妥善保护自己的个人信息，仅在必要的情形下向他人提供。如您发现自己的个人信息泄密，尤其是本应用用户名及密码发生泄露，请您立即联络本应用客服，以便本应用采取相应措施。\n分享到:\n\n相关阅读\n新时代学习工作室 图解：关于开放型世界经济 习近平这些话掷地有【链接地址为：https://www.gsqytv.com.cn/folder384/news/folder378/2020-07-20/245106.html】2020-07-20\n新时代学习工作室 图解：关于开放型世界经济 习近平这些话掷地有【链接地址为：https://www.gsqytv.com.cn/folder2/folder354/folder361/folder364/2020-07-20/245105.html】2020-07-20\n首都再战“疫”，难忘40天【链接地址为：https://www.gsqytv.com.cn/folder384/news/folder378/2020-07-20/245104.html】2020-07-20\n首都再战“疫”，难忘40天【链接地址为：https://www.gsqytv.com.cn/folder2/folder354/folder361/folder364/2020-07-20/245103.html】2020-07-20\n【直播预告】大型系列纪录片《甘肃扶贫进行时》第三集：产业扶贫【链接地址为：http://xgs.gansudaily.com.cn/pages/h5/zhibo/1286a2f9cc9640779f124f50fcccfe42.html】2020-07-20\n【直播预告】大型系列纪录片《甘肃扶贫进行时》第三集：产业扶贫【链接地址为：http://xgs.gansudaily.com.cn/pages/h5/zhibo/1286a2f9cc9640779f124f50fcccfe42.html】2020-07-20\n\n\n网友评论\n\n文明上网理性发言，请遵守新闻评论服务协议\n\n\n\n登陆【链接地址为：gsqytv.com.cn/login/?reffer=//www.gsqytv.com.cn/t/jscell/d5/1_8_417_3_21992.php】(请登录发言，并遵守相关规定)\n\n\n\n加载更多>>\n排行榜\n\n新时代学习工作室 图解：关于开放型世【链接地址为：https://www.gsqytv.com.cn/folder384/news/folder378/2020-07-20/245106.html】\n首都再战“疫”，难忘40天【链接地址为：https://www.gsqytv.com.cn/folder384/news/folder378/2020-07-20/245104.html】\n【每日一习话】全面建成小康社会 一个【链接地址为：https://www.gsqytv.com.cn/folder384/news/folder378/2020-07-20/245097.html】\n中国人权研究会专家学者等在联合国人权【链接地址为：https://www.gsqytv.com.cn/folder384/news/folder378/2020-07-20/245060.html】\n“长大后，我就成了你”【链接地址为：https://www.gsqytv.com.cn/folder384/news/folder378/2020-07-20/245043.html】\n武警某部队官兵看望慰问镇原“最美军嫂【链接地址为：https://www.gsqytv.com.cn/folder384/news/folder93/2020-07-19/244985.html】\n庆城县开展全警实战大练兵队列礼仪专项【链接地址为：https://www.gsqytv.com.cn/folder384/news/folder93/2020-07-19/244978.html】\n镇原县所有乡镇实现固定电话程控化管理【链接地址为：https://www.gsqytv.com.cn/folder384/news/folder93/2020-07-19/244971.html】\n上半年合水县查处各类交通违法行为1297【链接地址为：https://www.gsqytv.com.cn/folder384/news/folder93/2020-07-19/244964.html】\n中央财政提前下达2020年度镇原县天保工【链接地址为：https://www.gsqytv.com.cn/folder384/news/folder93/2020-07-19/244957.html】\n图片新闻\n新时代学习工作室 【链接地址为：https://www.gsqytv.com.cn/folder384/news/folder378/2020-07-20/245106.html】\n首都再战“疫”，难【链接地址为：https://www.gsqytv.com.cn/folder384/news/folder378/2020-07-20/245104.html】\n【每日一习话】全面【链接地址为：https://www.gsqytv.com.cn/folder384/news/folder378/2020-07-20/245097.html】\n中国人权研究会专家【链接地址为：https://www.gsqytv.com.cn/folder384/news/folder378/2020-07-20/245060.html】\n“长大后，我就成了【链接地址为：https://www.gsqytv.com.cn/folder384/news/folder378/2020-07-20/245043.html】\n视频新闻\n武警某部队官兵看望【链接地址为：https://www.gsqytv.com.cn/folder384/news/folder93/2020-07-19/244985.html】\n武警某部队官兵看望【链接地址为：https://www.gsqytv.com.cn/folder384/news/folder93/2020-07-19/244985.html】\n庆城县开展全警实战【链接地址为：https://www.gsqytv.com.cn/folder384/news/folder93/2020-07-19/244978.html】\n镇原县所有乡镇实现【链接地址为：https://www.gsqytv.com.cn/folder384/news/folder93/2020-07-19/244971.html】\n上半年合水县查处各【链接地址为：https://www.gsqytv.com.cn/folder384/news/folder93/2020-07-19/244964.html】\n中央财政提前下达20【链接地址为：https://www.gsqytv.com.cn/folder384/news/folder93/2020-07-19/244957.html】\n环县上半年归集住房【链接地址为：https://www.gsqytv.com.cn/folder384/news/folder93/2020-07-19/244950.html】",
    "policy_html_source_code_clean": "隐私政策_版权信息_庆阳广播电视台\n<div><p>本应用尊重并保护所有使用服务用户的个人隐私权。为了给您提供更准确、更有个性化的服务，本应用会按照本隐私权政策的规定使用和披露您的个人信息。但本应用将以高度的勤勉、审慎义务对待这些信息。除本隐私权政策另有规定外，在未征得您事先许可的情况下，本应用不会将这些信息对外披露或向第三方提供。本应用会不时更新本隐私权政策。 您在同意本应用服务使用协议之时，即视为您已经同意本隐私权政策全部内容。本隐私权政策属于本应用服务使用协议不可分割的一部分。</p><p>1. 适用范围</p><p>(a) 在您注册本应用帐号时，您根据本应用要求提供的个人注册信息；</p><p>(b) 在您使用本应用网络服务，或访问本应用平台网页时，本应用自动接收并记录的您的浏览器和计算机上的信息，包括但不限于您的IP地址、浏览器的类型、使用的语言、访问日期和时间、软硬件特征信息及您需求的网页记录等数据；</p><p>(c) 本应用通过合法途径从商业伙伴处取得的用户个人数据。</p><p>您了解并同意，以下信息不适用本隐私权政策：</p><p>(a) 您在使用本应用平台提供的搜索服务时输入的关键字信息；</p><p>(b) 本应用收集到的您在本应用发布的有关信息数据，包括但不限于参与活动等信息及评价详情；</p><p>(c) 违反法律规定或违反本应用规则行为及本应用已对您采取的措施。</p><p>2. 信息使用</p><p>(a)本应用不会向任何无关第三方提供、出售、出租、分享或交易您的个人信息，除非事先得到您的许可，或该第三方和本应用（含本应用关联公司）单独或共同为您提供服务，且在该服务结束后，其将被禁止访问包括其以前能够访问的所有这些资料。</p><p>(b) 本应用亦不允许任何第三方以任何手段收集、编辑、出售或者无偿传播您的个人信息。任何本应用平台用户如从事上述活动，一经发现，本应用有权立即终止与该用户的服务协议。</p><p>(c) 为服务用户的目的，本应用可能通过使用您的个人信息，向您提供您感兴趣的信息，包括但不限于向您发出产品和服务信息，或者与本应用合作伙伴共享信息以便他们向您发送有关其产品和服务的信息（后者需要您的事先同意）。</p><p>3. 信息披露</p><p>在如下情况下，本应用将依据您的个人意愿或法律的规定全部或部分的披露您的个人信息：</p><p>(a) 经您事先同意，向第三方披露；</p><p>(b)为提供您所要求的产品和服务，而必须和第三方分享您的个人信息；</p><p>(c) 根据法律的有关规定，或者行政或司法机构的要求，向第三方或者行政、司法机构披露；</p><p>(d) 如您出现违反中国有关法律、法规或者本应用服务协议或相关规则的情况，需要向第三方披露；</p><p>(e) 如您是适格的知识产权投诉人并已提起投诉，应被投诉人要求，向被投诉人披露，以便双方处理可能的权利纠纷；</p><p>(f) <span>其它本应用根据法律、法规或者网站政策认为合适的披露。</span></p><p>4. 信息存储和交换</p><p>本应用收集的有关您的信息和资料将保存在本应用及（或）其关联公司的服务器上，这些信息和资料可能传送至您所在国家、地区或本应用收集信息和资料所在地的境外并在境外被访问、存储和展示。</p><p>5. 信息安全</p><p>(a) 本应用帐号均有安全保护功能，请妥善保管您的用户名及密码信息。本应用将通过对用户密码进行加密等安全措施确保您的信息不丢失，不被滥用和变造。尽管有前述安全措施，但同时也请您注意在信息网络上不存在“完善的安全措施”。</p><p>(b) 在使用本应用网络服务进行网上交易时，您不可避免的要向交易对方或潜在的交易对方披露自己的个人信息，如联络方式或者邮政地址。请您妥善保护自己的个人信息，仅在必要的情形下向他人提供。</p><p>6.本隐私政策的更改</p><p>(a)如果决定更改隐私政策，我们会在本政策中、本单位网站中以及我们认为适当的位置发布这些更改，以便您了解我们如何收集、使用您的个人信息，哪些人可以访问这些信息，以及在什么情况下我们会透露这些信息。</p><p>(b)本公司保留随时修改本政策的权利，因此请经常查看。如对本政策作出重大更改，本公司会通过网站通知的形式告知。</p><p>请您妥善保护自己的个人信息，仅在必要的情形下向他人提供。如您发现自己的个人信息泄密，尤其是本应用用户名及密码发生泄露，请您立即联络本应用客服，以便本应用采取相应措施。</p><p><br/></p><p><br/></p></div>",
    "policy_text_clean": "隐私政策_版权信息_庆阳广播电视台\n本应用尊重并保护所有使用服务用户的个人隐私权。为了给您提供更准确、更有个性化的服务，本应用会按照本隐私权政策的规定使用和披露您的个人信息。但本应用将以高度的勤勉、审慎义务对待这些信息。除本隐私权政策另有规定外，在未征得您事先许可的情况下，本应用不会将这些信息对外披露或向第三方提供。本应用会不时更新本隐私权政策。 您在同意本应用服务使用协议之时，即视为您已经同意本隐私权政策全部内容。本隐私权政策属于本应用服务使用协议不可分割的一部分。\n1. 适用范围\n(a) 在您注册本应用帐号时，您根据本应用要求提供的个人注册信息；\n(b) 在您使用本应用网络服务，或访问本应用平台网页时，本应用自动接收并记录的您的浏览器和计算机上的信息，包括但不限于您的IP地址、浏览器的类型、使用的语言、访问日期和时间、软硬件特征信息及您需求的网页记录等数据；\n(c) 本应用通过合法途径从商业伙伴处取得的用户个人数据。\n您了解并同意，以下信息不适用本隐私权政策：\n(a) 您在使用本应用平台提供的搜索服务时输入的关键字信息；\n(b) 本应用收集到的您在本应用发布的有关信息数据，包括但不限于参与活动等信息及评价详情；\n(c) 违反法律规定或违反本应用规则行为及本应用已对您采取的措施。\n2. 信息使用\n(a)本应用不会向任何无关第三方提供、出售、出租、分享或交易您的个人信息，除非事先得到您的许可，或该第三方和本应用（含本应用关联公司）单独或共同为您提供服务，且在该服务结束后，其将被禁止访问包括其以前能够访问的所有这些资料。\n(b) 本应用亦不允许任何第三方以任何手段收集、编辑、出售或者无偿传播您的个人信息。任何本应用平台用户如从事上述活动，一经发现，本应用有权立即终止与该用户的服务协议。\n(c) 为服务用户的目的，本应用可能通过使用您的个人信息，向您提供您感兴趣的信息，包括但不限于向您发出产品和服务信息，或者与本应用合作伙伴共享信息以便他们向您发送有关其产品和服务的信息（后者需要您的事先同意）。\n3. 信息披露\n在如下情况下，本应用将依据您的个人意愿或法律的规定全部或部分的披露您的个人信息：\n(a) 经您事先同意，向第三方披露；\n(b)为提供您所要求的产品和服务，而必须和第三方分享您的个人信息；\n(c) 根据法律的有关规定，或者行政或司法机构的要求，向第三方或者行政、司法机构披露；\n(d) 如您出现违反中国有关法律、法规或者本应用服务协议或相关规则的情况，需要向第三方披露；\n(e) 如您是适格的知识产权投诉人并已提起投诉，应被投诉人要求，向被投诉人披露，以便双方处理可能的权利纠纷；\n(f) 其它本应用根据法律、法规或者网站政策认为合适的披露。\n4. 信息存储和交换\n本应用收集的有关您的信息和资料将保存在本应用及（或）其关联公司的服务器上，这些信息和资料可能传送至您所在国家、地区或本应用收集信息和资料所在地的境外并在境外被访问、存储和展示。\n5. 信息安全\n(a) 本应用帐号均有安全保护功能，请妥善保管您的用户名及密码信息。本应用将通过对用户密码进行加密等安全措施确保您的信息不丢失，不被滥用和变造。尽管有前述安全措施，但同时也请您注意在信息网络上不存在“完善的安全措施”。\n(b) 在使用本应用网络服务进行网上交易时，您不可避免的要向交易对方或潜在的交易对方披露自己的个人信息，如联络方式或者邮政地址。请您妥善保护自己的个人信息，仅在必要的情形下向他人提供。\n6.本隐私政策的更改\n(a)如果决定更改隐私政策，我们会在本政策中、本单位网站中以及我们认为适当的位置发布这些更改，以便您了解我们如何收集、使用您的个人信息，哪些人可以访问这些信息，以及在什么情况下我们会透露这些信息。\n(b)本公司保留随时修改本政策的权利，因此请经常查看。如对本政策作出重大更改，本公司会通过网站通知的形式告知。\n请您妥善保护自己的个人信息，仅在必要的情形下向他人提供。如您发现自己的个人信息泄密，尤其是本应用用户名及密码发生泄露，请您立即联络本应用客服，以便本应用采取相应措施。"
}