{
    "app_id": "C100968705",
    "app_name": "礼尚机场贵宾",
    "app_version": "2.0.12",
    "app_download_num_description": "<1 万次安装",
    "app_package_name": "com.app.capitalvip",
    "app_score": 0.0,
    "app_package_size": "4.9 MB",
    "app_package_size_precise": 5127893,
    "app_icon_url": "https://appimg.dbankcdn.com/application/icon144/925c6ae181b04a13a428bf348460ea2e.png",
    "app_developer": "首都空港贵宾服务管理有限公司",
    "app_update_time": "2022-05-09",
    "app_update_description": "【活动】818营销活动上新，新老客户尽享多种优惠活动\n【更新】上线在线支付功能\n【优化】修复若干漏洞，并对性能进行优化提升",
    "app_description": "【贵宾服务，尊享旅程】作为中国服务的典范，全球贵宾服务行业的标杆，我们秉承“至诚服务，至尊体验”的服务理念，通过整合全球贵宾服务资源，为您提供从降落至起飞，旅途中全程或任一阶段的定制服务。\n【一站式机场服务新体验】贵宾公司在首都机场集团旗下各机场拥有10万平方米的专属服务区域和独立服务流程，其中在首都机场拥有4万平方米的专属服务区域和独立服务流程。我们致力于为高端航空旅客提供最为便捷、尊贵、舒适的服务体验，包括：代办乘机手续、专属停车场、专属休息厅、专属过检通道、专属机下摆渡、机场全程陪伴和酒店接送等。同时，我们也为首都机场提供“机场大使”问询服务，为机场贵宾同行提供管理咨询和管理输出，并承接社会大型活动礼仪服务等",
    "app_policy_url": "https://app.airvip.net/RichHtmlByCode/隐私政策",
    "app_listed_permission": "1.完全的网络访问权限\n2.修改或删除存储卡中的内容\n3.查看 Wi-Fi 连接\n4.访问大致位置信息（使用网络进行定位）\n5.访问确切位置信息（使用 GPS 和网络进行定位）\n6.拨打电话\n7.相机\n8.更改网络连接性\n9.连接 Wi-Fi 或断开连接\n10.查找设备上的帐户\n11.读取联系人\n12.读取通话状态和移动网络信息\n13.开机启动\n14.录制音频\n15.显示在其他应用上面\n16.使用指纹硬件\n17.新建/修改/删除联系人\n18.读取存储卡中的内容",
    "app_listed_permission_description": "1.允许该应用创建网络套接字和使用自定义网络协议。浏览器和其他某些应用提供了向互联网发送数据的途径，因此应用无需该权限即可向互联网发送数据。\n2.允许应用修改或删除存储卡上的照片、媒体内容和文件。\n3.允许该应用查看 Wi-Fi 网络的相关信息，例如是否开启 Wi-Fi 及已连接的 Wi-Fi 设备名称。\n4.允许应用基于基站、 Wi-Fi 等网络源获取位置信息。\n5.允许应用基于GPS、基站、 Wi-Fi 等网络源获取位置信息。这可能会增加耗电量。\n6.允许应用自动拨打电话。\n7.允许应用拍摄照片和视频。\n8.允许该应用更改网络连接的状态。\n9.允许应用与 Wi-Fi 接入点建立和断开连接，并更改 Wi-Fi 网络的设备配置。\n10.允许应用获取设备已安装应用的帐户列表。\n11.允许应用读取、保存、分享电话及邮件联系人的相关数据。\n12.允许应用获取本机号码、通话状态以及拨打的号码。\n13.允许应用在系统完成引导后立即自动启动。这样可能会延长手机的启动时间，并允许应用始终运行，从而导致手机总体运行速度减慢。\n14.允许应用录制音频。\n15.显示弹框、全屏界面到其他应用上面\n16.允许该应用使用指纹硬件进行身份验证。\n17.允许应用新建、修改、删除电话及邮件联系人的相关数据。\n18.允许应用读取存储卡上的照片、媒体内容和文件。",
    "app_category": [
        "旅游住宿"
    ],
    "app_subcategory": [
        "热门",
        "行程助手"
    ],
    "app_APK_url": "https://appgallery.cloud.huawei.com/appdl/C100968705",
    "is_popular": true,
    "app_APK_name": "C100968705-2.0.12.apk",
    "app_policy_name": "C100968705-2.0.12.txt",
    "policy_html_source_code": "<html><head><meta charset=\"utf-8\"><meta name=\"viewport\" content=\"width=device-width,initial-scale=1\"><title>隐私政策</title><link href=\"https://file-server.bj.bcebos.com/pek-app/h5-vue/static/css/chunk-34a73f14.1a47721c.css\" rel=\"prefetch\"><link href=\"https://file-server.bj.bcebos.com/pek-app/h5-vue/static/css/chunk-414eef04.f7914e43.css\" rel=\"prefetch\"><link href=\"https://file-server.bj.bcebos.com/pek-app/h5-vue/static/css/chunk-5f536c1a.c094aead.css\" rel=\"prefetch\"><link href=\"https://file-server.bj.bcebos.com/pek-app/h5-vue/static/js/chunk-2d0ccbe8.31e7d1c2.js\" rel=\"prefetch\"><link href=\"https://file-server.bj.bcebos.com/pek-app/h5-vue/static/js/chunk-2d0e505f.635ae0b4.js\" rel=\"prefetch\"><link href=\"https://file-server.bj.bcebos.com/pek-app/h5-vue/static/js/chunk-34a73f14.a8379373.js\" rel=\"prefetch\"><link href=\"https://file-server.bj.bcebos.com/pek-app/h5-vue/static/js/chunk-414eef04.42f0ce1e.js\" rel=\"prefetch\"><link href=\"https://file-server.bj.bcebos.com/pek-app/h5-vue/static/js/chunk-5f536c1a.bec2e24f.js\" rel=\"prefetch\"><link href=\"https://file-server.bj.bcebos.com/pek-app/h5-vue/static/css/chunk-vendors.fc9578f4.css\" rel=\"preload\" as=\"style\"><link href=\"https://file-server.bj.bcebos.com/pek-app/h5-vue/static/css/index.6f8a1be9.css\" rel=\"preload\" as=\"style\"><link href=\"https://file-server.bj.bcebos.com/pek-app/h5-vue/static/js/chunk-vendors.c87e7ee7.js\" rel=\"preload\" as=\"script\"><link href=\"https://file-server.bj.bcebos.com/pek-app/h5-vue/static/js/index.050c445e.js\" rel=\"preload\" as=\"script\"><link href=\"https://file-server.bj.bcebos.com/pek-app/h5-vue/static/css/chunk-vendors.fc9578f4.css\" rel=\"stylesheet\"><link href=\"https://file-server.bj.bcebos.com/pek-app/h5-vue/static/css/index.6f8a1be9.css\" rel=\"stylesheet\"><link rel=\"stylesheet\" type=\"text/css\" href=\"https://file-server.bj.bcebos.com/pek-app/h5-vue/static/css/chunk-5f536c1a.c094aead.css\"><script charset=\"utf-8\" src=\"https://file-server.bj.bcebos.com/pek-app/h5-vue/static/js/chunk-5f536c1a.bec2e24f.js\"></script></head><body><div data-v-66239f68=\"\"><header data-v-f1d17ada=\"\" data-v-66239f68=\"\" class=\"f-s head_nav\"><a data-v-f1d17ada=\"\" class=\"xa\"></a><b data-v-f1d17ada=\"\" class=\"xb\">隐私政策</b><a data-v-f1d17ada=\"\" class=\"xd\"></a></header><div data-v-66239f68=\"\" class=\"kong\"></div><div data-v-66239f68=\"\" class=\"Xtt_main_content\"><div data-v-66239f68=\"\" style=\"padding: 2rem;\"><p><strong><span style=\"font-family:宋体\">礼尚机场贵宾隐私政策</span></strong></p><p><span style=\"font-size:12px\">&nbsp;</span></p><p><span style=\"font-size:14px;font-family:宋体\">我们的隐私政策已于</span><span style=\"font-size:14px\"> 2022</span><span style=\"font-size:14px;font-family:宋体\">年</span><span style=\"font-size:14px\">11</span><span style=\"font-size:14px;font-family:宋体\">月</span><span style=\"font-size:14px\">25</span><span style=\"font-size:14px;font-family:宋体\">日更新，并于</span><span style=\"font-size:14px\">2022</span><span style=\"font-size:14px;font-family:宋体\">年</span><span style=\"font-size:14px\">11</span><span style=\"font-size:14px;font-family:宋体\">月</span><span style=\"font-size:14px\">26</span><span style=\"font-size:14px;font-family:宋体\">日生效。</span></p><p><span style=\"font-size:14px\">&nbsp;</span></p><p><span style=\"font-size:14px;font-family:宋体\">请花一些时间熟悉我们的隐私政策，如果您有任何问题，请联系我们。</span></p><p><span style=\"font-size:14px\">&nbsp;</span></p><p><strong><span style=\"font-size:14px;font-family:宋体\">引言</span></strong></p><p><strong><span style=\"font-size: 14px\">&nbsp;</span></strong></p><p><span style=\"font-size:14px;font-family:宋体\">礼尚机场贵宾</span><span style=\"font-size:14px\">app</span><span style=\"font-size:14px;font-family:宋体\">是由首都空港贵宾服务管理有限公司（以下简称“我们”）为您提供贵宾会员卡管理、服务预订、积分商城兑换、订单查询、在线咨询服务的平台。</span></p><p><span style=\"font-size:14px;font-family:'Helvetica',sans-serif\">&nbsp;</span></p><p><span style=\"font-size:14px;font-family:宋体\">本应用尊重并保护所有使用服务用户的个人隐私权，会按照本隐私权政策规定使用和披露您的个人信息。但本应用将以高度的勤勉、审慎义务对待这些信息。除本隐私权政策另有规定外，除本隐私政策相关有规定外在未得到您允许的情况下，本应用不会将这些信息向第三放提供在未征得您事先许可的情况下，本应用不会将这些信息对外披露或向第三方提供。本应用会不时更新本隐私权政策。</span> <span style=\"font-size:14px;font-family: 宋体\">您在同意本应用服务使用协议之时，即视为您已经同意本隐私权政策全部内容。</span></p><p><br></p><p><span style=\"font-size:14px;font-family:宋体\">最后，我们希望为用户带来更好的体验。如果您对本隐私政策中描述的个人信息处理实践有任何疑问，请联系我们（电话：</span><span style=\"font-size:14px\">010-64557097</span><span style=\"font-size: 14px;font-family:宋体\">），以便我们处理您的特殊需求。我们很高兴收到您的反馈。</span></p><p><br></p><p><strong><span style=\"font-size:15px;font-family:宋体\">我们收集哪些信息以及如何使用信息</span></strong></p><p><br></p><p><span style=\"font-size:14px;font-family:宋体\">使用服务过程中产生的信息。当您使用服务时，为保障你正常使用我们的服务，维护我们服务的正常运行，改进及优化我们的服务体验以及保障你的帐号安全，我们会收集、使用你的设备型号、操作系统、唯一设备标识符等，这些设备信息包括：设备属性信息（如</span><span style=\"font-size:14px\">ICCID</span><span style=\"font-size:14px;font-family:宋体\">、</span><span style=\"font-size:14px\">Android ID</span><span style=\"font-size:14px;font-family:宋体\">、</span><span style=\"font-size:14px\">SD</span><span style=\"font-size:14px;font-family:宋体\">卡数据、</span><span style=\"font-size:14px\">IMEI</span><span style=\"font-size:14px;font-family:宋体\">、安装列表、剪切板、</span><span style=\"font-size:14px\">MAC</span><span style=\"font-size:14px;font-family:宋体\">、操作系统版本、设备设置等软硬件特征信息）、设备连接信息（</span><span style=\"font-size:14px\">IP</span><span style=\"font-size:14px;font-family: 宋体\">地址、软件版本号、接入网络的方式、电信运营商、使用的语言、访问日期和时间等）、设备位置信息（如通过</span><span style=\"font-size:14px\">GPS</span><span style=\"font-size:14px;font-family:宋体\">、蓝牙或</span><span style=\"font-size:14px\">WIFI</span><span style=\"font-size:14px;font-family:宋体\">信号获得的位置信息）、操作日志、服务日志信息（如你在使用过程中进行搜索、查看操作的记录、服务故障信息等信息）等日志信息。同时，为了预防病毒、木马程序或其他恶意程序、网站，我们可能会收集你设备安装的应用信息、正在运行的进程信息或设备内存中寄存的数据，以防止你的个人信息泄露。</span></p><p><span style=\"font-size:14px\">&nbsp;</span></p><p><span style=\"font-size:14px;font-family:宋体\">我们根据法律法规的要求，遵循合法、正当、必要和诚信的原则，仅收集实现产品功能所必要的个人信息。收集个人信息的目的在于向您提供产品和</span><span style=\"font-size:14px\">/</span><span style=\"font-size:14px;font-family:宋体\">或服务，并且保证我们遵守适用的相关法律、法规及其他规范性文件。您有权自行选择是否提供该信息，但多数情况下，如果您不提供，我们可能无法向您提供相应的服务，也无法回应您遇到的问题。这些功能包括：</span></p><table width=\"551\" cellspacing=\"0\" cellpadding=\"0\"><tbody><tr class=\"firstRow\"><td style=\"border: 1px solid windowtext; padding: 0px 7px;\" width=\"175\" valign=\"top\"><p style=\"text-align:center\"><strong><span style=\"font-size:13px;font-family:'微软雅黑',sans-serif;color:black;background:white\">个人信息</span></strong></p></td><td style=\"border-top: 1px solid windowtext; border-right: 1px solid windowtext; border-bottom: 1px solid windowtext; border-image: initial; border-left: none; padding: 0px 7px;\" width=\"376\" valign=\"top\"><p style=\"text-align:center\"><strong><span style=\"font-size:13px;font-family:'微软雅黑',sans-serif;color:black;background:white\">使用目的</span></strong></p></td></tr><tr><td style=\"border-right: 1px solid windowtext; border-bottom: 1px solid windowtext; border-left: 1px solid windowtext; border-image: initial; border-top: none; padding: 0px 7px;\" width=\"175\"><p style=\"text-align:center\"><span style=\"font-size:14px;font-family:'Helvetica',sans-serif\">IMEI</span><span style=\"font-size:14px;font-family:宋体\">、</span><span style=\"font-size:   14px;font-family:'Helvetica',sans-serif\">IMSI</span><span style=\"font-size:14px;font-family:宋体\">、</span></p><p style=\"text-align:center\"><span style=\"font-size:14px;font-family:'Helvetica',sans-serif\">Android_id</span><span style=\"font-size:14px;font-family:宋体\">、</span><span style=\"font-size:   14px;font-family:'Helvetica',sans-serif\">MAC</span><span style=\"font-size:14px;font-family:宋体\">地址</span></p></td><td style=\"border-top: none; border-left: none; border-bottom: 1px solid windowtext; border-right: 1px solid windowtext; padding: 0px 7px;\" width=\"376\" valign=\"top\"><p><span style=\"font-size:14px;font-family:   宋体\">为了保障软件与服务的安全运行、运营的质量及效率，我们会收集你的设备的硬件型号、操作系统版本号、设备标识符（</span><span style=\"font-size:14px;font-family:'Helvetica',sans-serif\">Android</span><span style=\"font-size:14px;font-family:宋体\">如</span><span style=\"font-size:   14px;font-family:'Helvetica',sans-serif\">IMEI</span><span style=\"font-size:14px;font-family:宋体\">、</span><span style=\"font-size:14px;font-family:'Helvetica',sans-serif\">AndroidID</span><span style=\"font-size:14px;font-family:宋体\">、</span><span style=\"font-size:   14px;font-family:'Helvetica',sans-serif\">OAID</span><span style=\"font-size:14px;font-family:宋体\">、</span><span style=\"font-size:14px;font-family:'Helvetica',sans-serif\">IMSI</span><span style=\"font-size:14px;font-family:宋体\">、</span><span style=\"font-size:   14px;font-family:'Helvetica',sans-serif\">ICCID</span><span style=\"font-size:14px;font-family:宋体\">、</span><span style=\"font-size:14px;font-family:'Helvetica',sans-serif\">MEID</span><span style=\"font-size:14px;font-family:宋体\">、硬件序列号）、网络设备硬件地址（</span><span style=\"font-size:14px;font-family:'Helvetica',sans-serif\">MAC</span><span style=\"font-size:14px;font-family:宋体\">地址）、</span><span style=\"font-size:14px;font-family:'Helvetica',sans-serif\">IP </span><span style=\"font-size:14px;font-family:宋体\">地址、</span><span style=\"font-size:   14px;font-family:'Helvetica',sans-serif\">WLAN</span><span style=\"font-size:14px;font-family:宋体\">接入点（如</span><span style=\"font-size:14px;font-family:'Helvetica',sans-serif\">SSID</span><span style=\"font-size:14px;font-family:宋体\">，</span><span style=\"font-size:   14px;font-family:'Helvetica',sans-serif\">BSSID</span><span style=\"font-size:14px;font-family:宋体\">）、蓝牙（</span><span style=\"font-size:14px;font-family:'Helvetica',sans-serif\">Bluetooth</span><span style=\"font-size:14px;font-family:宋体\">）、基站、软件版本号、网络接入方式、类型、状态、网络质量数据、操作、使用、服务日志、设备传感器数据。</span></p></td></tr><tr><td style=\"border-right: 1px solid windowtext; border-bottom: 1px solid windowtext; border-left: 1px solid windowtext; border-image: initial; border-top: none; padding: 0px 7px;\" width=\"175\"><p style=\"text-align:center\"><span style=\"font-size:14px;font-family:宋体\">已安装应用列表</span></p></td><td style=\"border-top: none; border-left: none; border-bottom: 1px solid windowtext; border-right: 1px solid windowtext; padding: 0px 7px;\" width=\"376\" valign=\"top\"><p><span style=\"font-size:14px;font-family:   宋体\">当您使用安卓或</span><span style=\"font-size:14px;font-family:'Helvetica',sans-serif\">lOS</span><span style=\"font-size:14px;font-family:宋体\">版本平台</span><span style=\"font-size:14px;font-family:'Helvetica',sans-serif\">APP</span><span style=\"font-size:14px;font-family:宋体\">时，我们为您提供分享和充值的应用服务。我们需从您的终端读取已安装应用列表，当您分享时用于在分享文件时判断第三方应用是否已安装在本机。</span></p></td></tr><tr><td style=\"border-right: 1px solid windowtext; border-bottom: 1px solid windowtext; border-left: 1px solid windowtext; border-image: initial; border-top: none; padding: 0px 7px;\" width=\"175\"><p style=\"text-align:center\"><span style=\"font-size:14px;font-family:宋体\">硬件序列号</span></p></td><td style=\"border-top: none; border-left: none; border-bottom: 1px solid windowtext; border-right: 1px solid windowtext; padding: 0px 7px;\" width=\"376\" valign=\"top\"><p><span style=\"font-size:14px;font-family:   宋体\">在您注册</span><span style=\"font-size:   14px;font-family:'Helvetica',sans-serif\">/</span><span style=\"font-size:14px;font-family:宋体\">登录账户时，您需要提供</span> <span style=\"font-size:14px;font-family:宋体\">手机号码及验证码</span> <span style=\"font-size:14px;font-family:宋体\">，使用</span><span style=\"font-size:14px;font-family:'Helvetica',sans-serif\">App</span><span style=\"font-size:14px;font-family:宋体\">服务时，您需提供</span> <span style=\"font-size:14px;font-family:宋体\">手机号码</span> <span style=\"font-size:14px;font-family:宋体\">作为账户登录名，登录时我们还需要收集您的</span><span style=\"font-size:14px;font-family:'Helvetica',sans-serif\">&nbsp;</span><span style=\"font-size:14px;font-family:宋体\">硬件序列号、唯一设备识别码（</span><span style=\"font-size:14px;font-family:'Helvetica',sans-serif\">android_id</span><span style=\"font-size:14px;font-family:宋体\">、</span><span style=\"font-size:14px;font-family:'Helvetica',sans-serif\">Mac</span><span style=\"font-size:14px;font-family:宋体\">地址、</span><span style=\"font-size:   14px;font-family:'Helvetica',sans-serif\">IMEI</span><span style=\"font-size:14px;font-family:宋体\">、</span><span style=\"font-size:14px;font-family:'Helvetica',sans-serif\">IMSI,SIM</span><span style=\"font-size:14px;font-family:宋体\">序列号）</span> <span style=\"font-size:14px;font-family:宋体\">以验证账号及密码并完成登录；如您拒绝提供</span> <span style=\"font-size:14px;font-family:宋体\">手机号码、验证码及密码</span> <span style=\"font-size:14px;font-family:宋体\">个人信息，则可能无法成功注册</span><span style=\"font-size:14px;font-family:'Helvetica',sans-serif\">/</span><span style=\"font-size:14px;font-family:   宋体\">登录</span><span style=\"font-size:   14px;font-family:'Helvetica',sans-serif\">App</span><span style=\"font-size:14px;font-family:宋体\">账户。</span></p></td></tr><tr><td style=\"border-right: 1px solid windowtext; border-bottom: 1px solid windowtext; border-left: 1px solid windowtext; border-image: initial; border-top: none; padding: 0px 7px;\" width=\"175\"><p style=\"text-align:center\"><span style=\"font-size:14px;font-family:'Helvetica',sans-serif\">SIM</span><span style=\"font-size:14px;font-family:宋体\">卡序列号（</span><span style=\"font-size:14px;font-family:'Helvetica',sans-serif\">ICCID</span><span style=\"font-size:14px;font-family:宋体\">）</span></p></td><td style=\"border-top: none; border-left: none; border-bottom: 1px solid windowtext; border-right: 1px solid windowtext; padding: 0px 7px;\" width=\"376\" valign=\"top\"><p><span style=\"font-size:14px;font-family:   宋体\">在您注册</span><span style=\"font-size:   14px;font-family:'Helvetica',sans-serif\">/</span><span style=\"font-size:14px;font-family:宋体\">登录账户时，您需要提供</span> <span style=\"font-size:14px;font-family:宋体\">手机号码及验证码</span> <span style=\"font-size:14px;font-family:宋体\">，使用</span><span style=\"font-size:14px;font-family:'Helvetica',sans-serif\">App</span><span style=\"font-size:14px;font-family:宋体\">服务时，您需提供</span> <span style=\"font-size:14px;font-family:宋体\">手机号码</span> <span style=\"font-size:14px;font-family:宋体\">作为账户登录名，登录时我们还需要收集您的</span> <span style=\"font-size:14px;font-family:宋体\">硬件序列号、唯一设备识别码（</span><span style=\"font-size:14px;font-family:'Helvetica',sans-serif\">android_id</span><span style=\"font-size:14px;font-family:宋体\">、</span><span style=\"font-size:   14px;font-family:'Helvetica',sans-serif\">Mac</span><span style=\"font-size:14px;font-family:宋体\">地址、</span><span style=\"font-size:14px;font-family:'Helvetica',sans-serif\">IMEI</span><span style=\"font-size:14px;font-family:宋体\">、</span><span style=\"font-size:   14px;font-family:'Helvetica',sans-serif\">IMSI,SIM</span><span style=\"font-size:14px;font-family:宋体\">卡序列号）</span> <span style=\"font-size:14px;font-family:宋体\">以验证账号及密码并完成登录；如您拒绝提供</span> <span style=\"font-size:14px;font-family:宋体\">手机号码、验证码及密码等个人信息，则可能无法成功注册</span><span style=\"font-size:14px;font-family:'Helvetica',sans-serif\">/</span><span style=\"font-size:14px;font-family:   宋体\">登录</span><span style=\"font-size:   14px;font-family:'Helvetica',sans-serif\">App</span><span style=\"font-size:14px;font-family:宋体\">账户。</span></p></td></tr><tr><td style=\"border-right: 1px solid windowtext; border-bottom: 1px solid windowtext; border-left: 1px solid windowtext; border-image: initial; border-top: none; padding: 0px 7px;\" width=\"175\"><p style=\"text-align:center\"><span style=\"font-size:14px;font-family:宋体\">位置信息</span></p></td><td style=\"border-top: none; border-left: none; border-bottom: 1px solid windowtext; border-right: 1px solid windowtext; padding: 0px 7px;\" width=\"376\" valign=\"top\"><p><span style=\"font-size:14px;font-family:   宋体\">为了统计和分析产品的使用，提供更好的优化和建议，并通过地理位置校准报表数据准确性，提供基础反作弊能力，需要获取设备信息，</span><span style=\"font-size:14px;font-family:'Helvetica',sans-serif\">MAC</span><span style=\"font-size:14px;font-family:宋体\">地址，位置信息，网络信息。</span></p></td></tr><tr style=\";height:169px\"><td style=\"border-right: 1px solid windowtext; border-bottom: 1px solid windowtext; border-left: 1px solid windowtext; border-image: initial; border-top: none; padding: 0px 7px;\" width=\"175\" height=\"169\"><p style=\"text-align:center\"><span style=\"font-size:14px;font-family:宋体\">手机号码</span></p></td><td style=\"border-top: none; border-left: none; border-bottom: 1px solid windowtext; border-right: 1px solid windowtext; padding: 0px 7px;\" width=\"376\" valign=\"top\" height=\"169\"><p><span style=\"font-size:14px;font-family:   宋体\">当您注册</span><span style=\"font-size:   14px;font-family:'Helvetica',sans-serif\">/</span><span style=\"font-size:14px;font-family:宋体\">登录时，您需要至少向我们提供您准备使用的</span><span style=\"font-size:14px;font-family:'Helvetica',sans-serif\">APP</span><span style=\"font-size:14px;font-family:宋体\">登录密码、您本人的手机号码，我们将通过发送短信验证码的方式来验证您的身份是否有效。在使用我们的产品或服务时，主动填写或上传的昵称、手机号码、头像、图片等。</span> <span style=\"font-size:14px;font-family:宋体\">收集这些信息是为了帮助你完成注册和使用服务功能，但是可以浏览或搜索服务</span><span style=\"font-size:14px;font-family:'Helvetica',sans-serif\">/</span><span style=\"font-size:14px;font-family:   宋体\">商品。收集、使用手机号码是也是为了满足相关法律法规的真实身份信息认证要求。若不提供这类信息，你可能无法正常使用我们的服务。</span></p></td></tr><tr><td style=\"border-right: 1px solid windowtext; border-bottom: 1px solid windowtext; border-left: 1px solid windowtext; border-image: initial; border-top: none; padding: 0px 7px;\" width=\"175\"><p style=\"text-align:center\"><span style=\"font-size:14px;font-family:宋体\">本地存储权限</span></p></td><td style=\"border-top: none; border-left: none; border-bottom: 1px solid windowtext; border-right: 1px solid windowtext; padding: 0px 7px;\" width=\"376\" valign=\"top\"><p><span style=\"font-size:14px;font-family:   宋体\">基于读取、写入外置存储卡的附加服务：您可以在开启本地存储权限后，使用该功能上传您的照片</span><span style=\"font-size:14px;font-family:'Helvetica',sans-serif\">/</span><span style=\"font-size:14px;font-family:   宋体\">图片</span><span style=\"font-size:   14px;font-family:'Helvetica',sans-serif\">/</span><span style=\"font-size:14px;font-family:宋体\">视频，以实现发表评论</span><span style=\"font-size:14px;font-family:'Helvetica',sans-serif\">/</span><span style=\"font-size:14px;font-family:   宋体\">分享或与客服沟通提供证明等功能。</span></p></td></tr><tr><td style=\"border-right: 1px solid windowtext; border-bottom: 1px solid windowtext; border-left: 1px solid windowtext; border-image: initial; border-top: none; padding: 0px 7px;\" width=\"175\"><p style=\"text-align:center\"><span style=\"font-size:14px;font-family:'Helvetica',sans-serif\">IP</span><span style=\"font-size:14px;font-family:宋体\">地址</span></p></td><td style=\"border-top: none; border-left: none; border-bottom: 1px solid windowtext; border-right: 1px solid windowtext; padding: 0px 7px;\" width=\"376\" valign=\"top\"><p><span style=\"font-size:14px;font-family:   宋体\">产品安全保障功能：为了保障您的账号安全和系统安全，我们需要获取您的设备</span><span style=\"font-size:14px;font-family:'Helvetica',sans-serif\">MAC</span><span style=\"font-size:14px;font-family:宋体\">地址、</span><span style=\"font-size:   14px;font-family:'Helvetica',sans-serif\">IMSI</span><span style=\"font-size:14px;font-family:宋体\">、</span><span style=\"font-size:14px;font-family:'Helvetica',sans-serif\">Android ID</span><span style=\"font-size:14px;font-family:宋体\">、</span><span style=\"font-size:   14px;font-family:'Helvetica',sans-serif\">IP</span><span style=\"font-size:14px;font-family:宋体\">地址、硬件型号、操作系统版本号、唯一设备标识符（</span><span style=\"font-size:14px;font-family:'Helvetica',sans-serif\">IMEI</span><span style=\"font-size:14px;font-family:宋体\">等）、网络设备硬件地址（</span><span style=\"font-size:14px;font-family:'Helvetica',sans-serif\">MAC</span><span style=\"font-size:14px;font-family:宋体\">）、软件版本号、网络接入方式、类型、状态、网络质量数据、操作日志、硬件序列号、服务日志信息，收集运行中的进程，已安装应用列表等行为。</span></p></td></tr><tr><td style=\"border-right: 1px solid windowtext; border-bottom: 1px solid windowtext; border-left: 1px solid windowtext; border-image: initial; border-top: none; padding: 0px 7px;\" width=\"175\"><p style=\"text-align:center\"><span style=\"font-size:14px;font-family:宋体\">通讯记录</span></p></td><td style=\"border-top: none; border-left: none; border-bottom: 1px solid windowtext; border-right: 1px solid windowtext; padding: 0px 7px;\" width=\"376\" valign=\"top\"><p><span style=\"font-size:14px;font-family:   宋体\">我们将在您开启通讯录权限后收集您的通讯录信息用来快速完善出行人及联系人的相关姓名和电话，您在积分兑换时可以更便利地取用您通讯录内的联系人信息，无需再手动输入；此外，为提升您在使用我们产品及</span><span style=\"font-size:14px;font-family:'Helvetica',sans-serif\">/</span><span style=\"font-size:14px;font-family:   宋体\">或服务过程中的可以与您认识的人分享服务预订和积分兑换体验。</span></p></td></tr><tr><td style=\"border-right: 1px solid windowtext; border-bottom: 1px solid windowtext; border-left: 1px solid windowtext; border-image: initial; border-top: none; padding: 0px 7px;\" width=\"175\"><p style=\"text-align:center\"><span style=\"font-size:14px;font-family:宋体\">短信</span></p></td><td style=\"border-top: none; border-left: none; border-bottom: 1px solid windowtext; border-right: 1px solid windowtext; padding: 0px 7px;\" width=\"376\" valign=\"top\"><p><span style=\"font-size:14px;font-family:   宋体\">基于提醒通知功能，我们会申请通知权限，目的为了给你发送服务预订成功、积分兑换成功的相关业务提醒及重要通知</span></p></td></tr></tbody></table><p><br></p><p><span style=\"font-size:14px;font-family:宋体\">本隐私权政策属于本应用服务使用协议不可分割的一部分：</span></p><p><span style=\"font-size:14px\">&nbsp;</span></p><p><span style=\"font-size:14px\">1. </span><span style=\"font-size:14px;font-family:宋体\">适用范围</span></p><p><span style=\"font-size:14px\">&nbsp;&nbsp;&nbsp;&nbsp;&nbsp;&nbsp;</span><span style=\"font-size:14px;font-family:宋体\">在您注册本应用帐号时，您根据本应用要求提供的个人注册信息；在您使用本应用网络服务，或访问本应用平台网页时，本应用自动接收并记录的您的浏览器和计算机上的信息，包括但不限于您的</span><span style=\"font-size:14px\">IP</span><span style=\"font-size:14px;font-family:宋体\">地址、浏览器的类型、使用的语言、访问日期和时间、软硬件特征信息及您需求的网页记录等数据；本应用通过合法途径从商业伙伴处取得的用户个人数据。</span></p><p><span style=\"font-size:14px\">&nbsp;&nbsp;&nbsp;&nbsp;&nbsp;&nbsp;</span><span style=\"font-size:14px;font-family:宋体\">您了解并同意，以下信息不适用本隐私权政策：</span></p><p><span style=\"font-size:14px\">1)</span><span style=\"font-size:14px;font-family:宋体\">您在使用本应用平台提供的搜索服务时输入的关键字信息；</span></p><p><span style=\"font-size:14px\">2)</span><span style=\"font-size:14px;font-family:宋体\">本应用收集到的您在本应用发布的有关信息数据，包括但不限于参与活动、成交信息及评价详情；</span></p><p><span style=\"font-size:14px\">3)</span><span style=\"font-size:14px;font-family:宋体\">违反法律规定或违反本应用规则行为及本应用已对您采取的措施。</span></p><p><span style=\"font-size:14px\">2. </span><span style=\"font-size:14px;font-family:宋体\">信息使用</span></p><p><span style=\"font-size:14px\">&nbsp;&nbsp;&nbsp;&nbsp;&nbsp;&nbsp;</span><span style=\"font-size:14px;font-family:宋体\">本应用不会向任何无关第三方提供、出售、出租、分享或交易您的个人信息，除非事先得到您的许可，或该第三方和本应用（含本应用关联公司）单独或共同为您提供服务，且在该服务结束后，其将被禁止访问包括其以前能够访问的所有这些资料。</span></p><p><span style=\"font-size:14px\">&nbsp;&nbsp;&nbsp;&nbsp;&nbsp;&nbsp;</span><span style=\"font-size:14px;font-family:宋体\">本应用亦不允许任何第三方以任何手段收集、编辑、出售或者无偿传播您的个人信息。任何本应用平台用户如从事上述活动，一经发现，本应用有权立即终止与该用户的服务协议。</span></p><p><span style=\"font-size:14px\">&nbsp;&nbsp;&nbsp;&nbsp;&nbsp;&nbsp;</span><span style=\"font-size:14px;font-family:宋体\">为服务用户的目的，本应用可能通过使用您的通讯录，来快速完善出行人及联系人的相关姓名和电话，本应用可能通过使用您的个人信息，向您提供您感兴趣的信息，包括但不限于向您发出产品和服务信息，或者与本应用合作伙伴共享信息以便他们向您发送有关其产品和服务的信息（后者需要您的事先同意）。</span></p><p><span style=\"font-size:14px\">&nbsp; &nbsp; &nbsp; &nbsp;</span><span style=\"font-size:14px;font-family:宋体\">我们的产品基于</span><span style=\"font-size:14px\">DCloud uni-app(5+ App/Wap2App)</span><span style=\"font-size:14px;font-family:宋体\">开发，应用运行期间需要收集您的设备唯一识别码（</span><span style=\"font-size:14px\">IMEI/android ID/DEVICE_ID/IDFA</span><span style=\"font-size:14px;font-family:宋体\">、</span><span style=\"font-size:14px\">SIM</span><span style=\"font-size:14px;font-family:宋体\">卡</span><span style=\"font-size:14px\"> IMSI</span><span style=\"font-size:14px;font-family:宋体\">信息、</span><span style=\"font-size:14px\">OAID</span><span style=\"font-size:14px;font-family:宋体\">）以提供统计分析服务，并通过应用启动数据及异常错误日志分析改进性能和用户体验，为用户提供更好的服务。详情内容请访问《</span><span style=\"font-size:14px\">DCloud</span><span style=\"font-size:14px;font-family:宋体\">用户服务条款》。（</span><span style=\"font-size:14px\">DCloud</span><span style=\"font-size:14px;font-family:宋体\">用户服务条款超链至：</span><span style=\"font-size:14px\"><a href=\"https://ask.dcloud.net.cn/protocol.html%EF%BC%89\"><span style=\"color: windowtext;text-underline:none\">https://ask.dcloud.net.cn/protocol.html</span><span style=\"font-family:宋体;color:windowtext;text-underline:none\">）</span></a>&nbsp;</span></p><p><span style=\"font-size:14px\">3. </span><span style=\"font-size:14px;font-family:宋体\">信息披露</span></p><p><span style=\"font-size:14px\">&nbsp;&nbsp;&nbsp;&nbsp;&nbsp;&nbsp;</span><span style=\"font-size:14px;font-family:宋体\">在如下情况下，本应用将依据您的个人意愿或法律的规定全部或部分的披露您的个人信息：</span></p><p><span style=\"font-size:14px\">&nbsp;&nbsp;&nbsp;&nbsp;&nbsp;&nbsp;</span><span style=\"font-size:14px;font-family:宋体\">经您事先同意，向第三方披露；为提供您所要求的产品和服务，而必须和第三方分享您的个人信息；根据法律的有关规定，或者行政或司法机构的要求，向第三方或者行政、司法机构披露；如您出现违反中国有关法律、法规或者本应用服务协议或相关规则的情况，需要向第三方披露；如您是适格的知识产权投诉人并已提起投诉，应被投诉人要求，向被投诉人披露，以便双方处理可能的权利纠纷；在本应用平台上创建的某一交易中，如交易任何一方履行或部分履行了交易义务并提出信息披露请求的，本应用有权决定向该用户提供其交易对方的联络方式等必要信息，以促成交易的完成或纠纷的解决。</span></p><p><span style=\"font-size:14px;font-family:宋体\">其它本应用根据法律、法规或者网站政策认为合适的披露。</span></p><p><span style=\"font-size:14px\">Payment</span><span style=\"font-size:14px;font-family:宋体\">模块集成的三方</span><span style=\"font-size:14px\">SDK</span><span style=\"font-size:14px;font-family:宋体\">说明<img src=\"/upload/app_20210206/20221207/e6d57459-e0ee-4617-99ed-d77b95a87b5a.png\" title=\"\" alt=\"\"></span></p><p><span style=\"font-size:14px\">&nbsp;</span></p><p><br></p><p><span style=\"font-size:14px\">&nbsp;</span></p><p><span style=\"font-size:14px\">Share</span><span style=\"font-size:14px;font-family:宋体\">模块集成的第三方</span><span style=\"font-size:14px\">SDK</span><span style=\"font-size:14px;font-family:宋体\">说明</span></p><p><span style=\"font-size:14px\">&nbsp;<img src=\"/upload/app_20210206/20221207/b33627e3-2d33-4222-b999-4d5092d0ab9c.png\" title=\"\" alt=\"\"></span></p><p><span style=\"font-size:14px\">&nbsp;</span></p><p><span style=\"font-size:14px\">6. </span><span style=\"font-size:14px;font-family:宋体\">信息存储和交换</span></p><p><span style=\"font-size:14px\">&nbsp;&nbsp;&nbsp;&nbsp;&nbsp;&nbsp;</span><span style=\"font-size:14px;font-family:宋体\">本应用收集的有关您的信息和资料将保存在本应用及（或）其关联公司的服务器上，这些信息和资料可能传送至您所在国家、地区或本应用收集信息和资料所在地的境外并在境外被访问、存储和展示。</span></p><p style=\"margin-left:0;text-indent:0\"><span style=\"font-size:14px\">7. </span><span style=\"font-size:14px\">Cookie</span><span style=\"font-size:14px;font-family: 宋体\">的使用</span></p><p><span style=\"font-size:14px\">&nbsp;&nbsp;&nbsp;&nbsp;&nbsp;&nbsp;</span><span style=\"font-size:14px;font-family:宋体\">在您未拒绝接受</span><span style=\"font-size:14px\">cookies</span><span style=\"font-size:14px;font-family:宋体\">的情况下，本应用会在您的计算机上设定或取用</span><span style=\"font-size: 14px\">cookies </span><span style=\"font-size:14px;font-family:宋体\">，以便您能登录或使用依赖于</span><span style=\"font-size:14px\">cookies</span><span style=\"font-size:14px;font-family:宋体\">的本应用平台服务或功能。本应用使用</span><span style=\"font-size:14px\">cookies</span><span style=\"font-size:14px;font-family:宋体\">可为您提供推广服务。您有权选择接受或拒绝接受</span><span style=\"font-size:14px\">cookies</span><span style=\"font-size:14px;font-family:宋体\">。您可以通过修改浏览器设置的方式拒绝接受</span><span style=\"font-size:14px\">cookies</span><span style=\"font-size:14px;font-family:宋体\">。但如果您选择拒绝接受</span><span style=\"font-size:14px\">cookies</span><span style=\"font-size:14px;font-family:宋体\">，则您可能无法登录或使用依赖于</span><span style=\"font-size:14px\">cookies</span><span style=\"font-size:14px;font-family:宋体\">的本应用网络服务或功能。通过本应用所设</span><span style=\"font-size:14px\">cookies</span><span style=\"font-size:14px;font-family:宋体\">所取得的有关信息，将适用本政策。</span></p><p style=\"margin-left:0;text-indent:0\"><span style=\"font-size:14px\">8. </span><span style=\"font-size:14px;font-family:宋体\">信息安全</span></p><p><span style=\"font-size:14px\">&nbsp;&nbsp;&nbsp;&nbsp;&nbsp;&nbsp;</span><span style=\"font-size:14px;font-family:宋体\">本应用帐号均有安全保护功能，请妥善保管您的用户名及密码信息。本应用将通过对用户密码进行加密等安全措施确保您的信息不丢失，不被滥用和变造。尽管有前述安全措施，但同时也请您注意在信息网络上不存在</span><span style=\"font-size:14px\">“</span><span style=\"font-size:14px;font-family:宋体\">完善的安全措施</span><span style=\"font-size:14px\">”</span><span style=\"font-size:14px;font-family:宋体\">。在使用本应用网络服务进行网上交易时，您不可避免的要向交易对方或潜在的交易对。</span></p><p style=\"margin-left:0;text-indent:0\"><span style=\"font-size:14px\">9. </span><span style=\"font-size:14px;font-family:宋体\">本隐私政策的更改</span></p><p><span style=\"font-size:14px\">&nbsp;&nbsp;&nbsp;&nbsp;&nbsp;&nbsp;</span><span style=\"font-size:14px;font-family:宋体\">如果决定更改隐私政策，我们会在本政策中、本公司网站中以及我们认为适当的位置发布这些更改，以便您了解我们如何收集、使用您的个人信息，哪些人可以访问这些信息，以及在什么情况下我们会透露这些信息。</span></p><p><span style=\"font-size:14px\">&nbsp;&nbsp;&nbsp;&nbsp;&nbsp;&nbsp;</span><span style=\"font-size:14px;font-family:宋体\">本公司保留随时修改本政策的权利，因此请经常查看。如对本政策作出重大更改，本公司会通过网站通知的形式告知。</span></p><p style=\"margin-left:0;text-indent:0\"><span style=\"font-size:14px\">10. </span><span style=\"font-size: 14px;font-family:宋体\">知识产权相关</span></p><p><span style=\"font-size:14px\">&nbsp;&nbsp;&nbsp;&nbsp;&nbsp;&nbsp;</span><span style=\"font-size:14px;font-family:宋体\">您了解并同意我方有权随时检查您所上传或发布的内容，如果发现您上传的内容不符合前述规定，我方有权删除或重新编辑或修改您所上传或发布的内容，且有权在不事先通知您的情况下停用您的账号。您亦了解、同意并保证，您所上传或发布的内容符合前述规定，是您的义务，而非我方，我方无任何对您上传或发布的内容进行主动检查、编辑或修改的义务。</span></p><p><span style=\"font-size:14px\">&nbsp;&nbsp;&nbsp;&nbsp;&nbsp;&nbsp;</span><span style=\"font-size:14px;font-family:宋体\">若您在本软件上的上传或发布内容的行为给第三方带来损害或损失，第三方主张赔偿或衍生的任何其他权利的，由您独立承担全部法律责任，我方及合作方概不承担任何责任。</span></p><p><span style=\"font-size:14px\">&nbsp;&nbsp;&nbsp;&nbsp;&nbsp;&nbsp;</span><span style=\"font-size:14px;font-family:宋体\">我方不对用户上传或发布的内容的合法性、正当性、完整性或品质作出任何保证，用户需自行承担因使用或依赖由软件所传送的内容或资源所产生的风险，我方在任何情况下对此种风险可能或实际带来的损失或损害都不负任何责任。</span></p><p style=\"margin-left:0;text-indent:0\"><span style=\"font-size:14px\">11. </span><span style=\"font-size: 14px;font-family:宋体\">法律责任与免责申明</span></p><p><span style=\"font-size:14px\">&nbsp;&nbsp;&nbsp;&nbsp;&nbsp;&nbsp;</span><span style=\"font-size:14px;font-family:宋体\">我方将会尽其商业上的合理努力以保护用户的设备资源及通讯的隐私性和完整性，但是，用户承认和同意我方不能就此事提供任何保证。</span></p><p><span style=\"font-size:14px\">&nbsp;&nbsp;&nbsp;&nbsp;&nbsp;&nbsp;</span><span style=\"font-size:14px;font-family:宋体\">我方可以根据用户的使用状态和行为，为了改进软件的功能、用户体验和服务，开发或调整软件功能。</span></p><p><span style=\"font-size:14px\">&nbsp;&nbsp;&nbsp;&nbsp;&nbsp;&nbsp;</span><span style=\"font-size:14px;font-family:宋体\">我方为保障业务发展和调整的自主权，有权随时自行修改或中断软件服务而无需通知用户。</span></p><p><span style=\"font-size:14px\">&nbsp;&nbsp;&nbsp;&nbsp;&nbsp;&nbsp;</span><span style=\"font-size:14px;font-family:宋体\">后续的损害及风险，我方及合作方不承担任何责任。因技术故障等不可抗事件影响到服务的正常运行的，我方及合作方承诺在第一时间内与相关单位配合，及时处理进行修复，但用户因此而遭受的一切损失，我方及合作方不承担责任。</span></p><p><span style=\"font-size:14px\">&nbsp;&nbsp;&nbsp;&nbsp;&nbsp;&nbsp;</span><span style=\"font-size:14px;font-family:宋体\">用户通过软件与其他用户联系，因受误导或欺骗而导致或可能导致的任何心理、生理上的伤害以及经济上的损失，由过错方依法承担所有责任，一概与我方及合作方无关。</span></p></div></div></div><script src=\"//lib.baomitu.com/lodash.js/4.13.1/lodash.min.js\"></script><script src=\"//lib.baomitu.com/moment.js/2.17.1/moment.min.js\"></script><script src=\"//lib.baomitu.com/moment.js/2.17.1/locale/zh-cn.js\"></script><script src=\"//lib.baomitu.com/rxjs/5.2.0/Rx.min.js\"></script><script src=\"//lib.baomitu.com/axios/0.18.0/axios.min.js\"></script><script src=\"//lib.baomitu.com/vue/2.5.16/vue.min.js\"></script><script src=\"//lib.baomitu.com/vue-router/3.0.1/vue-router.min.js\"></script><script src=\"//lib.baomitu.com/vuex/3.0.1/vuex.min.js\"></script><script src=\"https://file-server.bj.bcebos.com/pek-app/h5-vue/static/js/chunk-vendors.c87e7ee7.js\"></script><script src=\"https://file-server.bj.bcebos.com/pek-app/h5-vue/static/js/index.050c445e.js\"></script></body></html>",
    "policy_text": "礼尚机场贵宾隐私政策\n\n我们的隐私政策已于 2022年11月25日更新，并于2022年11月26日生效。\n\n请花一些时间熟悉我们的隐私政策，如果您有任何问题，请联系我们。\n\n引言\n\n礼尚机场贵宾app是由首都空港贵宾服务管理有限公司（以下简称“我们”）为您提供贵宾会员卡管理、服务预订、积分商城兑换、订单查询、在线咨询服务的平台。\n\n本应用尊重并保护所有使用服务用户的个人隐私权，会按照本隐私权政策规定使用和披露您的个人信息。但本应用将以高度的勤勉、审慎义务对待这些信息。除本隐私权政策另有规定外，除本隐私政策相关有规定外在未得到您允许的情况下，本应用不会将这些信息向第三放提供在未征得您事先许可的情况下，本应用不会将这些信息对外披露或向第三方提供。本应用会不时更新本隐私权政策。 您在同意本应用服务使用协议之时，即视为您已经同意本隐私权政策全部内容。\n最后，我们希望为用户带来更好的体验。如果您对本隐私政策中描述的个人信息处理实践有任何疑问，请联系我们（电话：010-64557097），以便我们处理您的特殊需求。我们很高兴收到您的反馈。\n我们收集哪些信息以及如何使用信息\n使用服务过程中产生的信息。当您使用服务时，为保障你正常使用我们的服务，维护我们服务的正常运行，改进及优化我们的服务体验以及保障你的帐号安全，我们会收集、使用你的设备型号、操作系统、唯一设备标识符等，这些设备信息包括：设备属性信息（如ICCID、Android ID、SD卡数据、IMEI、安装列表、剪切板、MAC、操作系统版本、设备设置等软硬件特征信息）、设备连接信息（IP地址、软件版本号、接入网络的方式、电信运营商、使用的语言、访问日期和时间等）、设备位置信息（如通过GPS、蓝牙或WIFI信号获得的位置信息）、操作日志、服务日志信息（如你在使用过程中进行搜索、查看操作的记录、服务故障信息等信息）等日志信息。同时，为了预防病毒、木马程序或其他恶意程序、网站，我们可能会收集你设备安装的应用信息、正在运行的进程信息或设备内存中寄存的数据，以防止你的个人信息泄露。\n\n我们根据法律法规的要求，遵循合法、正当、必要和诚信的原则，仅收集实现产品功能所必要的个人信息。收集个人信息的目的在于向您提供产品和/或服务，并且保证我们遵守适用的相关法律、法规及其他规范性文件。您有权自行选择是否提供该信息，但多数情况下，如果您不提供，我们可能无法向您提供相应的服务，也无法回应您遇到的问题。这些功能包括：\n个人信息：IMEI  、  IMSI  、  Android_id  、  MAC  地址，使用目的：为了保障软件与服务的安全运行、运营的质量及效率，我们会收集你的设备的硬件型号、操作系统版本号、设备标识符（  Android  如  IMEI  、  AndroidID  、  OAID  、  IMSI  、  ICCID  、  MEID  、硬件序列号）、网络设备硬件地址（  MAC  地址）、  IP  地址、  WLAN  接入点（如  SSID  ，  BSSID  ）、蓝牙（  Bluetooth  ）、基站、软件版本号、网络接入方式、类型、状态、网络质量数据、操作、使用、服务日志、设备传感器数据。。\n个人信息：已安装应用列表，使用目的：当您使用安卓或  lOS  版本平台  APP  时，我们为您提供分享和充值的应用服务。我们需从您的终端读取已安装应用列表，当您分享时用于在分享文件时判断第三方应用是否已安装在本机。。\n个人信息：硬件序列号，使用目的：在您注册  /  登录账户时，您需要提供  手机号码及验证码  ，使用  App  服务时，您需提供  手机号码  作为账户登录名，登录时我们还需要收集您的  硬件序列号、唯一设备识别码（  android_id  、  Mac  地址、  IMEI  、  IMSI,SIM  序列号）  以验证账号及密码并完成登录；如您拒绝提供  手机号码、验证码及密码  个人信息，则可能无法成功注册  /  登录  App  账户。。\n个人信息：SIM  卡序列号（  ICCID  ），使用目的：在您注册  /  登录账户时，您需要提供  手机号码及验证码  ，使用  App  服务时，您需提供  手机号码  作为账户登录名，登录时我们还需要收集您的  硬件序列号、唯一设备识别码（  android_id  、  Mac  地址、  IMEI  、  IMSI,SIM  卡序列号）  以验证账号及密码并完成登录；如您拒绝提供  手机号码、验证码及密码等个人信息，则可能无法成功注册  /  登录  App  账户。。\n个人信息：位置信息，使用目的：为了统计和分析产品的使用，提供更好的优化和建议，并通过地理位置校准报表数据准确性，提供基础反作弊能力，需要获取设备信息，  MAC  地址，位置信息，网络信息。。\n个人信息：手机号码，使用目的：当您注册  /  登录时，您需要至少向我们提供您准备使用的  APP  登录密码、您本人的手机号码，我们将通过发送短信验证码的方式来验证您的身份是否有效。在使用我们的产品或服务时，主动填写或上传的昵称、手机号码、头像、图片等。  收集这些信息是为了帮助你完成注册和使用服务功能，但是可以浏览或搜索服务  /  商品。收集、使用手机号码是也是为了满足相关法律法规的真实身份信息认证要求。若不提供这类信息，你可能无法正常使用我们的服务。。\n个人信息：本地存储权限，使用目的：基于读取、写入外置存储卡的附加服务：您可以在开启本地存储权限后，使用该功能上传您的照片  /  图片  /  视频，以实现发表评论  /  分享或与客服沟通提供证明等功能。。\n个人信息：IP  地址，使用目的：产品安全保障功能：为了保障您的账号安全和系统安全，我们需要获取您的设备  MAC  地址、  IMSI  、  Android ID  、  IP  地址、硬件型号、操作系统版本号、唯一设备标识符（  IMEI  等）、网络设备硬件地址（  MAC  ）、软件版本号、网络接入方式、类型、状态、网络质量数据、操作日志、硬件序列号、服务日志信息，收集运行中的进程，已安装应用列表等行为。。\n个人信息：通讯记录，使用目的：我们将在您开启通讯录权限后收集您的通讯录信息用来快速完善出行人及联系人的相关姓名和电话，您在积分兑换时可以更便利地取用您通讯录内的联系人信息，无需再手动输入；此外，为提升您在使用我们产品及  /  或服务过程中的可以与您认识的人分享服务预订和积分兑换体验。。\n个人信息：短信，使用目的：基于提醒通知功能，我们会申请通知权限，目的为了给你发送服务预订成功、积分兑换成功的相关业务提醒及重要通知。\n本隐私权政策属于本应用服务使用协议不可分割的一部分：\n\n1. 适用范围\n在您注册本应用帐号时，您根据本应用要求提供的个人注册信息；在您使用本应用网络服务，或访问本应用平台网页时，本应用自动接收并记录的您的浏览器和计算机上的信息，包括但不限于您的IP地址、浏览器的类型、使用的语言、访问日期和时间、软硬件特征信息及您需求的网页记录等数据；本应用通过合法途径从商业伙伴处取得的用户个人数据。\n您了解并同意，以下信息不适用本隐私权政策：\n1)您在使用本应用平台提供的搜索服务时输入的关键字信息；\n2)本应用收集到的您在本应用发布的有关信息数据，包括但不限于参与活动、成交信息及评价详情；\n3)违反法律规定或违反本应用规则行为及本应用已对您采取的措施。\n2. 信息使用\n本应用不会向任何无关第三方提供、出售、出租、分享或交易您的个人信息，除非事先得到您的许可，或该第三方和本应用（含本应用关联公司）单独或共同为您提供服务，且在该服务结束后，其将被禁止访问包括其以前能够访问的所有这些资料。\n本应用亦不允许任何第三方以任何手段收集、编辑、出售或者无偿传播您的个人信息。任何本应用平台用户如从事上述活动，一经发现，本应用有权立即终止与该用户的服务协议。\n为服务用户的目的，本应用可能通过使用您的通讯录，来快速完善出行人及联系人的相关姓名和电话，本应用可能通过使用您的个人信息，向您提供您感兴趣的信息，包括但不限于向您发出产品和服务信息，或者与本应用合作伙伴共享信息以便他们向您发送有关其产品和服务的信息（后者需要您的事先同意）。\n我们的产品基于DCloud uni-app(5+ App/Wap2App)开发，应用运行期间需要收集您的设备唯一识别码（IMEI/android ID/DEVICE_ID/IDFA、SIM卡 IMSI信息、OAID）以提供统计分析服务，并通过应用启动数据及异常错误日志分析改进性能和用户体验，为用户提供更好的服务。详情内容请访问《DCloud用户服务条款》。（DCloud用户服务条款超链至：https://ask.dcloud.net.cn/protocol.html）\n3. 信息披露\n在如下情况下，本应用将依据您的个人意愿或法律的规定全部或部分的披露您的个人信息：\n经您事先同意，向第三方披露；为提供您所要求的产品和服务，而必须和第三方分享您的个人信息；根据法律的有关规定，或者行政或司法机构的要求，向第三方或者行政、司法机构披露；如您出现违反中国有关法律、法规或者本应用服务协议或相关规则的情况，需要向第三方披露；如您是适格的知识产权投诉人并已提起投诉，应被投诉人要求，向被投诉人披露，以便双方处理可能的权利纠纷；在本应用平台上创建的某一交易中，如交易任何一方履行或部分履行了交易义务并提出信息披露请求的，本应用有权决定向该用户提供其交易对方的联络方式等必要信息，以促成交易的完成或纠纷的解决。\n其它本应用根据法律、法规或者网站政策认为合适的披露。\nPayment模块集成的三方SDK说明\n\n\nShare模块集成的第三方SDK说明\n\n\n6. 信息存储和交换\n本应用收集的有关您的信息和资料将保存在本应用及（或）其关联公司的服务器上，这些信息和资料可能传送至您所在国家、地区或本应用收集信息和资料所在地的境外并在境外被访问、存储和展示。\n7. Cookie的使用\n在您未拒绝接受cookies的情况下，本应用会在您的计算机上设定或取用cookies ，以便您能登录或使用依赖于cookies的本应用平台服务或功能。本应用使用cookies可为您提供推广服务。您有权选择接受或拒绝接受cookies。您可以通过修改浏览器设置的方式拒绝接受cookies。但如果您选择拒绝接受cookies，则您可能无法登录或使用依赖于cookies的本应用网络服务或功能。通过本应用所设cookies所取得的有关信息，将适用本政策。\n8. 信息安全\n本应用帐号均有安全保护功能，请妥善保管您的用户名及密码信息。本应用将通过对用户密码进行加密等安全措施确保您的信息不丢失，不被滥用和变造。尽管有前述安全措施，但同时也请您注意在信息网络上不存在“完善的安全措施”。在使用本应用网络服务进行网上交易时，您不可避免的要向交易对方或潜在的交易对。\n9. 本隐私政策的更改\n如果决定更改隐私政策，我们会在本政策中、本公司网站中以及我们认为适当的位置发布这些更改，以便您了解我们如何收集、使用您的个人信息，哪些人可以访问这些信息，以及在什么情况下我们会透露这些信息。\n本公司保留随时修改本政策的权利，因此请经常查看。如对本政策作出重大更改，本公司会通过网站通知的形式告知。\n10. 知识产权相关\n您了解并同意我方有权随时检查您所上传或发布的内容，如果发现您上传的内容不符合前述规定，我方有权删除或重新编辑或修改您所上传或发布的内容，且有权在不事先通知您的情况下停用您的账号。您亦了解、同意并保证，您所上传或发布的内容符合前述规定，是您的义务，而非我方，我方无任何对您上传或发布的内容进行主动检查、编辑或修改的义务。\n若您在本软件上的上传或发布内容的行为给第三方带来损害或损失，第三方主张赔偿或衍生的任何其他权利的，由您独立承担全部法律责任，我方及合作方概不承担任何责任。\n我方不对用户上传或发布的内容的合法性、正当性、完整性或品质作出任何保证，用户需自行承担因使用或依赖由软件所传送的内容或资源所产生的风险，我方在任何情况下对此种风险可能或实际带来的损失或损害都不负任何责任。\n11. 法律责任与免责申明\n我方将会尽其商业上的合理努力以保护用户的设备资源及通讯的隐私性和完整性，但是，用户承认和同意我方不能就此事提供任何保证。\n我方可以根据用户的使用状态和行为，为了改进软件的功能、用户体验和服务，开发或调整软件功能。\n我方为保障业务发展和调整的自主权，有权随时自行修改或中断软件服务而无需通知用户。\n后续的损害及风险，我方及合作方不承担任何责任。因技术故障等不可抗事件影响到服务的正常运行的，我方及合作方承诺在第一时间内与相关单位配合，及时处理进行修复，但用户因此而遭受的一切损失，我方及合作方不承担责任。\n用户通过软件与其他用户联系，因受误导或欺骗而导致或可能导致的任何心理、生理上的伤害以及经济上的损失，由过错方依法承担所有责任，一概与我方及合作方无关。",
    "policy_html_source_code_clean": "隐私政策\n<div><p><strong><span>礼尚机场贵宾隐私政策</span></strong></p><p><span> </span></p><p><span>我们的隐私政策已于</span><span> 2022</span><span>年</span><span>11</span><span>月</span><span>25</span><span>日更新，并于</span><span>2022</span><span>年</span><span>11</span><span>月</span><span>26</span><span>日生效。</span></p><p><span> </span></p><p><span>请花一些时间熟悉我们的隐私政策，如果您有任何问题，请联系我们。</span></p><p><span> </span></p><p><strong><span>引言</span></strong></p><p><strong><span> </span></strong></p><p><span>礼尚机场贵宾</span><span>app</span><span>是由首都空港贵宾服务管理有限公司（以下简称“我们”）为您提供贵宾会员卡管理、服务预订、积分商城兑换、订单查询、在线咨询服务的平台。</span></p><p><span> </span></p><p><span>本应用尊重并保护所有使用服务用户的个人隐私权，会按照本隐私权政策规定使用和披露您的个人信息。但本应用将以高度的勤勉、审慎义务对待这些信息。除本隐私权政策另有规定外，除本隐私政策相关有规定外在未得到您允许的情况下，本应用不会将这些信息向第三放提供在未征得您事先许可的情况下，本应用不会将这些信息对外披露或向第三方提供。本应用会不时更新本隐私权政策。</span> <span>您在同意本应用服务使用协议之时，即视为您已经同意本隐私权政策全部内容。</span></p><p><br/></p><p><span>最后，我们希望为用户带来更好的体验。如果您对本隐私政策中描述的个人信息处理实践有任何疑问，请联系我们（电话：</span><span>010-64557097</span><span>），以便我们处理您的特殊需求。我们很高兴收到您的反馈。</span></p><p><br/></p><p><strong><span>我们收集哪些信息以及如何使用信息</span></strong></p><p><br/></p><p><span>使用服务过程中产生的信息。当您使用服务时，为保障你正常使用我们的服务，维护我们服务的正常运行，改进及优化我们的服务体验以及保障你的帐号安全，我们会收集、使用你的设备型号、操作系统、唯一设备标识符等，这些设备信息包括：设备属性信息（如</span><span>ICCID</span><span>、</span><span>Android ID</span><span>、</span><span>SD</span><span>卡数据、</span><span>IMEI</span><span>、安装列表、剪切板、</span><span>MAC</span><span>、操作系统版本、设备设置等软硬件特征信息）、设备连接信息（</span><span>IP</span><span>地址、软件版本号、接入网络的方式、电信运营商、使用的语言、访问日期和时间等）、设备位置信息（如通过</span><span>GPS</span><span>、蓝牙或</span><span>WIFI</span><span>信号获得的位置信息）、操作日志、服务日志信息（如你在使用过程中进行搜索、查看操作的记录、服务故障信息等信息）等日志信息。同时，为了预防病毒、木马程序或其他恶意程序、网站，我们可能会收集你设备安装的应用信息、正在运行的进程信息或设备内存中寄存的数据，以防止你的个人信息泄露。</span></p><p><span> </span></p><p><span>我们根据法律法规的要求，遵循合法、正当、必要和诚信的原则，仅收集实现产品功能所必要的个人信息。收集个人信息的目的在于向您提供产品和</span><span>/</span><span>或服务，并且保证我们遵守适用的相关法律、法规及其他规范性文件。您有权自行选择是否提供该信息，但多数情况下，如果您不提供，我们可能无法向您提供相应的服务，也无法回应您遇到的问题。这些功能包括：</span></p><table><tbody><tr><td><p><strong><span>个人信息</span></strong></p></td><td><p><strong><span>使用目的</span></strong></p></td></tr><tr><td><p><span>IMEI</span><span>、</span><span>IMSI</span><span>、</span></p><p><span>Android_id</span><span>、</span><span>MAC</span><span>地址</span></p></td><td><p><span>为了保障软件与服务的安全运行、运营的质量及效率，我们会收集你的设备的硬件型号、操作系统版本号、设备标识符（</span><span>Android</span><span>如</span><span>IMEI</span><span>、</span><span>AndroidID</span><span>、</span><span>OAID</span><span>、</span><span>IMSI</span><span>、</span><span>ICCID</span><span>、</span><span>MEID</span><span>、硬件序列号）、网络设备硬件地址（</span><span>MAC</span><span>地址）、</span><span>IP </span><span>地址、</span><span>WLAN</span><span>接入点（如</span><span>SSID</span><span>，</span><span>BSSID</span><span>）、蓝牙（</span><span>Bluetooth</span><span>）、基站、软件版本号、网络接入方式、类型、状态、网络质量数据、操作、使用、服务日志、设备传感器数据。</span></p></td></tr><tr><td><p><span>已安装应用列表</span></p></td><td><p><span>当您使用安卓或</span><span>lOS</span><span>版本平台</span><span>APP</span><span>时，我们为您提供分享和充值的应用服务。我们需从您的终端读取已安装应用列表，当您分享时用于在分享文件时判断第三方应用是否已安装在本机。</span></p></td></tr><tr><td><p><span>硬件序列号</span></p></td><td><p><span>在您注册</span><span>/</span><span>登录账户时，您需要提供</span> <span>手机号码及验证码</span> <span>，使用</span><span>App</span><span>服务时，您需提供</span> <span>手机号码</span> <span>作为账户登录名，登录时我们还需要收集您的</span><span> </span><span>硬件序列号、唯一设备识别码（</span><span>android_id</span><span>、</span><span>Mac</span><span>地址、</span><span>IMEI</span><span>、</span><span>IMSI,SIM</span><span>序列号）</span> <span>以验证账号及密码并完成登录；如您拒绝提供</span> <span>手机号码、验证码及密码</span> <span>个人信息，则可能无法成功注册</span><span>/</span><span>登录</span><span>App</span><span>账户。</span></p></td></tr><tr><td><p><span>SIM</span><span>卡序列号（</span><span>ICCID</span><span>）</span></p></td><td><p><span>在您注册</span><span>/</span><span>登录账户时，您需要提供</span> <span>手机号码及验证码</span> <span>，使用</span><span>App</span><span>服务时，您需提供</span> <span>手机号码</span> <span>作为账户登录名，登录时我们还需要收集您的</span> <span>硬件序列号、唯一设备识别码（</span><span>android_id</span><span>、</span><span>Mac</span><span>地址、</span><span>IMEI</span><span>、</span><span>IMSI,SIM</span><span>卡序列号）</span> <span>以验证账号及密码并完成登录；如您拒绝提供</span> <span>手机号码、验证码及密码等个人信息，则可能无法成功注册</span><span>/</span><span>登录</span><span>App</span><span>账户。</span></p></td></tr><tr><td><p><span>位置信息</span></p></td><td><p><span>为了统计和分析产品的使用，提供更好的优化和建议，并通过地理位置校准报表数据准确性，提供基础反作弊能力，需要获取设备信息，</span><span>MAC</span><span>地址，位置信息，网络信息。</span></p></td></tr><tr><td><p><span>手机号码</span></p></td><td><p><span>当您注册</span><span>/</span><span>登录时，您需要至少向我们提供您准备使用的</span><span>APP</span><span>登录密码、您本人的手机号码，我们将通过发送短信验证码的方式来验证您的身份是否有效。在使用我们的产品或服务时，主动填写或上传的昵称、手机号码、头像、图片等。</span> <span>收集这些信息是为了帮助你完成注册和使用服务功能，但是可以浏览或搜索服务</span><span>/</span><span>商品。收集、使用手机号码是也是为了满足相关法律法规的真实身份信息认证要求。若不提供这类信息，你可能无法正常使用我们的服务。</span></p></td></tr><tr><td><p><span>本地存储权限</span></p></td><td><p><span>基于读取、写入外置存储卡的附加服务：您可以在开启本地存储权限后，使用该功能上传您的照片</span><span>/</span><span>图片</span><span>/</span><span>视频，以实现发表评论</span><span>/</span><span>分享或与客服沟通提供证明等功能。</span></p></td></tr><tr><td><p><span>IP</span><span>地址</span></p></td><td><p><span>产品安全保障功能：为了保障您的账号安全和系统安全，我们需要获取您的设备</span><span>MAC</span><span>地址、</span><span>IMSI</span><span>、</span><span>Android ID</span><span>、</span><span>IP</span><span>地址、硬件型号、操作系统版本号、唯一设备标识符（</span><span>IMEI</span><span>等）、网络设备硬件地址（</span><span>MAC</span><span>）、软件版本号、网络接入方式、类型、状态、网络质量数据、操作日志、硬件序列号、服务日志信息，收集运行中的进程，已安装应用列表等行为。</span></p></td></tr><tr><td><p><span>通讯记录</span></p></td><td><p><span>我们将在您开启通讯录权限后收集您的通讯录信息用来快速完善出行人及联系人的相关姓名和电话，您在积分兑换时可以更便利地取用您通讯录内的联系人信息，无需再手动输入；此外，为提升您在使用我们产品及</span><span>/</span><span>或服务过程中的可以与您认识的人分享服务预订和积分兑换体验。</span></p></td></tr><tr><td><p><span>短信</span></p></td><td><p><span>基于提醒通知功能，我们会申请通知权限，目的为了给你发送服务预订成功、积分兑换成功的相关业务提醒及重要通知</span></p></td></tr></tbody></table><p><br/></p><p><span>本隐私权政策属于本应用服务使用协议不可分割的一部分：</span></p><p><span> </span></p><p><span>1. </span><span>适用范围</span></p><p><span>      </span><span>在您注册本应用帐号时，您根据本应用要求提供的个人注册信息；在您使用本应用网络服务，或访问本应用平台网页时，本应用自动接收并记录的您的浏览器和计算机上的信息，包括但不限于您的</span><span>IP</span><span>地址、浏览器的类型、使用的语言、访问日期和时间、软硬件特征信息及您需求的网页记录等数据；本应用通过合法途径从商业伙伴处取得的用户个人数据。</span></p><p><span>      </span><span>您了解并同意，以下信息不适用本隐私权政策：</span></p><p><span>1)</span><span>您在使用本应用平台提供的搜索服务时输入的关键字信息；</span></p><p><span>2)</span><span>本应用收集到的您在本应用发布的有关信息数据，包括但不限于参与活动、成交信息及评价详情；</span></p><p><span>3)</span><span>违反法律规定或违反本应用规则行为及本应用已对您采取的措施。</span></p><p><span>2. </span><span>信息使用</span></p><p><span>      </span><span>本应用不会向任何无关第三方提供、出售、出租、分享或交易您的个人信息，除非事先得到您的许可，或该第三方和本应用（含本应用关联公司）单独或共同为您提供服务，且在该服务结束后，其将被禁止访问包括其以前能够访问的所有这些资料。</span></p><p><span>      </span><span>本应用亦不允许任何第三方以任何手段收集、编辑、出售或者无偿传播您的个人信息。任何本应用平台用户如从事上述活动，一经发现，本应用有权立即终止与该用户的服务协议。</span></p><p><span>      </span><span>为服务用户的目的，本应用可能通过使用您的通讯录，来快速完善出行人及联系人的相关姓名和电话，本应用可能通过使用您的个人信息，向您提供您感兴趣的信息，包括但不限于向您发出产品和服务信息，或者与本应用合作伙伴共享信息以便他们向您发送有关其产品和服务的信息（后者需要您的事先同意）。</span></p><p><span>       </span><span>我们的产品基于</span><span>DCloud uni-app(5+ App/Wap2App)</span><span>开发，应用运行期间需要收集您的设备唯一识别码（</span><span>IMEI/android ID/DEVICE_ID/IDFA</span><span>、</span><span>SIM</span><span>卡</span><span> IMSI</span><span>信息、</span><span>OAID</span><span>）以提供统计分析服务，并通过应用启动数据及异常错误日志分析改进性能和用户体验，为用户提供更好的服务。详情内容请访问《</span><span>DCloud</span><span>用户服务条款》。（</span><span>DCloud</span><span>用户服务条款超链至：</span><span><a href=\"https://ask.dcloud.net.cn/protocol.html%EF%BC%89\" target=\"_blank\"><span>https://ask.dcloud.net.cn/protocol.html</span><span>）</span></a> </span></p><p><span>3. </span><span>信息披露</span></p><p><span>      </span><span>在如下情况下，本应用将依据您的个人意愿或法律的规定全部或部分的披露您的个人信息：</span></p><p><span>      </span><span>经您事先同意，向第三方披露；为提供您所要求的产品和服务，而必须和第三方分享您的个人信息；根据法律的有关规定，或者行政或司法机构的要求，向第三方或者行政、司法机构披露；如您出现违反中国有关法律、法规或者本应用服务协议或相关规则的情况，需要向第三方披露；如您是适格的知识产权投诉人并已提起投诉，应被投诉人要求，向被投诉人披露，以便双方处理可能的权利纠纷；在本应用平台上创建的某一交易中，如交易任何一方履行或部分履行了交易义务并提出信息披露请求的，本应用有权决定向该用户提供其交易对方的联络方式等必要信息，以促成交易的完成或纠纷的解决。</span></p><p><span>其它本应用根据法律、法规或者网站政策认为合适的披露。</span></p><p><span>Payment</span><span>模块集成的三方</span><span>SDK</span><span>说明<img alt=\"\" src=\"https://app.airvip.net/upload/app_20210206/20221207/e6d57459-e0ee-4617-99ed-d77b95a87b5a.png\" title=\"\"/></span></p><p><span> </span></p><p><br/></p><p><span> </span></p><p><span>Share</span><span>模块集成的第三方</span><span>SDK</span><span>说明</span></p><p><span> <img alt=\"\" src=\"https://app.airvip.net/upload/app_20210206/20221207/b33627e3-2d33-4222-b999-4d5092d0ab9c.png\" title=\"\"/></span></p><p><span> </span></p><p><span>6. </span><span>信息存储和交换</span></p><p><span>      </span><span>本应用收集的有关您的信息和资料将保存在本应用及（或）其关联公司的服务器上，这些信息和资料可能传送至您所在国家、地区或本应用收集信息和资料所在地的境外并在境外被访问、存储和展示。</span></p><p><span>7. </span><span>Cookie</span><span>的使用</span></p><p><span>      </span><span>在您未拒绝接受</span><span>cookies</span><span>的情况下，本应用会在您的计算机上设定或取用</span><span>cookies </span><span>，以便您能登录或使用依赖于</span><span>cookies</span><span>的本应用平台服务或功能。本应用使用</span><span>cookies</span><span>可为您提供推广服务。您有权选择接受或拒绝接受</span><span>cookies</span><span>。您可以通过修改浏览器设置的方式拒绝接受</span><span>cookies</span><span>。但如果您选择拒绝接受</span><span>cookies</span><span>，则您可能无法登录或使用依赖于</span><span>cookies</span><span>的本应用网络服务或功能。通过本应用所设</span><span>cookies</span><span>所取得的有关信息，将适用本政策。</span></p><p><span>8. </span><span>信息安全</span></p><p><span>      </span><span>本应用帐号均有安全保护功能，请妥善保管您的用户名及密码信息。本应用将通过对用户密码进行加密等安全措施确保您的信息不丢失，不被滥用和变造。尽管有前述安全措施，但同时也请您注意在信息网络上不存在</span><span>“</span><span>完善的安全措施</span><span>”</span><span>。在使用本应用网络服务进行网上交易时，您不可避免的要向交易对方或潜在的交易对。</span></p><p><span>9. </span><span>本隐私政策的更改</span></p><p><span>      </span><span>如果决定更改隐私政策，我们会在本政策中、本公司网站中以及我们认为适当的位置发布这些更改，以便您了解我们如何收集、使用您的个人信息，哪些人可以访问这些信息，以及在什么情况下我们会透露这些信息。</span></p><p><span>      </span><span>本公司保留随时修改本政策的权利，因此请经常查看。如对本政策作出重大更改，本公司会通过网站通知的形式告知。</span></p><p><span>10. </span><span>知识产权相关</span></p><p><span>      </span><span>您了解并同意我方有权随时检查您所上传或发布的内容，如果发现您上传的内容不符合前述规定，我方有权删除或重新编辑或修改您所上传或发布的内容，且有权在不事先通知您的情况下停用您的账号。您亦了解、同意并保证，您所上传或发布的内容符合前述规定，是您的义务，而非我方，我方无任何对您上传或发布的内容进行主动检查、编辑或修改的义务。</span></p><p><span>      </span><span>若您在本软件上的上传或发布内容的行为给第三方带来损害或损失，第三方主张赔偿或衍生的任何其他权利的，由您独立承担全部法律责任，我方及合作方概不承担任何责任。</span></p><p><span>      </span><span>我方不对用户上传或发布的内容的合法性、正当性、完整性或品质作出任何保证，用户需自行承担因使用或依赖由软件所传送的内容或资源所产生的风险，我方在任何情况下对此种风险可能或实际带来的损失或损害都不负任何责任。</span></p><p><span>11. </span><span>法律责任与免责申明</span></p><p><span>      </span><span>我方将会尽其商业上的合理努力以保护用户的设备资源及通讯的隐私性和完整性，但是，用户承认和同意我方不能就此事提供任何保证。</span></p><p><span>      </span><span>我方可以根据用户的使用状态和行为，为了改进软件的功能、用户体验和服务，开发或调整软件功能。</span></p><p><span>      </span><span>我方为保障业务发展和调整的自主权，有权随时自行修改或中断软件服务而无需通知用户。</span></p><p><span>      </span><span>后续的损害及风险，我方及合作方不承担任何责任。因技术故障等不可抗事件影响到服务的正常运行的，我方及合作方承诺在第一时间内与相关单位配合，及时处理进行修复，但用户因此而遭受的一切损失，我方及合作方不承担责任。</span></p><p><span>      </span><span>用户通过软件与其他用户联系，因受误导或欺骗而导致或可能导致的任何心理、生理上的伤害以及经济上的损失，由过错方依法承担所有责任，一概与我方及合作方无关。</span></p></div>",
    "policy_text_clean": "隐私政策\n礼尚机场贵宾隐私政策\n\n我们的隐私政策已于 2022年11月25日更新，并于2022年11月26日生效。\n\n请花一些时间熟悉我们的隐私政策，如果您有任何问题，请联系我们。\n\n引言\n\n礼尚机场贵宾app是由首都空港贵宾服务管理有限公司（以下简称“我们”）为您提供贵宾会员卡管理、服务预订、积分商城兑换、订单查询、在线咨询服务的平台。\n\n本应用尊重并保护所有使用服务用户的个人隐私权，会按照本隐私权政策规定使用和披露您的个人信息。但本应用将以高度的勤勉、审慎义务对待这些信息。除本隐私权政策另有规定外，除本隐私政策相关有规定外在未得到您允许的情况下，本应用不会将这些信息向第三放提供在未征得您事先许可的情况下，本应用不会将这些信息对外披露或向第三方提供。本应用会不时更新本隐私权政策。 您在同意本应用服务使用协议之时，即视为您已经同意本隐私权政策全部内容。\n最后，我们希望为用户带来更好的体验。如果您对本隐私政策中描述的个人信息处理实践有任何疑问，请联系我们（电话：010-64557097），以便我们处理您的特殊需求。我们很高兴收到您的反馈。\n我们收集哪些信息以及如何使用信息\n使用服务过程中产生的信息。当您使用服务时，为保障你正常使用我们的服务，维护我们服务的正常运行，改进及优化我们的服务体验以及保障你的帐号安全，我们会收集、使用你的设备型号、操作系统、唯一设备标识符等，这些设备信息包括：设备属性信息（如ICCID、Android ID、SD卡数据、IMEI、安装列表、剪切板、MAC、操作系统版本、设备设置等软硬件特征信息）、设备连接信息（IP地址、软件版本号、接入网络的方式、电信运营商、使用的语言、访问日期和时间等）、设备位置信息（如通过GPS、蓝牙或WIFI信号获得的位置信息）、操作日志、服务日志信息（如你在使用过程中进行搜索、查看操作的记录、服务故障信息等信息）等日志信息。同时，为了预防病毒、木马程序或其他恶意程序、网站，我们可能会收集你设备安装的应用信息、正在运行的进程信息或设备内存中寄存的数据，以防止你的个人信息泄露。\n\n我们根据法律法规的要求，遵循合法、正当、必要和诚信的原则，仅收集实现产品功能所必要的个人信息。收集个人信息的目的在于向您提供产品和/或服务，并且保证我们遵守适用的相关法律、法规及其他规范性文件。您有权自行选择是否提供该信息，但多数情况下，如果您不提供，我们可能无法向您提供相应的服务，也无法回应您遇到的问题。这些功能包括：\n个人信息：IMEI  、  IMSI  、  Android_id  、  MAC  地址，使用目的：为了保障软件与服务的安全运行、运营的质量及效率，我们会收集你的设备的硬件型号、操作系统版本号、设备标识符（  Android  如  IMEI  、  AndroidID  、  OAID  、  IMSI  、  ICCID  、  MEID  、硬件序列号）、网络设备硬件地址（  MAC  地址）、  IP  地址、  WLAN  接入点（如  SSID  ，  BSSID  ）、蓝牙（  Bluetooth  ）、基站、软件版本号、网络接入方式、类型、状态、网络质量数据、操作、使用、服务日志、设备传感器数据。。\n个人信息：已安装应用列表，使用目的：当您使用安卓或  lOS  版本平台  APP  时，我们为您提供分享和充值的应用服务。我们需从您的终端读取已安装应用列表，当您分享时用于在分享文件时判断第三方应用是否已安装在本机。。\n个人信息：硬件序列号，使用目的：在您注册  /  登录账户时，您需要提供  手机号码及验证码  ，使用  App  服务时，您需提供  手机号码  作为账户登录名，登录时我们还需要收集您的  硬件序列号、唯一设备识别码（  android_id  、  Mac  地址、  IMEI  、  IMSI,SIM  序列号）  以验证账号及密码并完成登录；如您拒绝提供  手机号码、验证码及密码  个人信息，则可能无法成功注册  /  登录  App  账户。。\n个人信息：SIM  卡序列号（  ICCID  ），使用目的：在您注册  /  登录账户时，您需要提供  手机号码及验证码  ，使用  App  服务时，您需提供  手机号码  作为账户登录名，登录时我们还需要收集您的  硬件序列号、唯一设备识别码（  android_id  、  Mac  地址、  IMEI  、  IMSI,SIM  卡序列号）  以验证账号及密码并完成登录；如您拒绝提供  手机号码、验证码及密码等个人信息，则可能无法成功注册  /  登录  App  账户。。\n个人信息：位置信息，使用目的：为了统计和分析产品的使用，提供更好的优化和建议，并通过地理位置校准报表数据准确性，提供基础反作弊能力，需要获取设备信息，  MAC  地址，位置信息，网络信息。。\n个人信息：手机号码，使用目的：当您注册  /  登录时，您需要至少向我们提供您准备使用的  APP  登录密码、您本人的手机号码，我们将通过发送短信验证码的方式来验证您的身份是否有效。在使用我们的产品或服务时，主动填写或上传的昵称、手机号码、头像、图片等。  收集这些信息是为了帮助你完成注册和使用服务功能，但是可以浏览或搜索服务  /  商品。收集、使用手机号码是也是为了满足相关法律法规的真实身份信息认证要求。若不提供这类信息，你可能无法正常使用我们的服务。。\n个人信息：本地存储权限，使用目的：基于读取、写入外置存储卡的附加服务：您可以在开启本地存储权限后，使用该功能上传您的照片  /  图片  /  视频，以实现发表评论  /  分享或与客服沟通提供证明等功能。。\n个人信息：IP  地址，使用目的：产品安全保障功能：为了保障您的账号安全和系统安全，我们需要获取您的设备  MAC  地址、  IMSI  、  Android ID  、  IP  地址、硬件型号、操作系统版本号、唯一设备标识符（  IMEI  等）、网络设备硬件地址（  MAC  ）、软件版本号、网络接入方式、类型、状态、网络质量数据、操作日志、硬件序列号、服务日志信息，收集运行中的进程，已安装应用列表等行为。。\n个人信息：通讯记录，使用目的：我们将在您开启通讯录权限后收集您的通讯录信息用来快速完善出行人及联系人的相关姓名和电话，您在积分兑换时可以更便利地取用您通讯录内的联系人信息，无需再手动输入；此外，为提升您在使用我们产品及  /  或服务过程中的可以与您认识的人分享服务预订和积分兑换体验。。\n个人信息：短信，使用目的：基于提醒通知功能，我们会申请通知权限，目的为了给你发送服务预订成功、积分兑换成功的相关业务提醒及重要通知。\n本隐私权政策属于本应用服务使用协议不可分割的一部分：\n\n1. 适用范围\n在您注册本应用帐号时，您根据本应用要求提供的个人注册信息；在您使用本应用网络服务，或访问本应用平台网页时，本应用自动接收并记录的您的浏览器和计算机上的信息，包括但不限于您的IP地址、浏览器的类型、使用的语言、访问日期和时间、软硬件特征信息及您需求的网页记录等数据；本应用通过合法途径从商业伙伴处取得的用户个人数据。\n您了解并同意，以下信息不适用本隐私权政策：\n1)您在使用本应用平台提供的搜索服务时输入的关键字信息；\n2)本应用收集到的您在本应用发布的有关信息数据，包括但不限于参与活动、成交信息及评价详情；\n3)违反法律规定或违反本应用规则行为及本应用已对您采取的措施。\n2. 信息使用\n本应用不会向任何无关第三方提供、出售、出租、分享或交易您的个人信息，除非事先得到您的许可，或该第三方和本应用（含本应用关联公司）单独或共同为您提供服务，且在该服务结束后，其将被禁止访问包括其以前能够访问的所有这些资料。\n本应用亦不允许任何第三方以任何手段收集、编辑、出售或者无偿传播您的个人信息。任何本应用平台用户如从事上述活动，一经发现，本应用有权立即终止与该用户的服务协议。\n为服务用户的目的，本应用可能通过使用您的通讯录，来快速完善出行人及联系人的相关姓名和电话，本应用可能通过使用您的个人信息，向您提供您感兴趣的信息，包括但不限于向您发出产品和服务信息，或者与本应用合作伙伴共享信息以便他们向您发送有关其产品和服务的信息（后者需要您的事先同意）。\n我们的产品基于DCloud uni-app(5+ App/Wap2App)开发，应用运行期间需要收集您的设备唯一识别码（IMEI/android ID/DEVICE_ID/IDFA、SIM卡 IMSI信息、OAID）以提供统计分析服务，并通过应用启动数据及异常错误日志分析改进性能和用户体验，为用户提供更好的服务。详情内容请访问《DCloud用户服务条款》。（DCloud用户服务条款超链至：https://ask.dcloud.net.cn/protocol.html）\n3. 信息披露\n在如下情况下，本应用将依据您的个人意愿或法律的规定全部或部分的披露您的个人信息：\n经您事先同意，向第三方披露；为提供您所要求的产品和服务，而必须和第三方分享您的个人信息；根据法律的有关规定，或者行政或司法机构的要求，向第三方或者行政、司法机构披露；如您出现违反中国有关法律、法规或者本应用服务协议或相关规则的情况，需要向第三方披露；如您是适格的知识产权投诉人并已提起投诉，应被投诉人要求，向被投诉人披露，以便双方处理可能的权利纠纷；在本应用平台上创建的某一交易中，如交易任何一方履行或部分履行了交易义务并提出信息披露请求的，本应用有权决定向该用户提供其交易对方的联络方式等必要信息，以促成交易的完成或纠纷的解决。\n其它本应用根据法律、法规或者网站政策认为合适的披露。\nPayment模块集成的三方SDK说明\n\n\nShare模块集成的第三方SDK说明\n\n\n6. 信息存储和交换\n本应用收集的有关您的信息和资料将保存在本应用及（或）其关联公司的服务器上，这些信息和资料可能传送至您所在国家、地区或本应用收集信息和资料所在地的境外并在境外被访问、存储和展示。\n7. Cookie的使用\n在您未拒绝接受cookies的情况下，本应用会在您的计算机上设定或取用cookies ，以便您能登录或使用依赖于cookies的本应用平台服务或功能。本应用使用cookies可为您提供推广服务。您有权选择接受或拒绝接受cookies。您可以通过修改浏览器设置的方式拒绝接受cookies。但如果您选择拒绝接受cookies，则您可能无法登录或使用依赖于cookies的本应用网络服务或功能。通过本应用所设cookies所取得的有关信息，将适用本政策。\n8. 信息安全\n本应用帐号均有安全保护功能，请妥善保管您的用户名及密码信息。本应用将通过对用户密码进行加密等安全措施确保您的信息不丢失，不被滥用和变造。尽管有前述安全措施，但同时也请您注意在信息网络上不存在“完善的安全措施”。在使用本应用网络服务进行网上交易时，您不可避免的要向交易对方或潜在的交易对。\n9. 本隐私政策的更改\n如果决定更改隐私政策，我们会在本政策中、本公司网站中以及我们认为适当的位置发布这些更改，以便您了解我们如何收集、使用您的个人信息，哪些人可以访问这些信息，以及在什么情况下我们会透露这些信息。\n本公司保留随时修改本政策的权利，因此请经常查看。如对本政策作出重大更改，本公司会通过网站通知的形式告知。\n10. 知识产权相关\n您了解并同意我方有权随时检查您所上传或发布的内容，如果发现您上传的内容不符合前述规定，我方有权删除或重新编辑或修改您所上传或发布的内容，且有权在不事先通知您的情况下停用您的账号。您亦了解、同意并保证，您所上传或发布的内容符合前述规定，是您的义务，而非我方，我方无任何对您上传或发布的内容进行主动检查、编辑或修改的义务。\n若您在本软件上的上传或发布内容的行为给第三方带来损害或损失，第三方主张赔偿或衍生的任何其他权利的，由您独立承担全部法律责任，我方及合作方概不承担任何责任。\n我方不对用户上传或发布的内容的合法性、正当性、完整性或品质作出任何保证，用户需自行承担因使用或依赖由软件所传送的内容或资源所产生的风险，我方在任何情况下对此种风险可能或实际带来的损失或损害都不负任何责任。\n11. 法律责任与免责申明\n我方将会尽其商业上的合理努力以保护用户的设备资源及通讯的隐私性和完整性，但是，用户承认和同意我方不能就此事提供任何保证。\n我方可以根据用户的使用状态和行为，为了改进软件的功能、用户体验和服务，开发或调整软件功能。\n我方为保障业务发展和调整的自主权，有权随时自行修改或中断软件服务而无需通知用户。\n后续的损害及风险，我方及合作方不承担任何责任。因技术故障等不可抗事件影响到服务的正常运行的，我方及合作方承诺在第一时间内与相关单位配合，及时处理进行修复，但用户因此而遭受的一切损失，我方及合作方不承担责任。\n用户通过软件与其他用户联系，因受误导或欺骗而导致或可能导致的任何心理、生理上的伤害以及经济上的损失，由过错方依法承担所有责任，一概与我方及合作方无关。"
}