{
    "app_id": "C100333243",
    "app_name": "万物在线",
    "app_version": "1.8.13",
    "app_download_num_description": "738 万次安装",
    "app_package_name": "com.coomix.app.all",
    "app_score": 3.1,
    "app_package_size": "39.5 MB",
    "app_package_size_precise": 41470354,
    "app_icon_url": "https://appimg.dbankcdn.com/application/icon144/0320556ec6fb48b48be1f5160f3c8a2f.png",
    "app_developer": "深圳市谷米科技有限公司",
    "app_update_time": "2023-02-13",
    "app_update_description": "修复已知bug，提升用户体验",
    "app_description": "万物在线，谷米科技官方物联网服务平台正版软件。\n【软件介绍】\n数化万物，智在融合。万物在线（lite.gpsoo.net），能够24小时查询车辆实时位置，随时随地掌握车辆状况，并且支持以足迹的形式播放180天内车辆行驶的路线。\n【功能介绍】\n1.在线查车：随时查看车辆实时位置，定位精度可达到5米以内。\n2.轨迹回放：支持回放180天内行车轨迹，回放过程中可显示车辆当时的车速、方向、停留时间等。\n3.电子围栏：您可以以车为中心，在地图上画个圈，车辆越过圆圈范围，设备会发送及时提醒。\n4.远程熄火：收到报警信息时，可远程控制让车辆熄火。\n5.多种地图：百度/谷歌/高德/腾讯四大地图随意切换。\n6.实时路况：直观展示实时路况（拥挤/缓行/畅通）。\n【使用场景】\n盗车团伙疯狂作案，朋友借车很难放心？\n假证租车滥用、租车犯罪逃逸怎么办？\n车队管理费时费力？公车私用屡禁不止？\n您还在为这些困扰吗？万物在线替您守护爱车。\n【平台介绍】\n万物在线（lite.gpsoo.net），谷米科技官方物联网服务平台，10余年专用定位服务平台、物联网研发和运营经验，为全球136个国家和地区超过2000万设备提供服务，开发者市场份额占有率70%以上。\n【平台功能】\n1.车辆资产管理：24小时车辆实时定位监控，更有震动报警、超速报警、SOS报警、断电报警等报警提示，全方位保护您的爱车。\n2.车队监控管理：不论是租赁、物流等行业用户，还是企业、政府等单位用户，不论是5辆车还是5000辆车，一个平台、一个账号，车辆信息一手掌握。\n【查车方式】\nAPP查询：在手机上就可以对车辆进行监控，让它得到全方面的保护，移动车辆管理更便捷。\n网站查询：增加3D实地街景地图模式，支持超速详单查询及总报警统计等，功能更全面。",
    "app_policy_url": "http://lite.gmiot.net/wx/disclaimer.html",
    "app_listed_permission": "1.完全的网络访问权限\n2.查看 Wi-Fi 连接\n3.连接 Wi-Fi 或断开连接\n4.与蓝牙设备配对\n5.显示在其他应用上面\n6.修改或删除存储卡中的内容\n7.读取存储卡中的内容\n8.访问大致位置信息（使用网络进行定位）\n9.访问确切位置信息（使用 GPS 和网络进行定位）\n10.读取通话状态和移动网络信息\n11.拨打电话\n12.修改系统设置\n13.相机",
    "app_listed_permission_description": "1.允许该应用创建网络套接字和使用自定义网络协议。浏览器和其他某些应用提供了向互联网发送数据的途径，因此应用无需该权限即可向互联网发送数据。\n2.允许该应用查看 Wi-Fi 网络的相关信息，例如是否开启 Wi-Fi 及已连接的 Wi-Fi 设备名称。\n3.允许应用与 Wi-Fi 接入点建立和断开连接，并更改 Wi-Fi 网络的设备配置。\n4.允许应用查看手机上的蓝牙配置，以及建立和接受与配对设备的连接。\n5.显示弹框、全屏界面到其他应用上面\n6.允许应用修改或删除存储卡上的照片、媒体内容和文件。\n7.允许应用读取存储卡上的照片、媒体内容和文件。\n8.允许应用基于基站、 Wi-Fi 等网络源获取位置信息。\n9.允许应用基于GPS、基站、 Wi-Fi 等网络源获取位置信息。这可能会增加耗电量。\n10.允许应用获取本机号码、通话状态以及拨打的号码。\n11.允许应用自动拨打电话。\n12.修改设置应用中的设置项\n13.允许应用拍摄照片和视频。",
    "app_category": [
        "出行导航"
    ],
    "app_subcategory": [
        "热门",
        "用车"
    ],
    "app_APK_url": "https://appgallery.cloud.huawei.com/appdl/C100333243",
    "is_popular": true,
    "app_APK_name": "C100333243-1.8.13.apk",
    "app_policy_name": "C100333243-1.8.13.txt",
    "policy_html_source_code": "<html><head lang=\"zh-CN\"><meta http-equiv=\"Content-Type\" content=\"text/html; charset=UTF-8\">\n\t\n\t<meta name=\"viewport\" content=\"width=device-width, initial-scale=1.0, maximum-scale=1.0, user-scalable=no, minimal-ui\">\n\t<title>隐私保护协议</title>\n\t<style>\n\t\t* {\n\t\t\t-webkit-tap-highlight-color: rgba(0, 0, 0, 0) !important;\n\t\t\ttap-highlight-color: rgba(0, 0, 0, 0) !important;\n\t\t\t-webkit-box-sizing: border-box;\n\t\t\tbox-sizing: border-box;\n\t\t}\n\n\t\t*::after, *::before {\n\t\t\t-webkit-box-sizing: border-box;\n\t\t\tbox-sizing: border-box;\n\t\t}\n\n\t\thtml {\n\t\t\tfont-size: 62.5%;\n\t\t}\n\n\t\t@media only screen and (min-width: 481px) {\n\t\t\thtml {\n\t\t\t\tfont-size: 94% !important;\n\t\t\t}\n\t\t}\n\n\t\t@media only screen and (min-width: 561px) {\n\t\t\thtml {\n\t\t\t\tfont-size: 109% !important;\n\t\t\t}\n\t\t}\n\n\t\t@media only screen and (min-width: 641px) {\n\t\t\thtml {\n\t\t\t\tfont-size: 125% !important;\n\t\t\t}\n\t\t}\n\n\t\thtml, body, div, form, p, ul, li, span, label, img, h1, h2, h3, h4, h5,\n\t\th6 {\n\t\t\tmargin: 0;\n\t\t\tpadding: 0;\n\t\t\toutline: none;\n\t\t}\n\n\t\thtml, body {\n\t\t\twidth: 100%;\n\t\t}\n\n\t\tbody {\n\t\t\tposition: relative;\n\t\t\tfont-family: \"Helvetica Neue\", Helvetica, Arial, sans-serif;\n\t\t\t-webkit-font-smoothing: antialiased;\n\t\t\t-webkit-text-size-adjust: none;\n\t\t\t-webkit-user-select: none;\n\t\t\t-moz-user-select: none;\n\t\t\tuser-select: none;\n\t\t}\n\n\t\ttable {\n\t\t\tborder-collapse: collapse;\n\t\t\tborder-spacing: 0;\n\t\t}\n\n\t\ttd, th {\n\t\t\tpadding: 0;\n\t\t}\n\n\t\tul, li {\n\t\t\tlist-style: none;\n\t\t}\n\n\t\ta {\n\t\t\tcolor: #00bcf0;\n\t\t}\n\n\t\ta, a:hover {\n\t\t\ttext-decoration: none;\n\t\t\t-webkit-tap-highlight-color: rgba(0, 0, 0, 0);\n\t\t}\n\n\t\tbody {\n\t\t\tcolor: #333;\n\t\t}\n\n\t\t.ta-c {\n\t\t\ttext-align: center;\n\t\t}\n\n\t\t.p-1_5r {\n\t\t\tpadding: 1.5rem;\n\t\t}\n\n\t\th1 {\n\t\t\tmargin-bottom: 1rem;\n\t\t}\n\n\t\th4 {\n\t\t\tmargin-top: 1rem;\n\t\t\tmargin-bottom: .5rem;\n\t\t\tfont-size: 1.6rem;\n\t\t}\n\n\t\tp {\n\t\t\tmargin-bottom: .5rem;\n\t\t\tcolor: #555;\n\t\t\tfont-size: 1.4rem;\n\t\t\ttext-indent: 2.8rem;\n\t\t\tline-height: 1.8;\n\t\t}\n\n\t\tp2 {\n\t\t\tmargin-bottom: .5rem;\n\t\t\tcolor: #555;\n\t\t\tfont-size: 1.4rem;\n\t\t\ttext-indent: 2.8rem;\n\t\t\tline-height: 1.8;\n\t\t\tword-break: break-all;\n\t\t}\n\t\t.pright {\n\t\t\ttext-align: right;\n\t\t}\n\n\t\t.atext {\n\t\t\tfont-weight: bold;\n\t\t\tcolor: black;\n\t\t}\n\t</style>\n</head>\n<body class=\"p-1_5r\">\n<h4 class=\"ta-c\">用户隐私政策</h4>\n<div class=\"pright\"><p>生效时间： 2021年1月1日</p></div>\n<section>\n\t<p>  本政策仅适用于“万物在线” APP及对应软件系统（或）随附的相关服务。</p><p>\n</p></section>\n<section>\n\t<p>欢迎你使用本应用提供的 <span class=\"atext\">定位服务与终端防盗录音数据查询服务等产品功能！</span> 我们非常重视你的隐私保护和他人个人信息保护。</p><p>\n</p></section>\n<section>\n\t<p>本应用主要提供三类功能<span class=\"atext\">：定位服务、终端防盗录音数据查询和设备管理。</span> 如不同意本政策的任何内容或者无法理解相关内容，请不要进行后续操作。开始使用本应用，即表示你已充分理解本隐私政策的全部内容并同意接受其约束。</p>\n</section>\n<section>\n\t<p>  本隐私政策将帮助你了解以下内容：</p><p>\n\t</p><p>  1、我们收集哪些信息</p><p>\n\t</p><p>  2、我们如何使用Cookie和同类技术</p><p>\n\t</p><p>  3、信息的存储</p><p>\n\t</p><p>  4、信息安全</p><p>\n\t</p><p>  5、我们如何使用信息</p><p>\n\t</p><p>  6、对外提供</p><p>\n\t</p><p>  7、你的权利</p><p>\n\t</p><p>  8、未成年人保护</p><p>\n\t</p><p>  9、变更</p><p>\n\t</p><p>  10、与我们联系</p><p>\n\t</p><p>  本隐私政策具体内容如下：</p><p>\n</p></section>\n<section deep=\"0\">\n\t<h4>  一、    我们收集哪些信息</h4>\n\n\t<p>  在你使用本应用的过程中，会按照如下方式收集你在使用服务时主动提供或因为使用服务而产生的信息，用以向你提供服务：</p>\n\t<p> 1.1\t本产品可以使用手机号码注册。当你使用<span class=\"atext\">手机号码</span>完成注册时，我们会收集你的手机号码。手机号码属于敏感信息，收集此类信息是为了满足相关法律法规的网络实名制要求。如果拒绝提供该信息，可能无法登录应用及使用应用内的各项功能。</p>\n\t<p> 1.2\t当你使用本应用时，为保障你正常使用我们的服务，根据相关法律法规的要求，以及改进和优化我们的服务体验及保障你的账号安全的需要，我们会收集你的<span class=\"atext\">设备标识符（IMEI、IDFA、Android ID、MAC、OAID、ICCID、 设备序列号相关信息）、应用信息（应用崩溃信息、通知开关状态、软件列表相关信息）、设备参数及系统信息（设备类型、设备型号、操作系统及硬件相关信息） 、网络信息（IP地址，WiFi信息，基站信息相关信息），</span>这类信息是为提供服务必需收集的基础信息。</p>\n\t<p> 1.3\t请求网络数据和远程版本更新是本应用的基础功能，为此我们需要获取<span class=\"atext\">访问设备状态和外部存储的权限，</span>我们将会在你首次使用时申请这两项权限。如果你拒绝授权，应用将无法正常提供服务。你拒绝授权之后，如果希望继续使用，可以到系统权限管理模块中为本应用重新打开读取手机状态和读写外部存储的权限。</p>\n\t<p> 1.4\t我们会在获得你的自主选择同意后，获得你的<span class=\"atext\">精准定位信息（GPS信息），</span>目的是为了向你提供定位服务。该信息属于敏感信息，拒绝提供该信息会使你无法查看当前位信息，但不影响你正常使用其他功能，该信息加密存储半年，超过半年的数据我们将会进行删除处理。</p>\n\t<p> 1.5\t当你的终端设备使用录音服务时，我们会收集你的终端设备上传语音内容，因为收集语音部分设备基础服务所必需的。我们实时处理之后，向你返回处理结果并加密存储半年的数据，超过半年的数据我们将会进行删除处理。</p>\n\t<p> 1.6\t当你使用定位服务时，我们会使用地图的定位功能，因为设备定位服务是本应用的基础功能。我们收到百度地图/腾讯地图/高德地图返回的<span class=\"atext\">位置信息</span>后会及时显示在地图上，不会另做它用。</p>\n\t<p> 1.7 当你使用<span class=\"atext\">摄像头</span>扫描设备条形码的时候，可以获取设备的imei号，能够快速使用本产品，目的是让你不需要输入一长串的imei号来登录，减少繁琐操作。你可以拒绝授权获取摄像头权限，不会影响你正常使用本产品。</p>\n\t<p> 1.8\t为了帮助我们更好地了解我们应用程序的运行情况，我们通过调用第三方统计平台友盟+记录相关信息。我们不会将分析软件中的信息与你在应用程序中提供的任何个人身份信息相结合。</p>\n\t<p> 1.9\t当你使用分享功能时，我们会使用第三方分享工具（MobTech），目的是为了方便你将设备的行程分享给朋友。</p>\n\t<p> 1.10 应用启动时会关联启动应用推送服务且该服务能保护应用进程不被杀死，确保您能即时收到应用推送通知。</p>\n\t<p> 请你理解，我们向你提供的功能和服务是不断更新和发展的，如果某一功能或服务未在前述说明中且收集了你的信息，我们会通过页面提示、交互流程、网站公告等方式另行向你说明信息收集的内容、范围和目的。 </p>\n</section>\n<section>\n\t<h4> 二、    我们如何使用Cookie和同类技术</h4>\n\n\t<p>  Cookie是支持服务器端（或者脚本）在客户端上存储和检索信息的一种机制。当你在使用部分功能的时候，我们会向你的设备发送一个或多个Cookie或匿名标识符。当你与这些功能产生交互时，我们允许Cookie或者匿名标识符发送给服务器。Cookie 通常包含一些随机生成的字符。运用Cookie技术，本应用能够了解你的使用习惯，或帮你判断你账户的安全性。Cookie还可以帮助我们统计流量信息，分析页面设计的有效性。</p>\n\t<p>  我们不会将 Cookie 用于本政策所述目的之外的任何用途。你可根据自己的偏好管理或删除 Cookie。</p>\n</section>\n<section>\n\t<h4> 三、    信息的存储</h4>\n\n\t<p> 我们严格遵守法律法规的规定及与用户的约定，将收集的信息用于以下用途。若我们超出以下用途使用您的信息，我们将再次向您进行说明，并征得您的同意。</p>\n\t<p> 本应用所收集的用户个人信息，在互联网线路通过加密传输存放至我们的系统服务器，进行加密存储，我们的机房管理、服务器管理、网络管理以及本应用安全具有较高的安全水平。我们仅在本政策所述目的所必需期间和法律法规、监管规定的期间内保存你的信息。除非经你自主选择或遵从相关法律法规要求，我们不会对外提供上述信息，或者将其用于该功能以外的其他用途。</p>\n\t<p>  3.1信息存储的地点</p>\n\t<p>  我们会按照法律法规规定，将在中国境内收集和产生的个人信息存储于中国境内。</p>\n\t<p>  3.2信息存储的期限</p>\n\t<p>  一般而言，我们仅为实现目的所必需的时间保留你的个人信息。</p>\n\t<p>  当我们的产品或服务发生停止运营的情形时，我们将以推送通知、公告等形式通知你，在合理的期限内删除你的个人信息或进行匿名化处理，并立即停止收集个人信息的活动。</p>\n</section>\n<section>\n\t<h4> 四、    信息安全</h4>\n\n\t<p>  我们努力为用户的信息安全提供保障，以防止信息的丢失、不当使用、未经授权访问或披露。</p>\n\t<p>  我们将在合理的安全水平内使用各种安全保护措施以保障信息的安全。例如，我们会使用加密技术（例如SSL）、匿名化处理等手段来保护你的个人信息。</p>\n\t<p>  我们通过不断提升的技术手段加强安装在你设备端的软件的安全能力，以防止你的个人信息泄露。例如，我们为了安全传输会在你设备本地完成部分信息加密的工作。</p>\n\t<p>  我们建立专门的管理制度、流程和组织以保障信息的安全。例如，我们严格限制访问信息的人员范围，要求他们遵守保密义务。</p>\n\t<p>  若发生个人信息泄露等安全事件，我们会启动应急预案，阻止安全事件扩大，并以推送通知、公告等形式告知你。</p>\n</section>\n<section>\n\t<h4>  五、    第三方共享部分</h4>\n\t<p2>  \n\t<p2>  1、友盟统计分析组件SDK<br></p2>\n\t<p2>  信息获取：Mac地址、唯一设备识别码（IMEI/android ID/IDFA/OPENUDID/GUID、SIM 卡 IMSI 信息）、地理位置信息<br></p2>\n\t<p2>  使用目的：数据统计<br></p2>\n\t<p2>  隐私协议地址：<br></p2>\n\t<p2>  <a href=\"https://www.umeng.com/policy\">https://www.umeng.com/policy</a><br></p2>\n\t<br>\n\n\t<p2>  2、友盟分享组件SDK<br></p2>\n\t<p2>  信息获取：Mac地址、唯一设备识别码（IMEI/android ID/IDFA/OPENUDID/GUID、SIM 卡 IMSI 信息）、地理位置信息<br></p2>\n\t<p2>  使用目的：社交平台分享<br></p2>\n\t<p2>  隐私协议地址：<br></p2>\n\t<p2>  <a href=\"https://www.umeng.com/policy\">https://www.umeng.com/policy</a><br>\n\t\t  网站：<br></p2>\n\t\t  <a href=\"https://log.umsns.com\">https://log.umsns.com </a><br></p2>\n\t<br>\n\n\t<p2>  3、微信分享、支付SDK<br></p2>\n\t<p2>  信息获取：设备号、IP地址、设备软件信息、设备识别码、设备识别符、所在地区、网络使用习惯、设备相关应用信息以及其他与服务相关的日志信息<br></p2>\n\t<p2>  使用目的：社交平台分享、支付<br></p2>\n\t<p2>  隐私协议地址：<br></p2>\n\t<p2>  <a href=\"https://www.tenpay.com/v3/helpcenter/low/privacy.shtml\">https://www.tenpay.com/v3/helpcenter/low/privacy.shtml</a><br></p2>\n\t<p2>  <a href=\"https://privacy.qq.com/\">https://privacy.qq.com</a><br></p2>\n\t<br>\n\n\t<p2>  4、百度定位SDK<br></p2>\n\t<p2>  信息获取：硬件型号、操作系统版本、设备配置、唯一设备标识符、网络设备硬件地址MAC、广告标识符IDFA信息、设备连接信息以及设备状态信息、网络身份标识信息、位置信息、行踪轨迹。当您授予设备权限时，我们会收集国际移动设备身份码IMEI<br></p2>\n\t<p2>  使用目的：显示地图，位置定位。<br></p2>\n\t<p2>  隐私协议地址：<br></p2>\n\t<p2>  <a href=\"https://map.baidu.com/zt/client/privacy/index.html\">https://map.baidu.com/zt/client/privacy/index.html</a><br></p2>\n\t<br>\n\n    <p2>  5、腾讯定位SDK<br></p2>\n    <p2>  信息获取：硬件型号、操作系统版本、设备配置、唯一设备标识符、网络设备硬件地址MAC、广告标识符IDFA信息、设备连接信息以及设备状态信息、网络身份标识信息、位置信息、行踪轨迹。当您授予设备权限时，我们会收集国际移动设备身份码IMEI<br></p2>\n    <p2>  使用目的：显示地图，位置定位。<br></p2>\n    <p2>  隐私协议地址：<br></p2>\n    <p2>  <a href=\"https://map.wap.qq.com/app/protocol/privacyv2.html\">https://map.wap.qq.com/app/protocol/privacyv2.html</a><br></p2>\n    <br>\n\n    <p2>  6、高德定位SDK<br></p2>\n    <p2>  信息获取：硬件型号、操作系统版本、设备配置、唯一设备标识符、网络设备硬件地址MAC、广告标识符IDFA信息、设备连接信息以及设备状态信息、网络身份标识信息、位置信息、行踪轨迹。当您授予设备权限时，我们会收集国际移动设备身份码IMEI<br></p2>\n    <p2>  使用目的：显示地图，位置定位。<br></p2>\n    <p2>  隐私协议地址：<br></p2>\n    <p2>  <a href=\"https://cache.amap.com/h5/h5/publish/238/index.html\">https://cache.amap.com/h5/h5/publish/238/index.html</a><br></p2>\n\t\t<p2>  高德开放平台隐私权政策：<br></p2>\n    <p2>  <a href=\"https://lbs.amap.com/pages/privacy/\">https://lbs.amap.com/pages/privacy/</a><br></p2>\n    <br>\n\n\t<p2>  7、腾讯Bugly SDK<br></p2>\n\t<p2>  信息获取：设备 ID（包括：androidid，iccid 以及idfv）、联网信息、系统名称、系统版本以及国家码<br></p2>\n\t<p2>  使用目的：收集应用崩溃日志<br></p2>\n\t<p2>  隐私协议地址：<br></p2>\n\t<p2>  <a href=\"https://static.bugly.qq.com/bugly-sdk-privacy-statement.pdf\">https://static.bugly.qq.com/bugly-sdk-privacy-statement.pdf</a><br></p2>\n\n\t<p2>  8、QQ互联 SDK<br></p2>\n\t<p2>  信息获取：终端设备唯一标识符（Android_ID、IDFV、OAID）、操作系统版本、设备品牌及型号、设备配置、应用信息（应用名、应用版本号)<br></p2>\n\t<p2>  使用目的：QQ分享车辆位置信息<br></p2>\n\t<p2>  隐私协议地址：<br></p2>\n\t<p2>  <a href=\"https://wiki.connect.qq.com/qq%E4%BA%92%E8%81%94sdk%E9%9A%90%E7%A7%81%E4%BF%9D%E6%8A%A4%E5%A3%B0%E6%98%8E?dt_dapp=1\">https://wiki.connect.qq.com/qq%E4%BA%92%E8%81%94sdk%E9%9A%90%E7%A7%81%E4%BF%9D%E6%8A%A4%E5%A3%B0%E6%98%8E?dt_dapp=1</a><br></p2>\n</section>\n<section>\n\t<h4>  六、    我们如何使用信息</h4>\n\t<p>  为了确保服务的安全，帮助我们更好地了解我们应用程序的运行情况，我们可能记录相关信息，例如，你使用应用程序的频率、崩溃数据、总体使用情况、性能数据以及应用程序的来源。我们不会将我们存储在分析软件中的信息与你在应用程序中提供的任何个人身份信息相结合。</p>\n\t<p>  如我们使用你的个人信息，超出了与收集时所声称的目的及具有直接或合理关联的范围，我们将在使用你的个人信息前，再次向你告知并征得你的明示同意。</p>\n</section>\n<section>\n\t<h4>  七、    对外提供</h4>\n\t<p>  我们不会对外<span class=\"atext\">披露收集的个人信息，如必须披露时，</span>我们会向你告知此次公开披露的目的、披露信息的类型及可能涉及的敏感信息，并征得你的明示同意。</p>\n\t<p>  此外，根据相关法律法规及国家标准，以下情形中，我们可能会在没有事先征询你同意的情况下将你的信息<span class=\"atext\">对外披露：</span></p>\n\t<p>  1） 与国家安全、国防安全直接相关的；</p>\n\t<p>  2） 与公共安全、公共卫生、重大公共利益直接相关的；</p>\n\t<p>  3） 与犯罪侦查、起诉、审判和判决执行等直接相关的；</p>\n\t<p>  4） 出于维护个人信息主体或其他个人的生命、财产等重大合法权益但又很难得到本人同意的；</p>\n\t<p>  5） 个人信息主体自行向社会公众公开的个人信息；</p>\n\t<p>  6） 从合法公开披露的信息中收集个人信息的，如合法的新闻报道、政府信息公开等渠道；</p>\n\t<p>  7） 法律法规规定的其他情形。</p>\n</section>\n<section>\n\t<h4>  八、   你的权利</h4>\n\t<p> 在你使用本应用期间，为了你可以更加便捷地访问、更正、删除你的个人信息，同时保障你撤回对个人信息使用的同意及注销登录账号的权利，我们在产品设计中为你提供了相应的操作设置。</p>\n\t<p> 个人信息查询、更正、删除的操作路径为：【我的】-【帐号信息】。</p>\n\t<p> 如果你决定不再使用本产品，可联系你购买设备的经销商删除你账号信息,或在App中操作【我的】-【设置】-【注销账号】删除你的账号信息，账号注销后立即生效。注意：如果你在服务期满未续费，则我们在服务期满后有权单方面删除你的账户数据，你因此遭受的任何损失均由你个人自行承担，我们不承担任何责任。</p>\n</section>\n<section>\n\t<h4> 九、\t未成年人保护</h4>\n\t<p>  我们非常重视对未成年人个人信息的保护。根据相关法律法规的规定，若你是14周岁以下的未成年人，在使用本应用前，应事先取得你的家长或法定监护人的书面同意。若你是未成年人的监护人，当你对你所监护的未成年人的个人信息有相关疑问时，请通过第10节中的联系方式与我们联系。</p>\n</section>\n<section>\n\t<h4> 十、\t变更</h4>\n\t<p>  我们可能会适时对本政策进行修订。当政策的条款发生变更时，我们会在你登录及版本更新时以弹窗的形式向你展示变更后的指引。请你注意，只有在你点击弹窗中的同意按钮后，我们才会按照更新后的指引收集、使用、存储你的个人信息。你可以在【我的】-【关于我们】中随时查看本政策。</p>\n</section>\n<section>\n\t<h4> 十一、\t与我们联系</h4>\n\t<p>  你对本应用有任何意见或建议，请通过【我的】-【客服图标】与我们联系。我们将尽快审核所涉问题，并在验证你的用户身份后的十五天内予以回复。</p>\n\t<p>  我们设立了个人信息保护专职部门（或个人信息保护专员），您可以通过以下方式与其联系：</p>\n\t<!-- <p2>  邮箱：webmaster@goome.com</p2><br>\n\t<p2>  地址：深圳市南山区粤海街道高新区社区科技南十二路012号曙光大厦402</p2>\n\t<p class=\"pright\">深圳市谷米万物科技有限公司</p> -->\n<p2>开发者公司：深圳市谷米科技有限公司</p2><br>\n<p2>邮箱：webmaster@goome.com</p2><br>\n<p2>地址：深圳市南山区粤海街道高新区社区科技南十二路012号曙光大厦402</p2><br><br>\n<p2>运营方公司：深圳市谷米万物科技有限公司</p2><br>\n<p2>邮箱：webmaster@goome.com</p2><br>\n<p2>地址：深圳市光明区玉塘街道红星社区石岩水库坝下第八工业区第六栋301</p2>\n</section>\n\n</body></html>",
    "policy_text": "用户隐私政策\n生效时间： 2021年1月1日\n本政策仅适用于“万物在线” APP及对应软件系统（或）随附的相关服务。\n欢迎你使用本应用提供的 定位服务与终端防盗录音数据查询服务等产品功能！ 我们非常重视你的隐私保护和他人个人信息保护。\n本应用主要提供三类功能：定位服务、终端防盗录音数据查询和设备管理。 如不同意本政策的任何内容或者无法理解相关内容，请不要进行后续操作。开始使用本应用，即表示你已充分理解本隐私政策的全部内容并同意接受其约束。\n本隐私政策将帮助你了解以下内容：\n1、我们收集哪些信息\n2、我们如何使用Cookie和同类技术\n3、信息的存储\n4、信息安全\n5、我们如何使用信息\n6、对外提供\n7、你的权利\n8、未成年人保护\n9、变更\n10、与我们联系\n本隐私政策具体内容如下：\n一、    我们收集哪些信息\n在你使用本应用的过程中，会按照如下方式收集你在使用服务时主动提供或因为使用服务而产生的信息，用以向你提供服务：\n1.1\t本产品可以使用手机号码注册。当你使用手机号码完成注册时，我们会收集你的手机号码。手机号码属于敏感信息，收集此类信息是为了满足相关法律法规的网络实名制要求。如果拒绝提供该信息，可能无法登录应用及使用应用内的各项功能。\n1.2\t当你使用本应用时，为保障你正常使用我们的服务，根据相关法律法规的要求，以及改进和优化我们的服务体验及保障你的账号安全的需要，我们会收集你的设备标识符（IMEI、IDFA、Android ID、MAC、OAID、ICCID、 设备序列号相关信息）、应用信息（应用崩溃信息、通知开关状态、软件列表相关信息）、设备参数及系统信息（设备类型、设备型号、操作系统及硬件相关信息） 、网络信息（IP地址，WiFi信息，基站信息相关信息），这类信息是为提供服务必需收集的基础信息。\n1.3\t请求网络数据和远程版本更新是本应用的基础功能，为此我们需要获取访问设备状态和外部存储的权限，我们将会在你首次使用时申请这两项权限。如果你拒绝授权，应用将无法正常提供服务。你拒绝授权之后，如果希望继续使用，可以到系统权限管理模块中为本应用重新打开读取手机状态和读写外部存储的权限。\n1.4\t我们会在获得你的自主选择同意后，获得你的精准定位信息（GPS信息），目的是为了向你提供定位服务。该信息属于敏感信息，拒绝提供该信息会使你无法查看当前位信息，但不影响你正常使用其他功能，该信息加密存储半年，超过半年的数据我们将会进行删除处理。\n1.5\t当你的终端设备使用录音服务时，我们会收集你的终端设备上传语音内容，因为收集语音部分设备基础服务所必需的。我们实时处理之后，向你返回处理结果并加密存储半年的数据，超过半年的数据我们将会进行删除处理。\n1.6\t当你使用定位服务时，我们会使用地图的定位功能，因为设备定位服务是本应用的基础功能。我们收到百度地图/腾讯地图/高德地图返回的位置信息后会及时显示在地图上，不会另做它用。\n1.7 当你使用摄像头扫描设备条形码的时候，可以获取设备的imei号，能够快速使用本产品，目的是让你不需要输入一长串的imei号来登录，减少繁琐操作。你可以拒绝授权获取摄像头权限，不会影响你正常使用本产品。\n1.8\t为了帮助我们更好地了解我们应用程序的运行情况，我们通过调用第三方统计平台友盟+记录相关信息。我们不会将分析软件中的信息与你在应用程序中提供的任何个人身份信息相结合。\n1.9\t当你使用分享功能时，我们会使用第三方分享工具（MobTech），目的是为了方便你将设备的行程分享给朋友。\n1.10 应用启动时会关联启动应用推送服务且该服务能保护应用进程不被杀死，确保您能即时收到应用推送通知。\n请你理解，我们向你提供的功能和服务是不断更新和发展的，如果某一功能或服务未在前述说明中且收集了你的信息，我们会通过页面提示、交互流程、网站公告等方式另行向你说明信息收集的内容、范围和目的。\n二、    我们如何使用Cookie和同类技术\nCookie是支持服务器端（或者脚本）在客户端上存储和检索信息的一种机制。当你在使用部分功能的时候，我们会向你的设备发送一个或多个Cookie或匿名标识符。当你与这些功能产生交互时，我们允许Cookie或者匿名标识符发送给服务器。Cookie 通常包含一些随机生成的字符。运用Cookie技术，本应用能够了解你的使用习惯，或帮你判断你账户的安全性。Cookie还可以帮助我们统计流量信息，分析页面设计的有效性。\n我们不会将 Cookie 用于本政策所述目的之外的任何用途。你可根据自己的偏好管理或删除 Cookie。\n三、    信息的存储\n我们严格遵守法律法规的规定及与用户的约定，将收集的信息用于以下用途。若我们超出以下用途使用您的信息，我们将再次向您进行说明，并征得您的同意。\n本应用所收集的用户个人信息，在互联网线路通过加密传输存放至我们的系统服务器，进行加密存储，我们的机房管理、服务器管理、网络管理以及本应用安全具有较高的安全水平。我们仅在本政策所述目的所必需期间和法律法规、监管规定的期间内保存你的信息。除非经你自主选择或遵从相关法律法规要求，我们不会对外提供上述信息，或者将其用于该功能以外的其他用途。\n3.1信息存储的地点\n我们会按照法律法规规定，将在中国境内收集和产生的个人信息存储于中国境内。\n3.2信息存储的期限\n一般而言，我们仅为实现目的所必需的时间保留你的个人信息。\n当我们的产品或服务发生停止运营的情形时，我们将以推送通知、公告等形式通知你，在合理的期限内删除你的个人信息或进行匿名化处理，并立即停止收集个人信息的活动。\n四、    信息安全\n我们努力为用户的信息安全提供保障，以防止信息的丢失、不当使用、未经授权访问或披露。\n我们将在合理的安全水平内使用各种安全保护措施以保障信息的安全。例如，我们会使用加密技术（例如SSL）、匿名化处理等手段来保护你的个人信息。\n我们通过不断提升的技术手段加强安装在你设备端的软件的安全能力，以防止你的个人信息泄露。例如，我们为了安全传输会在你设备本地完成部分信息加密的工作。\n我们建立专门的管理制度、流程和组织以保障信息的安全。例如，我们严格限制访问信息的人员范围，要求他们遵守保密义务。\n若发生个人信息泄露等安全事件，我们会启动应急预案，阻止安全事件扩大，并以推送通知、公告等形式告知你。\n五、    第三方共享部分\n1、友盟统计分析组件SDK\n信息获取：Mac地址、唯一设备识别码（IMEI/android ID/IDFA/OPENUDID/GUID、SIM 卡 IMSI 信息）、地理位置信息\n使用目的：数据统计\n隐私协议地址：\nhttps://www.umeng.com/policy\n2、友盟分享组件SDK\n信息获取：Mac地址、唯一设备识别码（IMEI/android ID/IDFA/OPENUDID/GUID、SIM 卡 IMSI 信息）、地理位置信息\n使用目的：社交平台分享\n隐私协议地址：\nhttps://www.umeng.com/policy\n网站：\nhttps://log.umsns.com\n3、微信分享、支付SDK\n信息获取：设备号、IP地址、设备软件信息、设备识别码、设备识别符、所在地区、网络使用习惯、设备相关应用信息以及其他与服务相关的日志信息\n使用目的：社交平台分享、支付\n隐私协议地址：\nhttps://www.tenpay.com/v3/helpcenter/low/privacy.shtml\nhttps://privacy.qq.com\n4、百度定位SDK\n信息获取：硬件型号、操作系统版本、设备配置、唯一设备标识符、网络设备硬件地址MAC、广告标识符IDFA信息、设备连接信息以及设备状态信息、网络身份标识信息、位置信息、行踪轨迹。当您授予设备权限时，我们会收集国际移动设备身份码IMEI\n使用目的：显示地图，位置定位。\n隐私协议地址：\nhttps://map.baidu.com/zt/client/privacy/index.html\n5、腾讯定位SDK\n信息获取：硬件型号、操作系统版本、设备配置、唯一设备标识符、网络设备硬件地址MAC、广告标识符IDFA信息、设备连接信息以及设备状态信息、网络身份标识信息、位置信息、行踪轨迹。当您授予设备权限时，我们会收集国际移动设备身份码IMEI\n使用目的：显示地图，位置定位。\n隐私协议地址：\nhttps://map.wap.qq.com/app/protocol/privacyv2.html\n6、高德定位SDK\n信息获取：硬件型号、操作系统版本、设备配置、唯一设备标识符、网络设备硬件地址MAC、广告标识符IDFA信息、设备连接信息以及设备状态信息、网络身份标识信息、位置信息、行踪轨迹。当您授予设备权限时，我们会收集国际移动设备身份码IMEI\n使用目的：显示地图，位置定位。\n隐私协议地址：\nhttps://cache.amap.com/h5/h5/publish/238/index.html\n高德开放平台隐私权政策：\nhttps://lbs.amap.com/pages/privacy/\n7、腾讯Bugly SDK\n信息获取：设备 ID（包括：androidid，iccid 以及idfv）、联网信息、系统名称、系统版本以及国家码\n使用目的：收集应用崩溃日志\n隐私协议地址：\nhttps://static.bugly.qq.com/bugly-sdk-privacy-statement.pdf\n8、QQ互联 SDK\n信息获取：终端设备唯一标识符（Android_ID、IDFV、OAID）、操作系统版本、设备品牌及型号、设备配置、应用信息（应用名、应用版本号)\n使用目的：QQ分享车辆位置信息\n隐私协议地址：\nhttps://wiki.connect.qq.com/qq%E4%BA%92%E8%81%94sdk%E9%9A%90%E7%A7%81%E4%BF%9D%E6%8A%A4%E5%A3%B0%E6%98%8E?dt_dapp=1\n六、    我们如何使用信息\n为了确保服务的安全，帮助我们更好地了解我们应用程序的运行情况，我们可能记录相关信息，例如，你使用应用程序的频率、崩溃数据、总体使用情况、性能数据以及应用程序的来源。我们不会将我们存储在分析软件中的信息与你在应用程序中提供的任何个人身份信息相结合。\n如我们使用你的个人信息，超出了与收集时所声称的目的及具有直接或合理关联的范围，我们将在使用你的个人信息前，再次向你告知并征得你的明示同意。\n七、    对外提供\n我们不会对外披露收集的个人信息，如必须披露时，我们会向你告知此次公开披露的目的、披露信息的类型及可能涉及的敏感信息，并征得你的明示同意。\n此外，根据相关法律法规及国家标准，以下情形中，我们可能会在没有事先征询你同意的情况下将你的信息对外披露：\n1） 与国家安全、国防安全直接相关的；\n2） 与公共安全、公共卫生、重大公共利益直接相关的；\n3） 与犯罪侦查、起诉、审判和判决执行等直接相关的；\n4） 出于维护个人信息主体或其他个人的生命、财产等重大合法权益但又很难得到本人同意的；\n5） 个人信息主体自行向社会公众公开的个人信息；\n6） 从合法公开披露的信息中收集个人信息的，如合法的新闻报道、政府信息公开等渠道；\n7） 法律法规规定的其他情形。\n八、   你的权利\n在你使用本应用期间，为了你可以更加便捷地访问、更正、删除你的个人信息，同时保障你撤回对个人信息使用的同意及注销登录账号的权利，我们在产品设计中为你提供了相应的操作设置。\n个人信息查询、更正、删除的操作路径为：【我的】-【帐号信息】。\n如果你决定不再使用本产品，可联系你购买设备的经销商删除你账号信息,或在App中操作【我的】-【设置】-【注销账号】删除你的账号信息，账号注销后立即生效。注意：如果你在服务期满未续费，则我们在服务期满后有权单方面删除你的账户数据，你因此遭受的任何损失均由你个人自行承担，我们不承担任何责任。\n九、\t未成年人保护\n我们非常重视对未成年人个人信息的保护。根据相关法律法规的规定，若你是14周岁以下的未成年人，在使用本应用前，应事先取得你的家长或法定监护人的书面同意。若你是未成年人的监护人，当你对你所监护的未成年人的个人信息有相关疑问时，请通过第10节中的联系方式与我们联系。\n十、\t变更\n我们可能会适时对本政策进行修订。当政策的条款发生变更时，我们会在你登录及版本更新时以弹窗的形式向你展示变更后的指引。请你注意，只有在你点击弹窗中的同意按钮后，我们才会按照更新后的指引收集、使用、存储你的个人信息。你可以在【我的】-【关于我们】中随时查看本政策。\n十一、\t与我们联系\n你对本应用有任何意见或建议，请通过【我的】-【客服图标】与我们联系。我们将尽快审核所涉问题，并在验证你的用户身份后的十五天内予以回复。\n我们设立了个人信息保护专职部门（或个人信息保护专员），您可以通过以下方式与其联系：\n开发者公司：深圳市谷米科技有限公司\n邮箱：webmaster@goome.com\n地址：深圳市南山区粤海街道高新区社区科技南十二路012号曙光大厦402\n运营方公司：深圳市谷米万物科技有限公司\n邮箱：webmaster@goome.com\n地址：深圳市光明区玉塘街道红星社区石岩水库坝下第八工业区第六栋301",
    "policy_html_source_code_clean": "隐私保护协议\n<body>\n<h4>用户隐私政策</h4>\n<div><p>生效时间： 2021年1月1日</p></div>\n<section>\n<p>  本政策仅适用于“万物在线” APP及对应软件系统（或）随附的相关服务。</p><p>\n</p></section>\n<section>\n<p>欢迎你使用本应用提供的 <span>定位服务与终端防盗录音数据查询服务等产品功能！</span> 我们非常重视你的隐私保护和他人个人信息保护。</p><p>\n</p></section>\n<section>\n<p>本应用主要提供三类功能<span>：定位服务、终端防盗录音数据查询和设备管理。</span> 如不同意本政策的任何内容或者无法理解相关内容，请不要进行后续操作。开始使用本应用，即表示你已充分理解本隐私政策的全部内容并同意接受其约束。</p>\n</section>\n<section>\n<p>  本隐私政策将帮助你了解以下内容：</p><p>\n</p><p>  1、我们收集哪些信息</p><p>\n</p><p>  2、我们如何使用Cookie和同类技术</p><p>\n</p><p>  3、信息的存储</p><p>\n</p><p>  4、信息安全</p><p>\n</p><p>  5、我们如何使用信息</p><p>\n</p><p>  6、对外提供</p><p>\n</p><p>  7、你的权利</p><p>\n</p><p>  8、未成年人保护</p><p>\n</p><p>  9、变更</p><p>\n</p><p>  10、与我们联系</p><p>\n</p><p>  本隐私政策具体内容如下：</p><p>\n</p></section>\n<section>\n<h4>  一、    我们收集哪些信息</h4>\n<p>  在你使用本应用的过程中，会按照如下方式收集你在使用服务时主动提供或因为使用服务而产生的信息，用以向你提供服务：</p>\n<p> 1.1\t本产品可以使用手机号码注册。当你使用<span>手机号码</span>完成注册时，我们会收集你的手机号码。手机号码属于敏感信息，收集此类信息是为了满足相关法律法规的网络实名制要求。如果拒绝提供该信息，可能无法登录应用及使用应用内的各项功能。</p>\n<p> 1.2\t当你使用本应用时，为保障你正常使用我们的服务，根据相关法律法规的要求，以及改进和优化我们的服务体验及保障你的账号安全的需要，我们会收集你的<span>设备标识符（IMEI、IDFA、Android ID、MAC、OAID、ICCID、 设备序列号相关信息）、应用信息（应用崩溃信息、通知开关状态、软件列表相关信息）、设备参数及系统信息（设备类型、设备型号、操作系统及硬件相关信息） 、网络信息（IP地址，WiFi信息，基站信息相关信息），</span>这类信息是为提供服务必需收集的基础信息。</p>\n<p> 1.3\t请求网络数据和远程版本更新是本应用的基础功能，为此我们需要获取<span>访问设备状态和外部存储的权限，</span>我们将会在你首次使用时申请这两项权限。如果你拒绝授权，应用将无法正常提供服务。你拒绝授权之后，如果希望继续使用，可以到系统权限管理模块中为本应用重新打开读取手机状态和读写外部存储的权限。</p>\n<p> 1.4\t我们会在获得你的自主选择同意后，获得你的<span>精准定位信息（GPS信息），</span>目的是为了向你提供定位服务。该信息属于敏感信息，拒绝提供该信息会使你无法查看当前位信息，但不影响你正常使用其他功能，该信息加密存储半年，超过半年的数据我们将会进行删除处理。</p>\n<p> 1.5\t当你的终端设备使用录音服务时，我们会收集你的终端设备上传语音内容，因为收集语音部分设备基础服务所必需的。我们实时处理之后，向你返回处理结果并加密存储半年的数据，超过半年的数据我们将会进行删除处理。</p>\n<p> 1.6\t当你使用定位服务时，我们会使用地图的定位功能，因为设备定位服务是本应用的基础功能。我们收到百度地图/腾讯地图/高德地图返回的<span>位置信息</span>后会及时显示在地图上，不会另做它用。</p>\n<p> 1.7 当你使用<span>摄像头</span>扫描设备条形码的时候，可以获取设备的imei号，能够快速使用本产品，目的是让你不需要输入一长串的imei号来登录，减少繁琐操作。你可以拒绝授权获取摄像头权限，不会影响你正常使用本产品。</p>\n<p> 1.8\t为了帮助我们更好地了解我们应用程序的运行情况，我们通过调用第三方统计平台友盟+记录相关信息。我们不会将分析软件中的信息与你在应用程序中提供的任何个人身份信息相结合。</p>\n<p> 1.9\t当你使用分享功能时，我们会使用第三方分享工具（MobTech），目的是为了方便你将设备的行程分享给朋友。</p>\n<p> 1.10 应用启动时会关联启动应用推送服务且该服务能保护应用进程不被杀死，确保您能即时收到应用推送通知。</p>\n<p> 请你理解，我们向你提供的功能和服务是不断更新和发展的，如果某一功能或服务未在前述说明中且收集了你的信息，我们会通过页面提示、交互流程、网站公告等方式另行向你说明信息收集的内容、范围和目的。 </p>\n</section>\n<section>\n<h4> 二、    我们如何使用Cookie和同类技术</h4>\n<p>  Cookie是支持服务器端（或者脚本）在客户端上存储和检索信息的一种机制。当你在使用部分功能的时候，我们会向你的设备发送一个或多个Cookie或匿名标识符。当你与这些功能产生交互时，我们允许Cookie或者匿名标识符发送给服务器。Cookie 通常包含一些随机生成的字符。运用Cookie技术，本应用能够了解你的使用习惯，或帮你判断你账户的安全性。Cookie还可以帮助我们统计流量信息，分析页面设计的有效性。</p>\n<p>  我们不会将 Cookie 用于本政策所述目的之外的任何用途。你可根据自己的偏好管理或删除 Cookie。</p>\n</section>\n<section>\n<h4> 三、    信息的存储</h4>\n<p> 我们严格遵守法律法规的规定及与用户的约定，将收集的信息用于以下用途。若我们超出以下用途使用您的信息，我们将再次向您进行说明，并征得您的同意。</p>\n<p> 本应用所收集的用户个人信息，在互联网线路通过加密传输存放至我们的系统服务器，进行加密存储，我们的机房管理、服务器管理、网络管理以及本应用安全具有较高的安全水平。我们仅在本政策所述目的所必需期间和法律法规、监管规定的期间内保存你的信息。除非经你自主选择或遵从相关法律法规要求，我们不会对外提供上述信息，或者将其用于该功能以外的其他用途。</p>\n<p>  3.1信息存储的地点</p>\n<p>  我们会按照法律法规规定，将在中国境内收集和产生的个人信息存储于中国境内。</p>\n<p>  3.2信息存储的期限</p>\n<p>  一般而言，我们仅为实现目的所必需的时间保留你的个人信息。</p>\n<p>  当我们的产品或服务发生停止运营的情形时，我们将以推送通知、公告等形式通知你，在合理的期限内删除你的个人信息或进行匿名化处理，并立即停止收集个人信息的活动。</p>\n</section>\n<section>\n<h4> 四、    信息安全</h4>\n<p>  我们努力为用户的信息安全提供保障，以防止信息的丢失、不当使用、未经授权访问或披露。</p>\n<p>  我们将在合理的安全水平内使用各种安全保护措施以保障信息的安全。例如，我们会使用加密技术（例如SSL）、匿名化处理等手段来保护你的个人信息。</p>\n<p>  我们通过不断提升的技术手段加强安装在你设备端的软件的安全能力，以防止你的个人信息泄露。例如，我们为了安全传输会在你设备本地完成部分信息加密的工作。</p>\n<p>  我们建立专门的管理制度、流程和组织以保障信息的安全。例如，我们严格限制访问信息的人员范围，要求他们遵守保密义务。</p>\n<p>  若发生个人信息泄露等安全事件，我们会启动应急预案，阻止安全事件扩大，并以推送通知、公告等形式告知你。</p>\n</section>\n<section>\n<h4>  五、    第三方共享部分</h4>\n<p2>\n<p2>  1、友盟统计分析组件SDK<br/></p2>\n<p2>  信息获取：Mac地址、唯一设备识别码（IMEI/android ID/IDFA/OPENUDID/GUID、SIM 卡 IMSI 信息）、地理位置信息<br/></p2>\n<p2>  使用目的：数据统计<br/></p2>\n<p2>  隐私协议地址：<br/></p2>\n<p2> <a href=\"https://www.umeng.com/policy\" target=\"_blank\">https://www.umeng.com/policy</a><br/></p2>\n<br/>\n<p2>  2、友盟分享组件SDK<br/></p2>\n<p2>  信息获取：Mac地址、唯一设备识别码（IMEI/android ID/IDFA/OPENUDID/GUID、SIM 卡 IMSI 信息）、地理位置信息<br/></p2>\n<p2>  使用目的：社交平台分享<br/></p2>\n<p2>  隐私协议地址：<br/></p2>\n<p2> <a href=\"https://www.umeng.com/policy\" target=\"_blank\">https://www.umeng.com/policy</a><br/>\n\t\t  网站：<br/></p2>\n<a href=\"https://log.umsns.com\" target=\"_blank\">https://log.umsns.com </a><br/></p2>\n<br/>\n<p2>  3、微信分享、支付SDK<br/></p2>\n<p2>  信息获取：设备号、IP地址、设备软件信息、设备识别码、设备识别符、所在地区、网络使用习惯、设备相关应用信息以及其他与服务相关的日志信息<br/></p2>\n<p2>  使用目的：社交平台分享、支付<br/></p2>\n<p2>  隐私协议地址：<br/></p2>\n<p2> <a href=\"https://www.tenpay.com/v3/helpcenter/low/privacy.shtml\" target=\"_blank\">https://www.tenpay.com/v3/helpcenter/low/privacy.shtml</a><br/></p2>\n<p2> <a href=\"https://privacy.qq.com/\" target=\"_blank\">https://privacy.qq.com</a><br/></p2>\n<br/>\n<p2>  4、百度定位SDK<br/></p2>\n<p2>  信息获取：硬件型号、操作系统版本、设备配置、唯一设备标识符、网络设备硬件地址MAC、广告标识符IDFA信息、设备连接信息以及设备状态信息、网络身份标识信息、位置信息、行踪轨迹。当您授予设备权限时，我们会收集国际移动设备身份码IMEI<br/></p2>\n<p2>  使用目的：显示地图，位置定位。<br/></p2>\n<p2>  隐私协议地址：<br/></p2>\n<p2> <a href=\"https://map.baidu.com/zt/client/privacy/index.html\" target=\"_blank\">https://map.baidu.com/zt/client/privacy/index.html</a><br/></p2>\n<br/>\n<p2>  5、腾讯定位SDK<br/></p2>\n<p2>  信息获取：硬件型号、操作系统版本、设备配置、唯一设备标识符、网络设备硬件地址MAC、广告标识符IDFA信息、设备连接信息以及设备状态信息、网络身份标识信息、位置信息、行踪轨迹。当您授予设备权限时，我们会收集国际移动设备身份码IMEI<br/></p2>\n<p2>  使用目的：显示地图，位置定位。<br/></p2>\n<p2>  隐私协议地址：<br/></p2>\n<p2> <a href=\"https://map.wap.qq.com/app/protocol/privacyv2.html\" target=\"_blank\">https://map.wap.qq.com/app/protocol/privacyv2.html</a><br/></p2>\n<br/>\n<p2>  6、高德定位SDK<br/></p2>\n<p2>  信息获取：硬件型号、操作系统版本、设备配置、唯一设备标识符、网络设备硬件地址MAC、广告标识符IDFA信息、设备连接信息以及设备状态信息、网络身份标识信息、位置信息、行踪轨迹。当您授予设备权限时，我们会收集国际移动设备身份码IMEI<br/></p2>\n<p2>  使用目的：显示地图，位置定位。<br/></p2>\n<p2>  隐私协议地址：<br/></p2>\n<p2> <a href=\"https://cache.amap.com/h5/h5/publish/238/index.html\" target=\"_blank\">https://cache.amap.com/h5/h5/publish/238/index.html</a><br/></p2>\n<p2>  高德开放平台隐私权政策：<br/></p2>\n<p2> <a href=\"https://lbs.amap.com/pages/privacy/\" target=\"_blank\">https://lbs.amap.com/pages/privacy/</a><br/></p2>\n<br/>\n<p2>  7、腾讯Bugly SDK<br/></p2>\n<p2>  信息获取：设备 ID（包括：androidid，iccid 以及idfv）、联网信息、系统名称、系统版本以及国家码<br/></p2>\n<p2>  使用目的：收集应用崩溃日志<br/></p2>\n<p2>  隐私协议地址：<br/></p2>\n<p2> <a href=\"https://static.bugly.qq.com/bugly-sdk-privacy-statement.pdf\" target=\"_blank\">https://static.bugly.qq.com/bugly-sdk-privacy-statement.pdf</a><br/></p2>\n<p2>  8、QQ互联 SDK<br/></p2>\n<p2>  信息获取：终端设备唯一标识符（Android_ID、IDFV、OAID）、操作系统版本、设备品牌及型号、设备配置、应用信息（应用名、应用版本号)<br/></p2>\n<p2>  使用目的：QQ分享车辆位置信息<br/></p2>\n<p2>  隐私协议地址：<br/></p2>\n<p2> <a href=\"https://wiki.connect.qq.com/qq%E4%BA%92%E8%81%94sdk%E9%9A%90%E7%A7%81%E4%BF%9D%E6%8A%A4%E5%A3%B0%E6%98%8E?dt_dapp=1\" target=\"_blank\">https://wiki.connect.qq.com/qq%E4%BA%92%E8%81%94sdk%E9%9A%90%E7%A7%81%E4%BF%9D%E6%8A%A4%E5%A3%B0%E6%98%8E?dt_dapp=1</a><br/></p2>\n</section>\n<section>\n<h4>  六、    我们如何使用信息</h4>\n<p>  为了确保服务的安全，帮助我们更好地了解我们应用程序的运行情况，我们可能记录相关信息，例如，你使用应用程序的频率、崩溃数据、总体使用情况、性能数据以及应用程序的来源。我们不会将我们存储在分析软件中的信息与你在应用程序中提供的任何个人身份信息相结合。</p>\n<p>  如我们使用你的个人信息，超出了与收集时所声称的目的及具有直接或合理关联的范围，我们将在使用你的个人信息前，再次向你告知并征得你的明示同意。</p>\n</section>\n<section>\n<h4>  七、    对外提供</h4>\n<p>  我们不会对外<span>披露收集的个人信息，如必须披露时，</span>我们会向你告知此次公开披露的目的、披露信息的类型及可能涉及的敏感信息，并征得你的明示同意。</p>\n<p>  此外，根据相关法律法规及国家标准，以下情形中，我们可能会在没有事先征询你同意的情况下将你的信息<span>对外披露：</span></p>\n<p>  1） 与国家安全、国防安全直接相关的；</p>\n<p>  2） 与公共安全、公共卫生、重大公共利益直接相关的；</p>\n<p>  3） 与犯罪侦查、起诉、审判和判决执行等直接相关的；</p>\n<p>  4） 出于维护个人信息主体或其他个人的生命、财产等重大合法权益但又很难得到本人同意的；</p>\n<p>  5） 个人信息主体自行向社会公众公开的个人信息；</p>\n<p>  6） 从合法公开披露的信息中收集个人信息的，如合法的新闻报道、政府信息公开等渠道；</p>\n<p>  7） 法律法规规定的其他情形。</p>\n</section>\n<section>\n<h4>  八、   你的权利</h4>\n<p> 在你使用本应用期间，为了你可以更加便捷地访问、更正、删除你的个人信息，同时保障你撤回对个人信息使用的同意及注销登录账号的权利，我们在产品设计中为你提供了相应的操作设置。</p>\n<p> 个人信息查询、更正、删除的操作路径为：【我的】-【帐号信息】。</p>\n<p> 如果你决定不再使用本产品，可联系你购买设备的经销商删除你账号信息,或在App中操作【我的】-【设置】-【注销账号】删除你的账号信息，账号注销后立即生效。注意：如果你在服务期满未续费，则我们在服务期满后有权单方面删除你的账户数据，你因此遭受的任何损失均由你个人自行承担，我们不承担任何责任。</p>\n</section>\n<section>\n<h4> 九、\t未成年人保护</h4>\n<p>  我们非常重视对未成年人个人信息的保护。根据相关法律法规的规定，若你是14周岁以下的未成年人，在使用本应用前，应事先取得你的家长或法定监护人的书面同意。若你是未成年人的监护人，当你对你所监护的未成年人的个人信息有相关疑问时，请通过第10节中的联系方式与我们联系。</p>\n</section>\n<section>\n<h4> 十、\t变更</h4>\n<p>  我们可能会适时对本政策进行修订。当政策的条款发生变更时，我们会在你登录及版本更新时以弹窗的形式向你展示变更后的指引。请你注意，只有在你点击弹窗中的同意按钮后，我们才会按照更新后的指引收集、使用、存储你的个人信息。你可以在【我的】-【关于我们】中随时查看本政策。</p>\n</section>\n<section>\n<h4> 十一、\t与我们联系</h4>\n<p>  你对本应用有任何意见或建议，请通过【我的】-【客服图标】与我们联系。我们将尽快审核所涉问题，并在验证你的用户身份后的十五天内予以回复。</p>\n<p>  我们设立了个人信息保护专职部门（或个人信息保护专员），您可以通过以下方式与其联系：</p>\n<p2>开发者公司：深圳市谷米科技有限公司</p2><br/>\n<p2>邮箱：webmaster@goome.com</p2><br/>\n<p2>地址：深圳市南山区粤海街道高新区社区科技南十二路012号曙光大厦402</p2><br/><br/>\n<p2>运营方公司：深圳市谷米万物科技有限公司</p2><br/>\n<p2>邮箱：webmaster@goome.com</p2><br/>\n<p2>地址：深圳市光明区玉塘街道红星社区石岩水库坝下第八工业区第六栋301</p2>\n</section>\n</body>",
    "policy_text_clean": "隐私保护协议\n用户隐私政策\n生效时间： 2021年1月1日\n本政策仅适用于“万物在线” APP及对应软件系统（或）随附的相关服务。\n欢迎你使用本应用提供的 定位服务与终端防盗录音数据查询服务等产品功能！ 我们非常重视你的隐私保护和他人个人信息保护。\n本应用主要提供三类功能：定位服务、终端防盗录音数据查询和设备管理。 如不同意本政策的任何内容或者无法理解相关内容，请不要进行后续操作。开始使用本应用，即表示你已充分理解本隐私政策的全部内容并同意接受其约束。\n本隐私政策将帮助你了解以下内容：\n1、我们收集哪些信息\n2、我们如何使用Cookie和同类技术\n3、信息的存储\n4、信息安全\n5、我们如何使用信息\n6、对外提供\n7、你的权利\n8、未成年人保护\n9、变更\n10、与我们联系\n本隐私政策具体内容如下：\n一、    我们收集哪些信息\n在你使用本应用的过程中，会按照如下方式收集你在使用服务时主动提供或因为使用服务而产生的信息，用以向你提供服务：\n1.1\t本产品可以使用手机号码注册。当你使用手机号码完成注册时，我们会收集你的手机号码。手机号码属于敏感信息，收集此类信息是为了满足相关法律法规的网络实名制要求。如果拒绝提供该信息，可能无法登录应用及使用应用内的各项功能。\n1.2\t当你使用本应用时，为保障你正常使用我们的服务，根据相关法律法规的要求，以及改进和优化我们的服务体验及保障你的账号安全的需要，我们会收集你的设备标识符（IMEI、IDFA、Android ID、MAC、OAID、ICCID、 设备序列号相关信息）、应用信息（应用崩溃信息、通知开关状态、软件列表相关信息）、设备参数及系统信息（设备类型、设备型号、操作系统及硬件相关信息） 、网络信息（IP地址，WiFi信息，基站信息相关信息），这类信息是为提供服务必需收集的基础信息。\n1.3\t请求网络数据和远程版本更新是本应用的基础功能，为此我们需要获取访问设备状态和外部存储的权限，我们将会在你首次使用时申请这两项权限。如果你拒绝授权，应用将无法正常提供服务。你拒绝授权之后，如果希望继续使用，可以到系统权限管理模块中为本应用重新打开读取手机状态和读写外部存储的权限。\n1.4\t我们会在获得你的自主选择同意后，获得你的精准定位信息（GPS信息），目的是为了向你提供定位服务。该信息属于敏感信息，拒绝提供该信息会使你无法查看当前位信息，但不影响你正常使用其他功能，该信息加密存储半年，超过半年的数据我们将会进行删除处理。\n1.5\t当你的终端设备使用录音服务时，我们会收集你的终端设备上传语音内容，因为收集语音部分设备基础服务所必需的。我们实时处理之后，向你返回处理结果并加密存储半年的数据，超过半年的数据我们将会进行删除处理。\n1.6\t当你使用定位服务时，我们会使用地图的定位功能，因为设备定位服务是本应用的基础功能。我们收到百度地图/腾讯地图/高德地图返回的位置信息后会及时显示在地图上，不会另做它用。\n1.7 当你使用摄像头扫描设备条形码的时候，可以获取设备的imei号，能够快速使用本产品，目的是让你不需要输入一长串的imei号来登录，减少繁琐操作。你可以拒绝授权获取摄像头权限，不会影响你正常使用本产品。\n1.8\t为了帮助我们更好地了解我们应用程序的运行情况，我们通过调用第三方统计平台友盟+记录相关信息。我们不会将分析软件中的信息与你在应用程序中提供的任何个人身份信息相结合。\n1.9\t当你使用分享功能时，我们会使用第三方分享工具（MobTech），目的是为了方便你将设备的行程分享给朋友。\n1.10 应用启动时会关联启动应用推送服务且该服务能保护应用进程不被杀死，确保您能即时收到应用推送通知。\n请你理解，我们向你提供的功能和服务是不断更新和发展的，如果某一功能或服务未在前述说明中且收集了你的信息，我们会通过页面提示、交互流程、网站公告等方式另行向你说明信息收集的内容、范围和目的。\n二、    我们如何使用Cookie和同类技术\nCookie是支持服务器端（或者脚本）在客户端上存储和检索信息的一种机制。当你在使用部分功能的时候，我们会向你的设备发送一个或多个Cookie或匿名标识符。当你与这些功能产生交互时，我们允许Cookie或者匿名标识符发送给服务器。Cookie 通常包含一些随机生成的字符。运用Cookie技术，本应用能够了解你的使用习惯，或帮你判断你账户的安全性。Cookie还可以帮助我们统计流量信息，分析页面设计的有效性。\n我们不会将 Cookie 用于本政策所述目的之外的任何用途。你可根据自己的偏好管理或删除 Cookie。\n三、    信息的存储\n我们严格遵守法律法规的规定及与用户的约定，将收集的信息用于以下用途。若我们超出以下用途使用您的信息，我们将再次向您进行说明，并征得您的同意。\n本应用所收集的用户个人信息，在互联网线路通过加密传输存放至我们的系统服务器，进行加密存储，我们的机房管理、服务器管理、网络管理以及本应用安全具有较高的安全水平。我们仅在本政策所述目的所必需期间和法律法规、监管规定的期间内保存你的信息。除非经你自主选择或遵从相关法律法规要求，我们不会对外提供上述信息，或者将其用于该功能以外的其他用途。\n3.1信息存储的地点\n我们会按照法律法规规定，将在中国境内收集和产生的个人信息存储于中国境内。\n3.2信息存储的期限\n一般而言，我们仅为实现目的所必需的时间保留你的个人信息。\n当我们的产品或服务发生停止运营的情形时，我们将以推送通知、公告等形式通知你，在合理的期限内删除你的个人信息或进行匿名化处理，并立即停止收集个人信息的活动。\n四、    信息安全\n我们努力为用户的信息安全提供保障，以防止信息的丢失、不当使用、未经授权访问或披露。\n我们将在合理的安全水平内使用各种安全保护措施以保障信息的安全。例如，我们会使用加密技术（例如SSL）、匿名化处理等手段来保护你的个人信息。\n我们通过不断提升的技术手段加强安装在你设备端的软件的安全能力，以防止你的个人信息泄露。例如，我们为了安全传输会在你设备本地完成部分信息加密的工作。\n我们建立专门的管理制度、流程和组织以保障信息的安全。例如，我们严格限制访问信息的人员范围，要求他们遵守保密义务。\n若发生个人信息泄露等安全事件，我们会启动应急预案，阻止安全事件扩大，并以推送通知、公告等形式告知你。\n五、    第三方共享部分\n1、友盟统计分析组件SDK\n信息获取：Mac地址、唯一设备识别码（IMEI/android ID/IDFA/OPENUDID/GUID、SIM 卡 IMSI 信息）、地理位置信息\n使用目的：数据统计\n隐私协议地址：\nhttps://www.umeng.com/policy\n2、友盟分享组件SDK\n信息获取：Mac地址、唯一设备识别码（IMEI/android ID/IDFA/OPENUDID/GUID、SIM 卡 IMSI 信息）、地理位置信息\n使用目的：社交平台分享\n隐私协议地址：\nhttps://www.umeng.com/policy\n网站：\nhttps://log.umsns.com\n3、微信分享、支付SDK\n信息获取：设备号、IP地址、设备软件信息、设备识别码、设备识别符、所在地区、网络使用习惯、设备相关应用信息以及其他与服务相关的日志信息\n使用目的：社交平台分享、支付\n隐私协议地址：\nhttps://www.tenpay.com/v3/helpcenter/low/privacy.shtml\nhttps://privacy.qq.com\n4、百度定位SDK\n信息获取：硬件型号、操作系统版本、设备配置、唯一设备标识符、网络设备硬件地址MAC、广告标识符IDFA信息、设备连接信息以及设备状态信息、网络身份标识信息、位置信息、行踪轨迹。当您授予设备权限时，我们会收集国际移动设备身份码IMEI\n使用目的：显示地图，位置定位。\n隐私协议地址：\nhttps://map.baidu.com/zt/client/privacy/index.html\n5、腾讯定位SDK\n信息获取：硬件型号、操作系统版本、设备配置、唯一设备标识符、网络设备硬件地址MAC、广告标识符IDFA信息、设备连接信息以及设备状态信息、网络身份标识信息、位置信息、行踪轨迹。当您授予设备权限时，我们会收集国际移动设备身份码IMEI\n使用目的：显示地图，位置定位。\n隐私协议地址：\nhttps://map.wap.qq.com/app/protocol/privacyv2.html\n6、高德定位SDK\n信息获取：硬件型号、操作系统版本、设备配置、唯一设备标识符、网络设备硬件地址MAC、广告标识符IDFA信息、设备连接信息以及设备状态信息、网络身份标识信息、位置信息、行踪轨迹。当您授予设备权限时，我们会收集国际移动设备身份码IMEI\n使用目的：显示地图，位置定位。\n隐私协议地址：\nhttps://cache.amap.com/h5/h5/publish/238/index.html\n高德开放平台隐私权政策：\nhttps://lbs.amap.com/pages/privacy/\n7、腾讯Bugly SDK\n信息获取：设备 ID（包括：androidid，iccid 以及idfv）、联网信息、系统名称、系统版本以及国家码\n使用目的：收集应用崩溃日志\n隐私协议地址：\nhttps://static.bugly.qq.com/bugly-sdk-privacy-statement.pdf\n8、QQ互联 SDK\n信息获取：终端设备唯一标识符（Android_ID、IDFV、OAID）、操作系统版本、设备品牌及型号、设备配置、应用信息（应用名、应用版本号)\n使用目的：QQ分享车辆位置信息\n隐私协议地址：\nhttps://wiki.connect.qq.com/qq%E4%BA%92%E8%81%94sdk%E9%9A%90%E7%A7%81%E4%BF%9D%E6%8A%A4%E5%A3%B0%E6%98%8E?dt_dapp=1\n六、    我们如何使用信息\n为了确保服务的安全，帮助我们更好地了解我们应用程序的运行情况，我们可能记录相关信息，例如，你使用应用程序的频率、崩溃数据、总体使用情况、性能数据以及应用程序的来源。我们不会将我们存储在分析软件中的信息与你在应用程序中提供的任何个人身份信息相结合。\n如我们使用你的个人信息，超出了与收集时所声称的目的及具有直接或合理关联的范围，我们将在使用你的个人信息前，再次向你告知并征得你的明示同意。\n七、    对外提供\n我们不会对外披露收集的个人信息，如必须披露时，我们会向你告知此次公开披露的目的、披露信息的类型及可能涉及的敏感信息，并征得你的明示同意。\n此外，根据相关法律法规及国家标准，以下情形中，我们可能会在没有事先征询你同意的情况下将你的信息对外披露：\n1） 与国家安全、国防安全直接相关的；\n2） 与公共安全、公共卫生、重大公共利益直接相关的；\n3） 与犯罪侦查、起诉、审判和判决执行等直接相关的；\n4） 出于维护个人信息主体或其他个人的生命、财产等重大合法权益但又很难得到本人同意的；\n5） 个人信息主体自行向社会公众公开的个人信息；\n6） 从合法公开披露的信息中收集个人信息的，如合法的新闻报道、政府信息公开等渠道；\n7） 法律法规规定的其他情形。\n八、   你的权利\n在你使用本应用期间，为了你可以更加便捷地访问、更正、删除你的个人信息，同时保障你撤回对个人信息使用的同意及注销登录账号的权利，我们在产品设计中为你提供了相应的操作设置。\n个人信息查询、更正、删除的操作路径为：【我的】-【帐号信息】。\n如果你决定不再使用本产品，可联系你购买设备的经销商删除你账号信息,或在App中操作【我的】-【设置】-【注销账号】删除你的账号信息，账号注销后立即生效。注意：如果你在服务期满未续费，则我们在服务期满后有权单方面删除你的账户数据，你因此遭受的任何损失均由你个人自行承担，我们不承担任何责任。\n九、\t未成年人保护\n我们非常重视对未成年人个人信息的保护。根据相关法律法规的规定，若你是14周岁以下的未成年人，在使用本应用前，应事先取得你的家长或法定监护人的书面同意。若你是未成年人的监护人，当你对你所监护的未成年人的个人信息有相关疑问时，请通过第10节中的联系方式与我们联系。\n十、\t变更\n我们可能会适时对本政策进行修订。当政策的条款发生变更时，我们会在你登录及版本更新时以弹窗的形式向你展示变更后的指引。请你注意，只有在你点击弹窗中的同意按钮后，我们才会按照更新后的指引收集、使用、存储你的个人信息。你可以在【我的】-【关于我们】中随时查看本政策。\n十一、\t与我们联系\n你对本应用有任何意见或建议，请通过【我的】-【客服图标】与我们联系。我们将尽快审核所涉问题，并在验证你的用户身份后的十五天内予以回复。\n我们设立了个人信息保护专职部门（或个人信息保护专员），您可以通过以下方式与其联系：\n开发者公司：深圳市谷米科技有限公司\n邮箱：webmaster@goome.com\n地址：深圳市南山区粤海街道高新区社区科技南十二路012号曙光大厦402\n运营方公司：深圳市谷米万物科技有限公司\n邮箱：webmaster@goome.com\n地址：深圳市光明区玉塘街道红星社区石岩水库坝下第八工业区第六栋301"
}