{
    "app_id": "C100523513",
    "app_name": "云掌柜",
    "app_version": "4.8.2",
    "app_download_num_description": "66 万次安装",
    "app_package_name": "com.inn",
    "app_score": 5.0,
    "app_package_size": "16.9 MB",
    "app_package_size_precise": 17722596,
    "app_icon_url": "https://appimg.dbankcdn.com/application/icon144/de07dd39cc204ff597ffcbb9031a52f5.png",
    "app_developer": "北京米天下科技股份有限公司",
    "app_update_time": "2023-01-09",
    "app_update_description": "1）APP界面全新升级、优化整体交互样式及页面层级\n2）优化统计页数据展示\n3）新增客户意见反馈入口\n4）修复部分BUG",
    "app_description": "云掌柜作为住宿业数字化营销管家，提供专业化民宿管理工具与多维生态资源整合营销服务。专注于服务好每一位掌柜，持续给用户提供长期、稳定的服务，让天下没有难做的民宿生意。\n\n云掌柜用户数已超16万家，覆盖了丽江、大理、厦门、杭州、苏州、上海、北京、台湾、清迈、曼谷、东京等500多个海内外热门旅游目的地。\n\n专业化民宿管理工具，提高管理效率降低成本\n\n【房态管理】\n表格化房态页面操作简单，数据云端存储；\n【财务统计】\n智能分析民宿运营状况，多维报表对账清晰；\n【渠道直连】\n打通20+预订平台，直连渠道最多的PMS；\n【商超管理】\n打造民宿经营多业态，助力提升二销收入；\n【扩展功能】\n种类多样开通简单，订制个性化管理工具。\n\n多元化营销资源整合，增加预订渠道提升收入\n\n【微信营销】\n开通民宿微官网，小程序，打造“0佣金OTA”\n精选商品  推广大使  点赞赢好礼\n【预售团购】\n策划民宿“住宿+”套餐，淡季大力去库存\n黄山猪栏酒吧   1000间夜售罄\n腾冲想住幸福里   累计销售额100w+元\n【会员营销】\n设置多种营销玩法，激活老粉丝，提高复购率\n会员等级  会员积分  会员储值  智能短信\n【网站优化】\n助力民宿上线网站挂牌挂冠，提升排名速增收益\n携程  美团  途家  爱彼迎等\n【全网代销】\n一键分销至全网46个订房平台，获取长尾订单\n\n生态化民宿升级服务，赋能民宿建立竞争优势\n\n民宿学院—民宿充电站\n千宿—民宿托管\n云优选—民宿易耗品\n民宿贷—大数据贷款\n小宿Design—民宿设计\nOpen Kitchen—民宿餐饮培训\n民宿保险—民宿保险业务\n良库好货—旅游社交电商\n\n售前\n经营状况分析  需求梳理  产品介绍\n售中\n解决方案  案例展示\n售后\n一对一使用培训  997客服在线  功能服务持续迭代\n\n公众号：云掌柜\n电话：400-002-1566\n十家民宿 九家云掌柜",
    "app_policy_url": "https://vip.yunzhanggui.net/H5v1/public/policy",
    "app_listed_permission": "1.读取通话状态和移动网络信息\n2.完全的网络访问权限\n3.相机\n4.修改或删除存储卡中的内容\n5.读取存储卡中的内容\n6.拨打电话\n7.修改系统设置\n8.读取已安装应用软件列表\n9.查看 Wi-Fi 连接\n10.显示在其他应用上面\n11.访问大致位置信息（使用网络进行定位）\n12.访问确切位置信息（使用 GPS 和网络进行定位）\n13.在后台使用位置信息\n14.获取额外的位置信息提供程序命令",
    "app_listed_permission_description": "1.允许应用获取本机号码、通话状态以及拨打的号码。\n2.允许该应用创建网络套接字和使用自定义网络协议。浏览器和其他某些应用提供了向互联网发送数据的途径，因此应用无需该权限即可向互联网发送数据。\n3.允许应用拍摄照片和视频。\n4.允许应用修改或删除存储卡上的照片、媒体内容和文件。\n5.允许应用读取存储卡上的照片、媒体内容和文件。\n6.允许应用自动拨打电话。\n7.修改设置应用中的设置项\n8.允许应用读取设备上的已安装应用软件列表。\n9.允许该应用查看 Wi-Fi 网络的相关信息，例如是否开启 Wi-Fi 及已连接的 Wi-Fi 设备名称。\n10.显示弹框、全屏界面到其他应用上面\n11.允许应用基于基站、 Wi-Fi 等网络源获取位置信息。\n12.允许应用基于GPS、基站、 Wi-Fi 等网络源获取位置信息。这可能会增加耗电量。\n13.如应用已获取了“访问确切位置信息”或“访问大致位置信息”权限，则允许应用在后台运行时使用位置信息。\n14.允许应用访问额外的位置提供程序命令。此权限可让该应用干扰 GPS 或其他位置源的运行。",
    "app_category": [
        "旅游住宿"
    ],
    "app_subcategory": [
        "热门",
        "住宿"
    ],
    "app_APK_url": "https://appgallery.cloud.huawei.com/appdl/C100523513",
    "is_popular": true,
    "app_APK_name": "C100523513-4.8.2.apk",
    "app_policy_name": "C100523513-4.8.2.txt",
    "policy_html_source_code": "<html lang=\"en\"><head>\n    <meta charset=\"UTF-8\">\n    <meta name=\"viewport\" content=\"width=device-width, initial-scale=1.0\">\n    <title>隐私政策</title>\n    <link rel=\"stylesheet\" href=\"/h5v1/css/mobile.css\">\n</head>\n<body>\n<!-- 云掌柜隐私协议 -->\n<div class=\"agreement-wrap\">\n    <div class=\"content\">\n        <p class=\"pb16\">感谢您使用云掌柜的产品和服务。您在使用我们的服务时，我们将按照云掌柜用户隐私政策（以下简称“本政策”）收集、存储、使用及对外提供您的信息。请您在使用我们的服务前仔细阅读并理解本政策全部内容。</p>\n        <div class=\"\">\n            <p class=\"tl title pb16\">\n                收集的信息\n            </p>\n            <p class=\"pb16 details\">\n                1、您在注册账号时填写的信息，如：手机号码、短信验证码、密码信息。\n            </p>\n            <p class=\"pb16\">\n                2、您在使用服务时上传的信息，如：你的日志行为（账户信息、用户会话、访问时间、访问页面、客户端IP地址信息），以及终端信息（设备型号、操作系统、设备标识、浏览器信息）。\n            </p>\n        </div>\n        <div class=\"\">\n            <p class=\"tl title pb16\">\n                信息的使用\n            </p>\n            <p class=\"pb16 details\">\n                1、向您提供服务，您的信息可能会用于身份验证、安全防范、诈骗监测、预防或禁止非法活动、降低风险、存档和备份用途；\n            </p>\n            <p class=\"pb16 details\">\n                2、产品开发或帮助我们评估、改善或设计服务及运营活动；\n            </p>\n            <p class=\"pb16 details\">\n                3、安全保障，本应用不会向任何无关第三方提供您的个人信息，除非获得您的许可，或联合第三方共同向您提供服务；\n            </p>\n            <p class=\"pb16 details\">\n                根据法律法规或监管要求向相关部门进行报告。\n            </p>\n        </div>\n        <div class=\"\">policy\n            <p class=\"tl title pb16\">\n                Cookie及相关技术的使用\n            </p>\n            <p class=\"pb16 details\">\n                您访问我们的网站或使用提供的服务时，我们可能通过放置安全的Cookie及相关技术收集您的信息，这么做可帮您省去重复输入注册信息的步骤，或者帮助判断您的账户安全状态。您有权对Cookie的接受程度或者拒绝我们的Cookie。您可以通过改变浏览器附加程序的设置，或通过访问提供商的网页，来关闭或删除浏览器附加程序使用的类似数据。但这样做可能会影响您的访问安全以及使用我们提供的服务。\n            </p>\n        </div>\n        <div class=\"\">\n            <p class=\"tl title pb16\">\n                信息共享\n            </p>\n            <p class=\"pb16 details\">\n                我们遵循法律法规的规定，对您的信息进行严格保密。除法律法规及监管部门另有规定外，我们仅在以下情形中与第三方共享您的信息：\n            </p>\n            <p class=\"pb16 details\">\n                1、事先经过您的同意\n            </p>\n            <p class=\"pb16 details\">\n                2、仅为实现外部处理的目的，包括我们的关联公司、第三方合作伙伴等。在分享您的信息之前，我们会对该第三方收集信息的合法性、正当性、必要性，让他们按照我们的说明、隐私政策以及其他法律法规与监管要求。\n            </p>\n            <p class=\"pb16 details\">\n                3、随着我们业务的持续发展，当发生合并、收购、资产转让等交易导致向第三方分享您的个人信息时，我们将通过推送通知、公告等形式告知您相关情形，按照法律法规及不低于本政策所要求的标准继续保护或要求新的管理者继续保护您的个人信息。\n            </p>\n            <p class=\"pb16 details\">\n                4、我们会将所收集到的信息用于大数据分析。例如，我们将收集到的信息用于分析形成不包含任何个人信息的城市热力图或行业洞察报告。我们可能对外公开并与我们的合作伙伴分享经统计加工后不含身份识别内容的信息，用于了解用户如何使用我们服务或让公众了解我们服务的总体使用趋势。\n            </p>\n            <p class=\"pb16 details\">\n                5、目前我们的第三方合作伙伴类型及收集的信息、使用目的如下:<br><br>\n\n                友盟SDK<br>\n                第三方名称：友盟同欣（北京）科技有限公司<br>\n                功能：数据统计<br>\n                描述：友盟+SDK需要收集您的设备Mac地址、唯-设备识别码(IMEl/android ID/DFA/OPENUDID/GUID、SIM 卡IMSI信息)以提供统计分析服务，并通过地理位置校准报表数据准确性，提供基础反作弊能力<br><br>\n\n                支付宝SDK（基于Android系统）<br>\n                第三方名称：支付宝（中国）网络技术有限公司<br>\n                功能：支付<br>\n                描述：“App支付”(支付宝) SDK提供上述服务的过程中，我们将会采集常用设备信息(如ME/IMSI、 SM卡序列号/MAC地址、android _id)、网络信息， 用于用户登录账户和支付过程中的安全风控，除上述信息之外,我们不会通过第三方应手机用户的其他个人数据<br><br>\n\n                <a href=\"https://www.jiguang.cn/license/privacy\" style=\"text-decoration: underline;color: #1d91e4;\">极光SDK(https://www.jiguang.cn/license/privacy)</a><br>\n                第三方名称：深圳市和讯华谷信息技术有限公司<br>\n                功能：消息推送<br>\n                描述：用于实现消息推送的功能,极光SDK为实现如下业务功能、需要收集最终用户的“网络信息\"和/或“位置信息”时，前提是最终用户需要授权开启“读写SD卡权限”、“网络访问权限”、“设备信息权限和/或\"位置权限”。如果您的终端用户不想被收集上述信息，可以通过关闭“读写SD卡权限”、“网络访问权限”、“设备信息权限’和/或“位置权限”实现<br><br>\n\n\n            </p>\n        </div>\n        <div class=\"\">\n            <p class=\"tl title pb16\">\n                披露信息\n            </p>\n            <p class=\"pb16 details\">\n                我们可能基于以下目的披露您的信息：\n            </p>\n            <p class=\"pb16 details\">\n                1、经您事先同意，向第三方披露；\n            </p>\n            <p class=\"pb16 details\">\n                2、遵守法院判决、裁定或其他法律程序的规定；\n            </p>\n            <p class=\"pb16 details\">\n                3、遵守相关政府机关或其他法定授权组织的要求；\n            </p>\n            <p class=\"pb16 details\">\n                4、出于维护您或其他个人的生命、财产等重大合法权益但又很难得到您本人同意的；\n            </p>\n            <p class=\"pb16 details\">\n                5、为执行相关服务协议或本政策、维护社会公共利益，为保护我们的客户、我们或我们的关联公司、其他用户或雇员的人身财产安全或其他合法权益合理且必要的用途。\n            </p>\n        </div>\n        <div class=\"\">\n            <p class=\"tl title pb16\">\n                隐私权限\n            </p>\n            <p class=\"pb16 details\">\n                1、获取您的设备信息 获取⼿机设备号⽤来作为登录的验证。\n            </p>\n            <p class=\"pb16\">\n                2、存储⽤来更新新下载的Apk，以及保存数据库⽂件和缓存图⽚。\n            </p>\n            <p class=\"pb16\">\n                3、摄像头权限⽤来拍照上传⼀键反馈，及时跟踪⽤户意见这三条也得加进这个网站里。\n            </p>\n            <p class=\"pb16\">\n                4、获取用户的软件安装列表，用于用户手动更新App，只针对版本过低用户进行更新\n            </p>\n        </div>\n        <div class=\"\">\n            <p class=\"tl title pb16\">\n                注销账号的路径：\n            </p>\n\n            <p class=\"pb16 details\">\n                您可以通过以下方式申请注销云掌柜产品账号，一旦您注销云掌柜账号，将无法以此账号使用云掌柜产品的服务，我们会删除您的个人信息或作匿名化处理。上述注销行为和后果是不可逆的，因此请您谨慎操作，以下方式均可以注销：\n            </p>\n            <p class=\"pb16 details\">\n                a、 通过登录云掌柜PC端：点击“在线客服”在线联系客服确认注销意愿、客服核实您的身份和相关信息，核实完成后，在后台注销您的账户。\n            </p>\n            <p class=\"pb16 details\">\n                b、 致电云掌柜客服电话：400-002-1566。确认注销意愿、客服会核实您的身份和相关信息，核实完成后，在后台注销您的账户。\n            </p>\n        </div>\n        <div class=\"\">\n            <p class=\"tl title pb16\">\n                账号注销处理时效：\n            </p>\n            <p class=\"pb16 details\">\n                在收到您的账号注销请求后，云掌柜将在3至5个工作日予以处理；\n            </p>\n        </div>\n        <div class=\"\">\n            <p class=\"tl title pb16\">\n                信息安全\n            </p>\n\n            <p class=\"pb16 details\">\n                1、我们为您的信息提供相应的安全保障，以防止信息的丢失、不当使用、未经授权访问或披露\n\n            </p>\n            <p class=\"pb16 details\">\n                2、我们严格遵守法律法规保护用户的通信秘密。\n            </p>\n            <p class=\"pb16 details\">\n                3、我们将在合理的安全水平内使用各种安全保护措施以保障信息的安全。\n            </p>\n            <p class=\"pb16 details\">\n                4、我们建立专门的管理制度、流程和组织确保信息安全。\n            </p>\n            <p class=\"pb16 details\">\n                5、若发生个人信息泄露等安全事件，我们会启动应急预案，阻止安全事件扩大，并以推送通知、公告等形式告知您。\n            </p>\n        </div>\n        <div class=\"\">\n            <p class=\"tl title pb16\">\n                自启动和关联启动\n            </p>\n\n            <p class=\"pb16 details\">\n                本应用其中的主要功能之一是能为云掌柜的用户实现推送，所以云掌柜需要一直保持在后台运行以确保云掌柜用户能够正常使用该模块功能，在获得用户授权的情况下，在出现意外崩溃，手机断电后重启、系统故障等等情况下，云掌柜会通过关联第三方等方式进行自启动和关联启动，如若不想使用该功能，可前往APP-我的-设置-用户推送处关闭。\n            </p>\n            <p class=\"pb16 details\">\n                信息名称：极光推送\n            </p>\n            <p class=\"pb16 details\">\n                使用目的：自启动设备离线状态时，通过离线PUSH推送进入APP\n            </p>\n            <p class=\"pb16 details\">\n                使用场景：APP离线、进程在线\n            </p>\n            <p class=\"pb16 details\">\n                收集情况：推送后校验一次\n            </p>\n        </div>\n        <div class=\"\">\n            <p class=\"pb16 title tl\">本政策的使用及更新</p>\n            <p class=\"details pb16\">\n                本政策适用云掌柜提供的相关产品或服务，包括web、手机客户端等版本产品及服务。如本政策发生更新，我们将以APP推送通知、弹窗提示、发送邮件/短消息或者在我们的官方网站发布公告的方式来通知您。为了您能及时接收到通知，建议您在联系方式更新时及时通知我们。变更后的政策内容在公示届满7日起生效，如您在本政策更新生效后继续使用我们的服务，即表示您已充分阅读、理解并接受更新后的政策并愿意受更新后的政策约束。\n            </p>\n            <p class=\"details pb16\">\n                本政策发布于2012年3月1号，生效于2012年3月1号，更新于2021年8月23号。\n            </p>\n            <p class=\"details pb16\">\n                开发者名称-北京米天下科技股份有限公司\n                应用名称-云掌柜。\n            </p>\n        </div>\n    </div>\n</div>\n\n\n</body></html>",
    "policy_text": "感谢您使用云掌柜的产品和服务。您在使用我们的服务时，我们将按照云掌柜用户隐私政策（以下简称“本政策”）收集、存储、使用及对外提供您的信息。请您在使用我们的服务前仔细阅读并理解本政策全部内容。\n收集的信息\n\n1、您在注册账号时填写的信息，如：手机号码、短信验证码、密码信息。\n\n2、您在使用服务时上传的信息，如：你的日志行为（账户信息、用户会话、访问时间、访问页面、客户端IP地址信息），以及终端信息（设备型号、操作系统、设备标识、浏览器信息）。\n\n信息的使用\n\n1、向您提供服务，您的信息可能会用于身份验证、安全防范、诈骗监测、预防或禁止非法活动、降低风险、存档和备份用途；\n\n2、产品开发或帮助我们评估、改善或设计服务及运营活动；\n\n3、安全保障，本应用不会向任何无关第三方提供您的个人信息，除非获得您的许可，或联合第三方共同向您提供服务；\n\n根据法律法规或监管要求向相关部门进行报告。\n\npolicy\n\nCookie及相关技术的使用\n\n您访问我们的网站或使用提供的服务时，我们可能通过放置安全的Cookie及相关技术收集您的信息，这么做可帮您省去重复输入注册信息的步骤，或者帮助判断您的账户安全状态。您有权对Cookie的接受程度或者拒绝我们的Cookie。您可以通过改变浏览器附加程序的设置，或通过访问提供商的网页，来关闭或删除浏览器附加程序使用的类似数据。但这样做可能会影响您的访问安全以及使用我们提供的服务。\n\n信息共享\n\n我们遵循法律法规的规定，对您的信息进行严格保密。除法律法规及监管部门另有规定外，我们仅在以下情形中与第三方共享您的信息：\n\n1、事先经过您的同意\n\n2、仅为实现外部处理的目的，包括我们的关联公司、第三方合作伙伴等。在分享您的信息之前，我们会对该第三方收集信息的合法性、正当性、必要性，让他们按照我们的说明、隐私政策以及其他法律法规与监管要求。\n\n3、随着我们业务的持续发展，当发生合并、收购、资产转让等交易导致向第三方分享您的个人信息时，我们将通过推送通知、公告等形式告知您相关情形，按照法律法规及不低于本政策所要求的标准继续保护或要求新的管理者继续保护您的个人信息。\n\n4、我们会将所收集到的信息用于大数据分析。例如，我们将收集到的信息用于分析形成不包含任何个人信息的城市热力图或行业洞察报告。我们可能对外公开并与我们的合作伙伴分享经统计加工后不含身份识别内容的信息，用于了解用户如何使用我们服务或让公众了解我们服务的总体使用趋势。\n\n5、目前我们的第三方合作伙伴类型及收集的信息、使用目的如下:\n友盟SDK\n第三方名称：友盟同欣（北京）科技有限公司\n功能：数据统计\n描述：友盟+SDK需要收集您的设备Mac地址、唯-设备识别码(IMEl/android ID/DFA/OPENUDID/GUID、SIM 卡IMSI信息)以提供统计分析服务，并通过地理位置校准报表数据准确性，提供基础反作弊能力\n支付宝SDK（基于Android系统）\n第三方名称：支付宝（中国）网络技术有限公司\n功能：支付\n描述：“App支付”(支付宝) SDK提供上述服务的过程中，我们将会采集常用设备信息(如ME/IMSI、 SM卡序列号/MAC地址、android _id)、网络信息， 用于用户登录账户和支付过程中的安全风控，除上述信息之外,我们不会通过第三方应手机用户的其他个人数据\n极光SDK(https://www.jiguang.cn/license/privacy)\n第三方名称：深圳市和讯华谷信息技术有限公司\n功能：消息推送\n描述：用于实现消息推送的功能,极光SDK为实现如下业务功能、需要收集最终用户的“网络信息\"和/或“位置信息”时，前提是最终用户需要授权开启“读写SD卡权限”、“网络访问权限”、“设备信息权限和/或\"位置权限”。如果您的终端用户不想被收集上述信息，可以通过关闭“读写SD卡权限”、“网络访问权限”、“设备信息权限’和/或“位置权限”实现\n披露信息\n\n我们可能基于以下目的披露您的信息：\n\n1、经您事先同意，向第三方披露；\n\n2、遵守法院判决、裁定或其他法律程序的规定；\n\n3、遵守相关政府机关或其他法定授权组织的要求；\n\n4、出于维护您或其他个人的生命、财产等重大合法权益但又很难得到您本人同意的；\n\n5、为执行相关服务协议或本政策、维护社会公共利益，为保护我们的客户、我们或我们的关联公司、其他用户或雇员的人身财产安全或其他合法权益合理且必要的用途。\n\n隐私权限\n\n1、获取您的设备信息 获取⼿机设备号⽤来作为登录的验证。\n\n2、存储⽤来更新新下载的Apk，以及保存数据库⽂件和缓存图⽚。\n\n3、摄像头权限⽤来拍照上传⼀键反馈，及时跟踪⽤户意见这三条也得加进这个网站里。\n\n4、获取用户的软件安装列表，用于用户手动更新App，只针对版本过低用户进行更新\n\n注销账号的路径：\n\n您可以通过以下方式申请注销云掌柜产品账号，一旦您注销云掌柜账号，将无法以此账号使用云掌柜产品的服务，我们会删除您的个人信息或作匿名化处理。上述注销行为和后果是不可逆的，因此请您谨慎操作，以下方式均可以注销：\n\na、 通过登录云掌柜PC端：点击“在线客服”在线联系客服确认注销意愿、客服核实您的身份和相关信息，核实完成后，在后台注销您的账户。\n\nb、 致电云掌柜客服电话：400-002-1566。确认注销意愿、客服会核实您的身份和相关信息，核实完成后，在后台注销您的账户。\n\n账号注销处理时效：\n\n在收到您的账号注销请求后，云掌柜将在3至5个工作日予以处理；\n\n信息安全\n\n1、我们为您的信息提供相应的安全保障，以防止信息的丢失、不当使用、未经授权访问或披露\n\n2、我们严格遵守法律法规保护用户的通信秘密。\n\n3、我们将在合理的安全水平内使用各种安全保护措施以保障信息的安全。\n\n4、我们建立专门的管理制度、流程和组织确保信息安全。\n\n5、若发生个人信息泄露等安全事件，我们会启动应急预案，阻止安全事件扩大，并以推送通知、公告等形式告知您。\n\n自启动和关联启动\n\n本应用其中的主要功能之一是能为云掌柜的用户实现推送，所以云掌柜需要一直保持在后台运行以确保云掌柜用户能够正常使用该模块功能，在获得用户授权的情况下，在出现意外崩溃，手机断电后重启、系统故障等等情况下，云掌柜会通过关联第三方等方式进行自启动和关联启动，如若不想使用该功能，可前往APP-我的-设置-用户推送处关闭。\n\n信息名称：极光推送\n\n使用目的：自启动设备离线状态时，通过离线PUSH推送进入APP\n\n使用场景：APP离线、进程在线\n\n收集情况：推送后校验一次\n\n本政策的使用及更新\n本政策适用云掌柜提供的相关产品或服务，包括web、手机客户端等版本产品及服务。如本政策发生更新，我们将以APP推送通知、弹窗提示、发送邮件/短消息或者在我们的官方网站发布公告的方式来通知您。为了您能及时接收到通知，建议您在联系方式更新时及时通知我们。变更后的政策内容在公示届满7日起生效，如您在本政策更新生效后继续使用我们的服务，即表示您已充分阅读、理解并接受更新后的政策并愿意受更新后的政策约束。\n\n本政策发布于2012年3月1号，生效于2012年3月1号，更新于2021年8月23号。\n\n开发者名称-北京米天下科技股份有限公司\n应用名称-云掌柜。\n",
    "policy_html_source_code_clean": "隐私政策\n<div>\n<p>感谢您使用云掌柜的产品和服务。您在使用我们的服务时，我们将按照云掌柜用户隐私政策（以下简称“本政策”）收集、存储、使用及对外提供您的信息。请您在使用我们的服务前仔细阅读并理解本政策全部内容。</p>\n<div>\n<p>\n                收集的信息\n            </p>\n<p>\n                1、您在注册账号时填写的信息，如：手机号码、短信验证码、密码信息。\n            </p>\n<p>\n                2、您在使用服务时上传的信息，如：你的日志行为（账户信息、用户会话、访问时间、访问页面、客户端IP地址信息），以及终端信息（设备型号、操作系统、设备标识、浏览器信息）。\n            </p>\n</div>\n<div>\n<p>\n                信息的使用\n            </p>\n<p>\n                1、向您提供服务，您的信息可能会用于身份验证、安全防范、诈骗监测、预防或禁止非法活动、降低风险、存档和备份用途；\n            </p>\n<p>\n                2、产品开发或帮助我们评估、改善或设计服务及运营活动；\n            </p>\n<p>\n                3、安全保障，本应用不会向任何无关第三方提供您的个人信息，除非获得您的许可，或联合第三方共同向您提供服务；\n            </p>\n<p>\n                根据法律法规或监管要求向相关部门进行报告。\n            </p>\n</div>\n<div>policy\n            <p>\n                Cookie及相关技术的使用\n            </p>\n<p>\n                您访问我们的网站或使用提供的服务时，我们可能通过放置安全的Cookie及相关技术收集您的信息，这么做可帮您省去重复输入注册信息的步骤，或者帮助判断您的账户安全状态。您有权对Cookie的接受程度或者拒绝我们的Cookie。您可以通过改变浏览器附加程序的设置，或通过访问提供商的网页，来关闭或删除浏览器附加程序使用的类似数据。但这样做可能会影响您的访问安全以及使用我们提供的服务。\n            </p>\n</div>\n<div>\n<p>\n                信息共享\n            </p>\n<p>\n                我们遵循法律法规的规定，对您的信息进行严格保密。除法律法规及监管部门另有规定外，我们仅在以下情形中与第三方共享您的信息：\n            </p>\n<p>\n                1、事先经过您的同意\n            </p>\n<p>\n                2、仅为实现外部处理的目的，包括我们的关联公司、第三方合作伙伴等。在分享您的信息之前，我们会对该第三方收集信息的合法性、正当性、必要性，让他们按照我们的说明、隐私政策以及其他法律法规与监管要求。\n            </p>\n<p>\n                3、随着我们业务的持续发展，当发生合并、收购、资产转让等交易导致向第三方分享您的个人信息时，我们将通过推送通知、公告等形式告知您相关情形，按照法律法规及不低于本政策所要求的标准继续保护或要求新的管理者继续保护您的个人信息。\n            </p>\n<p>\n                4、我们会将所收集到的信息用于大数据分析。例如，我们将收集到的信息用于分析形成不包含任何个人信息的城市热力图或行业洞察报告。我们可能对外公开并与我们的合作伙伴分享经统计加工后不含身份识别内容的信息，用于了解用户如何使用我们服务或让公众了解我们服务的总体使用趋势。\n            </p>\n<p>\n                5、目前我们的第三方合作伙伴类型及收集的信息、使用目的如下:<br/><br/>\n\n                友盟SDK<br/>\n                第三方名称：友盟同欣（北京）科技有限公司<br/>\n                功能：数据统计<br/>\n                描述：友盟+SDK需要收集您的设备Mac地址、唯-设备识别码(IMEl/android ID/DFA/OPENUDID/GUID、SIM 卡IMSI信息)以提供统计分析服务，并通过地理位置校准报表数据准确性，提供基础反作弊能力<br/><br/>\n\n                支付宝SDK（基于Android系统）<br/>\n                第三方名称：支付宝（中国）网络技术有限公司<br/>\n                功能：支付<br/>\n                描述：“App支付”(支付宝) SDK提供上述服务的过程中，我们将会采集常用设备信息(如ME/IMSI、 SM卡序列号/MAC地址、android _id)、网络信息， 用于用户登录账户和支付过程中的安全风控，除上述信息之外,我们不会通过第三方应手机用户的其他个人数据<br/><br/>\n<a href=\"https://www.jiguang.cn/license/privacy\" target=\"_blank\">极光SDK(https://www.jiguang.cn/license/privacy)</a><br/>\n                第三方名称：深圳市和讯华谷信息技术有限公司<br/>\n                功能：消息推送<br/>\n                描述：用于实现消息推送的功能,极光SDK为实现如下业务功能、需要收集最终用户的“网络信息&quot;和/或“位置信息”时，前提是最终用户需要授权开启“读写SD卡权限”、“网络访问权限”、“设备信息权限和/或&quot;位置权限”。如果您的终端用户不想被收集上述信息，可以通过关闭“读写SD卡权限”、“网络访问权限”、“设备信息权限’和/或“位置权限”实现<br/><br/>\n</p>\n</div>\n<div>\n<p>\n                披露信息\n            </p>\n<p>\n                我们可能基于以下目的披露您的信息：\n            </p>\n<p>\n                1、经您事先同意，向第三方披露；\n            </p>\n<p>\n                2、遵守法院判决、裁定或其他法律程序的规定；\n            </p>\n<p>\n                3、遵守相关政府机关或其他法定授权组织的要求；\n            </p>\n<p>\n                4、出于维护您或其他个人的生命、财产等重大合法权益但又很难得到您本人同意的；\n            </p>\n<p>\n                5、为执行相关服务协议或本政策、维护社会公共利益，为保护我们的客户、我们或我们的关联公司、其他用户或雇员的人身财产安全或其他合法权益合理且必要的用途。\n            </p>\n</div>\n<div>\n<p>\n                隐私权限\n            </p>\n<p>\n                1、获取您的设备信息 获取⼿机设备号⽤来作为登录的验证。\n            </p>\n<p>\n                2、存储⽤来更新新下载的Apk，以及保存数据库⽂件和缓存图⽚。\n            </p>\n<p>\n                3、摄像头权限⽤来拍照上传⼀键反馈，及时跟踪⽤户意见这三条也得加进这个网站里。\n            </p>\n<p>\n                4、获取用户的软件安装列表，用于用户手动更新App，只针对版本过低用户进行更新\n            </p>\n</div>\n<div>\n<p>\n                注销账号的路径：\n            </p>\n<p>\n                您可以通过以下方式申请注销云掌柜产品账号，一旦您注销云掌柜账号，将无法以此账号使用云掌柜产品的服务，我们会删除您的个人信息或作匿名化处理。上述注销行为和后果是不可逆的，因此请您谨慎操作，以下方式均可以注销：\n            </p>\n<p>\n                a、 通过登录云掌柜PC端：点击“在线客服”在线联系客服确认注销意愿、客服核实您的身份和相关信息，核实完成后，在后台注销您的账户。\n            </p>\n<p>\n                b、 致电云掌柜客服电话：400-002-1566。确认注销意愿、客服会核实您的身份和相关信息，核实完成后，在后台注销您的账户。\n            </p>\n</div>\n<div>\n<p>\n                账号注销处理时效：\n            </p>\n<p>\n                在收到您的账号注销请求后，云掌柜将在3至5个工作日予以处理；\n            </p>\n</div>\n<div>\n<p>\n                信息安全\n            </p>\n<p>\n                1、我们为您的信息提供相应的安全保障，以防止信息的丢失、不当使用、未经授权访问或披露\n\n            </p>\n<p>\n                2、我们严格遵守法律法规保护用户的通信秘密。\n            </p>\n<p>\n                3、我们将在合理的安全水平内使用各种安全保护措施以保障信息的安全。\n            </p>\n<p>\n                4、我们建立专门的管理制度、流程和组织确保信息安全。\n            </p>\n<p>\n                5、若发生个人信息泄露等安全事件，我们会启动应急预案，阻止安全事件扩大，并以推送通知、公告等形式告知您。\n            </p>\n</div>\n<div>\n<p>\n                自启动和关联启动\n            </p>\n<p>\n                本应用其中的主要功能之一是能为云掌柜的用户实现推送，所以云掌柜需要一直保持在后台运行以确保云掌柜用户能够正常使用该模块功能，在获得用户授权的情况下，在出现意外崩溃，手机断电后重启、系统故障等等情况下，云掌柜会通过关联第三方等方式进行自启动和关联启动，如若不想使用该功能，可前往APP-我的-设置-用户推送处关闭。\n            </p>\n<p>\n                信息名称：极光推送\n            </p>\n<p>\n                使用目的：自启动设备离线状态时，通过离线PUSH推送进入APP\n            </p>\n<p>\n                使用场景：APP离线、进程在线\n            </p>\n<p>\n                收集情况：推送后校验一次\n            </p>\n</div>\n<div>\n<p>本政策的使用及更新</p>\n<p>\n                本政策适用云掌柜提供的相关产品或服务，包括web、手机客户端等版本产品及服务。如本政策发生更新，我们将以APP推送通知、弹窗提示、发送邮件/短消息或者在我们的官方网站发布公告的方式来通知您。为了您能及时接收到通知，建议您在联系方式更新时及时通知我们。变更后的政策内容在公示届满7日起生效，如您在本政策更新生效后继续使用我们的服务，即表示您已充分阅读、理解并接受更新后的政策并愿意受更新后的政策约束。\n            </p>\n<p>\n                本政策发布于2012年3月1号，生效于2012年3月1号，更新于2021年8月23号。\n            </p>\n<p>\n                开发者名称-北京米天下科技股份有限公司\n                应用名称-云掌柜。\n            </p>\n</div>\n</div>",
    "policy_text_clean": "隐私政策\n感谢您使用云掌柜的产品和服务。您在使用我们的服务时，我们将按照云掌柜用户隐私政策（以下简称“本政策”）收集、存储、使用及对外提供您的信息。请您在使用我们的服务前仔细阅读并理解本政策全部内容。\n收集的信息\n\n1、您在注册账号时填写的信息，如：手机号码、短信验证码、密码信息。\n\n2、您在使用服务时上传的信息，如：你的日志行为（账户信息、用户会话、访问时间、访问页面、客户端IP地址信息），以及终端信息（设备型号、操作系统、设备标识、浏览器信息）。\n\n信息的使用\n\n1、向您提供服务，您的信息可能会用于身份验证、安全防范、诈骗监测、预防或禁止非法活动、降低风险、存档和备份用途；\n\n2、产品开发或帮助我们评估、改善或设计服务及运营活动；\n\n3、安全保障，本应用不会向任何无关第三方提供您的个人信息，除非获得您的许可，或联合第三方共同向您提供服务；\n\n根据法律法规或监管要求向相关部门进行报告。\n\npolicy\n\nCookie及相关技术的使用\n\n您访问我们的网站或使用提供的服务时，我们可能通过放置安全的Cookie及相关技术收集您的信息，这么做可帮您省去重复输入注册信息的步骤，或者帮助判断您的账户安全状态。您有权对Cookie的接受程度或者拒绝我们的Cookie。您可以通过改变浏览器附加程序的设置，或通过访问提供商的网页，来关闭或删除浏览器附加程序使用的类似数据。但这样做可能会影响您的访问安全以及使用我们提供的服务。\n\n信息共享\n\n我们遵循法律法规的规定，对您的信息进行严格保密。除法律法规及监管部门另有规定外，我们仅在以下情形中与第三方共享您的信息：\n\n1、事先经过您的同意\n\n2、仅为实现外部处理的目的，包括我们的关联公司、第三方合作伙伴等。在分享您的信息之前，我们会对该第三方收集信息的合法性、正当性、必要性，让他们按照我们的说明、隐私政策以及其他法律法规与监管要求。\n\n3、随着我们业务的持续发展，当发生合并、收购、资产转让等交易导致向第三方分享您的个人信息时，我们将通过推送通知、公告等形式告知您相关情形，按照法律法规及不低于本政策所要求的标准继续保护或要求新的管理者继续保护您的个人信息。\n\n4、我们会将所收集到的信息用于大数据分析。例如，我们将收集到的信息用于分析形成不包含任何个人信息的城市热力图或行业洞察报告。我们可能对外公开并与我们的合作伙伴分享经统计加工后不含身份识别内容的信息，用于了解用户如何使用我们服务或让公众了解我们服务的总体使用趋势。\n\n5、目前我们的第三方合作伙伴类型及收集的信息、使用目的如下:\n友盟SDK\n第三方名称：友盟同欣（北京）科技有限公司\n功能：数据统计\n描述：友盟+SDK需要收集您的设备Mac地址、唯-设备识别码(IMEl/android ID/DFA/OPENUDID/GUID、SIM 卡IMSI信息)以提供统计分析服务，并通过地理位置校准报表数据准确性，提供基础反作弊能力\n支付宝SDK（基于Android系统）\n第三方名称：支付宝（中国）网络技术有限公司\n功能：支付\n描述：“App支付”(支付宝) SDK提供上述服务的过程中，我们将会采集常用设备信息(如ME/IMSI、 SM卡序列号/MAC地址、android _id)、网络信息， 用于用户登录账户和支付过程中的安全风控，除上述信息之外,我们不会通过第三方应手机用户的其他个人数据\n极光SDK(https://www.jiguang.cn/license/privacy)\n第三方名称：深圳市和讯华谷信息技术有限公司\n功能：消息推送\n描述：用于实现消息推送的功能,极光SDK为实现如下业务功能、需要收集最终用户的“网络信息\"和/或“位置信息”时，前提是最终用户需要授权开启“读写SD卡权限”、“网络访问权限”、“设备信息权限和/或\"位置权限”。如果您的终端用户不想被收集上述信息，可以通过关闭“读写SD卡权限”、“网络访问权限”、“设备信息权限’和/或“位置权限”实现\n披露信息\n\n我们可能基于以下目的披露您的信息：\n\n1、经您事先同意，向第三方披露；\n\n2、遵守法院判决、裁定或其他法律程序的规定；\n\n3、遵守相关政府机关或其他法定授权组织的要求；\n\n4、出于维护您或其他个人的生命、财产等重大合法权益但又很难得到您本人同意的；\n\n5、为执行相关服务协议或本政策、维护社会公共利益，为保护我们的客户、我们或我们的关联公司、其他用户或雇员的人身财产安全或其他合法权益合理且必要的用途。\n\n隐私权限\n\n1、获取您的设备信息 获取⼿机设备号⽤来作为登录的验证。\n\n2、存储⽤来更新新下载的Apk，以及保存数据库⽂件和缓存图⽚。\n\n3、摄像头权限⽤来拍照上传⼀键反馈，及时跟踪⽤户意见这三条也得加进这个网站里。\n\n4、获取用户的软件安装列表，用于用户手动更新App，只针对版本过低用户进行更新\n\n注销账号的路径：\n\n您可以通过以下方式申请注销云掌柜产品账号，一旦您注销云掌柜账号，将无法以此账号使用云掌柜产品的服务，我们会删除您的个人信息或作匿名化处理。上述注销行为和后果是不可逆的，因此请您谨慎操作，以下方式均可以注销：\n\na、 通过登录云掌柜PC端：点击“在线客服”在线联系客服确认注销意愿、客服核实您的身份和相关信息，核实完成后，在后台注销您的账户。\n\nb、 致电云掌柜客服电话：400-002-1566。确认注销意愿、客服会核实您的身份和相关信息，核实完成后，在后台注销您的账户。\n\n账号注销处理时效：\n\n在收到您的账号注销请求后，云掌柜将在3至5个工作日予以处理；\n\n信息安全\n\n1、我们为您的信息提供相应的安全保障，以防止信息的丢失、不当使用、未经授权访问或披露\n\n2、我们严格遵守法律法规保护用户的通信秘密。\n\n3、我们将在合理的安全水平内使用各种安全保护措施以保障信息的安全。\n\n4、我们建立专门的管理制度、流程和组织确保信息安全。\n\n5、若发生个人信息泄露等安全事件，我们会启动应急预案，阻止安全事件扩大，并以推送通知、公告等形式告知您。\n\n自启动和关联启动\n\n本应用其中的主要功能之一是能为云掌柜的用户实现推送，所以云掌柜需要一直保持在后台运行以确保云掌柜用户能够正常使用该模块功能，在获得用户授权的情况下，在出现意外崩溃，手机断电后重启、系统故障等等情况下，云掌柜会通过关联第三方等方式进行自启动和关联启动，如若不想使用该功能，可前往APP-我的-设置-用户推送处关闭。\n\n信息名称：极光推送\n\n使用目的：自启动设备离线状态时，通过离线PUSH推送进入APP\n\n使用场景：APP离线、进程在线\n\n收集情况：推送后校验一次\n\n本政策的使用及更新\n本政策适用云掌柜提供的相关产品或服务，包括web、手机客户端等版本产品及服务。如本政策发生更新，我们将以APP推送通知、弹窗提示、发送邮件/短消息或者在我们的官方网站发布公告的方式来通知您。为了您能及时接收到通知，建议您在联系方式更新时及时通知我们。变更后的政策内容在公示届满7日起生效，如您在本政策更新生效后继续使用我们的服务，即表示您已充分阅读、理解并接受更新后的政策并愿意受更新后的政策约束。\n\n本政策发布于2012年3月1号，生效于2012年3月1号，更新于2021年8月23号。\n\n开发者名称-北京米天下科技股份有限公司\n应用名称-云掌柜。\n"
}