{
    "app_id": "C100447109",
    "app_name": "盈球大师",
    "app_version": "7.6.4",
    "app_download_num_description": "971 万次安装",
    "app_package_name": "com.aicai.yingqiudashi",
    "app_score": 3.8,
    "app_package_size": "17.2 MB",
    "app_package_size_precise": 17984939,
    "app_icon_url": "https://appimg.dbankcdn.com/application/icon144/91bb289c8a664345a9987aebb6725939.png",
    "app_developer": "深圳市天盈互动网络技术有限公司",
    "app_update_time": "2023-01-03",
    "app_update_description": "1、专家好评榜来了，专家受用户欢迎程度一目了然。\n2、专家解读增加按好评排序。\n3、其它体验性优化，使用更顺畅。",
    "app_description": "足球篮球比分直播，精准体育赛事比分分析就在盈球大师，盈球大师致力于成为体育赛事服务的必备工具，这里有：\n\n【新人福利等你领取】\n-新用户注册可免费查看专家赛事解读及数据资讯等；\n-徐阳、陈钊、李玮锋、王楠、马健等众多知名足篮球业界大咖进驻，品牌有保障；\n-央视主持人、国足运动员等知名专家不定期免费解读比赛，核心数据情报随时查看；\n-足篮球体育比分直播，随时随地了解比赛进程，获取一手赛果。\n\n【即时比分】 \n中国专业的足球篮球体育赛事即时比分、赛事视频动画，快速掌握比分变化情况，为足篮球爱好者提供球探级别的比分数据分析，助您看球；\n\n【足篮球情报】\n球队首发阵容、伤停等赛事情报，球队战绩、进球数等历史数据，以及自主研发大数据统计模型，帮助更好分析比赛，是您必备的赛事分析工具，让您捷报频传；\n\n【赛事丰富】\n欧冠、英超、西甲、德甲、法甲、意甲、德甲、巴甲、中超、欧罗巴、日职联、NBA、 CBA、亚冠体育赛事等涵盖主流足篮球联赛数据，看球不容错过；\n \n【数据分析】\n汇聚国内知名足球专家，专业分析，指数级全方面为您解读。还有众多体育主持人、NBA解说评论员、足球运动员和国家足球篮球培训师、体育数据分析师等，带来专业全面的足篮球赛事分析，深度的足球篮球解读和数据分析，帮助您更好地理解和参与比赛；\n \n\n【温馨提示】\n本app为体育赛事资讯平台，无购彩服务！盈球大师是一个体育赛事资讯平台，提供与体育赛事相关的数据和资讯等服务，没有彩票购买功能。如需购买体育彩票，请前往线下的体彩官方站点进行购买。",
    "app_policy_url": "https://m.51yingqiu.com/#/public/privacy?from=app&appName=%E7%9B%88%E7%90%83%E5%A4%A7%E5%B8%88&agentId=2335083",
    "app_listed_permission": "1.完全的网络访问权限\n2.修改或删除存储卡中的内容\n3.查看 Wi-Fi 连接\n4.读取存储卡中的内容\n5.读取通话状态和移动网络信息\n6.读取已安装应用软件列表\n7.相机\n8.更改网络连接性\n9.修改系统设置\n10.显示在其他应用上面\n11.连接 Wi-Fi 或断开连接",
    "app_listed_permission_description": "1.允许该应用创建网络套接字和使用自定义网络协议。浏览器和其他某些应用提供了向互联网发送数据的途径，因此应用无需该权限即可向互联网发送数据。\n2.允许应用修改或删除存储卡上的照片、媒体内容和文件。\n3.允许该应用查看 Wi-Fi 网络的相关信息，例如是否开启 Wi-Fi 及已连接的 Wi-Fi 设备名称。\n4.允许应用读取存储卡上的照片、媒体内容和文件。\n5.允许应用获取本机号码、通话状态以及拨打的号码。\n6.允许应用读取设备上的已安装应用软件列表。\n7.允许应用拍摄照片和视频。\n8.允许该应用更改网络连接的状态。\n9.修改设置应用中的设置项\n10.显示弹框、全屏界面到其他应用上面\n11.允许应用与 Wi-Fi 接入点建立和断开连接，并更改 Wi-Fi 网络的设备配置。",
    "app_category": [
        "新闻阅读"
    ],
    "app_subcategory": [
        "热门",
        "体育"
    ],
    "app_APK_url": "https://appgallery.cloud.huawei.com/appdl/C100447109",
    "is_popular": true,
    "app_APK_name": "C100447109-7.6.4.apk",
    "app_policy_name": "C100447109-7.6.4.txt",
    "policy_html_source_code": "<html class=\"plt-tablet plt-desktop ios hydrated\" mode=\"ios\" lang=\"en\"><head><style class=\"vjs-styles-defaults\">\n      .video-js {\n        width: 300px;\n        height: 150px;\n      }\n\n      .vjs-fluid {\n        padding-top: 56.25%\n      }\n    </style>\n  <meta charset=\"utf-8\"><style data-styles=\"\">ion-select-popover,ion-select,ion-select-option,ion-menu-button,ion-menu,ion-menu-controller,ion-menu-toggle,ion-action-sheet,ion-fab-button,ion-fab,ion-fab-list,ion-refresher-content,ion-refresher,ion-backdrop,ion-ripple-effect,ion-alert,ion-back-button,ion-loading,ion-toast,ion-card,ion-card-content,ion-card-header,ion-card-subtitle,ion-card-title,ion-item-option,ion-item-options,ion-item-sliding,ion-infinite-scroll-content,ion-infinite-scroll,ion-reorder,ion-reorder-group,ion-segment-button,ion-segment,ion-tab-button,ion-tab-bar,ion-chip,ion-modal,ion-popover,ion-searchbar,ion-action-sheet-controller,ion-alert-controller,ion-anchor,ion-loading-controller,ion-modal-controller,ion-picker-controller,ion-popover-controller,ion-toast-controller,ion-app,ion-buttons,ion-content,ion-footer,ion-header,ion-router-outlet,ion-title,ion-toolbar,ion-nav,ion-nav-link,ion-nav-pop,ion-nav-push,ion-nav-set-root,ion-route,ion-route-redirect,ion-router,ion-router-link,ion-avatar,ion-badge,ion-thumbnail,ion-col,ion-grid,ion-row,ion-slide,ion-slides,ion-checkbox,ion-img,ion-input,ion-progress-bar,ion-range,ion-split-pane,ion-text,ion-textarea,ion-toggle,ion-virtual-scroll,ion-picker,ion-datetime,ion-picker-column,ion-radio,ion-radio-group,ion-spinner,ion-button,ion-icon,ion-item-divider,ion-item-group,ion-note,ion-skeleton-text,ion-item,ion-label,ion-list,ion-list-header{visibility:hidden}.hydrated{visibility:inherit}</style>\n  <title>盈球大师</title>\n\n  <base href=\"/\">\n\n  <meta name=\"viewport\" content=\"viewport-fit=cover, width=device-width, initial-scale=1.0, minimum-scale=1.0, maximum-scale=1.0, user-scalable=no\">\n  <meta name=\"format-detection\" content=\"telephone=no\">\n  <meta name=\"msapplication-tap-highlight\" content=\"no\">\n\n  <meta name=\"keywords\" content=\"足球推荐,篮球推荐,足球预测,篮球预测\">\n  <meta name=\"description\" content=\"天天盈球汇集国内资深足球、篮球专家为您提供最新的足球推荐、足球预测、篮球推荐、篮球预测、足球赛事分析、篮球赛事分析等,打造最专业的体育赛事推荐平台。\">\n\n  <style data-styles=\"\">html.plt-mobile ion-app{-webkit-user-select:none;-moz-user-select:none;-ms-user-select:none;user-select:none}ion-app.force-statusbar-padding{--ion-safe-area-top:20px}</style><style data-styles=\"\">ion-header{display:block;position:relative;-ms-flex-order:-1;order:-1;width:100%;z-index:10}ion-header ion-toolbar:first-child{padding-top:var(--ion-safe-area-top,0)}.header-ios ion-toolbar:last-child{--border-width:0 0 0.55px}.header-ios[no-border] ion-toolbar:last-child{--border-width:0}@supports ((-webkit-backdrop-filter:blur(0)) or (backdrop-filter:blur(0))){.header-translucent-ios{-webkit-backdrop-filter:saturate(180%) blur(20px);backdrop-filter:saturate(180%) blur(20px)}.header-translucent-ios ion-toolbar{--opacity:.8;--backdrop-filter:saturate(180%) blur(20px)}}.header-collapse-condense{z-index:9}.header-collapse-condense ion-toolbar{position:-webkit-sticky;position:sticky;top:0}.header-collapse-condense ion-toolbar:first-child{padding-top:7px;z-index:1}.header-collapse-condense ion-toolbar{z-index:0}.header-collapse-condense ion-toolbar ion-searchbar{height:48px;padding-top:0;padding-bottom:13px}ion-toolbar.in-toolbar ion-buttons,ion-toolbar.in-toolbar ion-title{-webkit-transition:all .2s ease-in-out;transition:all .2s ease-in-out}.header-collapse-condense ion-toolbar ion-buttons,.header-collapse-condense ion-toolbar ion-title{-webkit-transition:none;transition:none}.header-collapse-condense-inactive ion-toolbar.in-toolbar ion-buttons.buttons-collapse,.header-collapse-condense-inactive ion-toolbar.in-toolbar ion-title{opacity:0;pointer-events:none}</style><link rel=\"icon\" type=\"image/x-icon\" href=\"assets/icon/tyhd-ico.ico\">\n\n  <script src=\"https://hm.baidu.com/hm.js?e0f58a2e18b93ffb144532bb320c56a7\"></script><script type=\"text/javascript\">\n\n    //vivo包打开隐私政策有问题，试一下重定向到静态页\n    if(/\\/public\\/privacy.*7\\.5\\.0.*agentId=2335607/.test(location.href)) {\n\n        location.replace(\"/page/service/privacy.html\");\n\n    }else if(/\\/public\\/protocol.*7\\.5\\.0.*agentId=2335607/.test(location.href)){\n        location.replace(\"/page/service/protocol.html\");\n    }\n\n\n    if(location.href.indexOf(\"cyd\") != -1){\n      location.replace(\"/#/error\");\n    }\n\n    //这里删除掉Node.prototype.addEventListener,主要是因为这个方法会覆盖掉angular重写的 EventTarget.addEventListener\n    //导致变更检测系统出问题，这里先直接暴力删掉这个方法\n    try{\n      delete Node.prototype.addEventListener;\n    } catch (e){}\n\n    //为了微信支付只配了https\n    if(navigator.userAgent.indexOf('MicroMessenger') != -1&& navigator.userAgent.match(/wxwork/i) != 'wxwork'&& location.href.indexOf(\"jcob-beta\") == -1 && location.href.indexOf(\"jcob-daily\") == -1){\n      var url = location.href;\n      var changeUrl = false;\n      /*if(url.indexOf('https')==-1&&url.indexOf('51yingqiu.com')===-1){// 51yingqiu.com 不转换为https\n          url = url.replace('http','https');\n          changeUrl=true;\n      }*/\n      /*if (url.indexOf('m.ttyingqiu.com')!=-1){\n        url = url.replace('m.ttyingqiu.com','m.51yingqiu.com');\n        changeUrl=true;\n      }\n      if(url.indexOf('tt.ttyingqiu.com')!=-1){\n          url = url.replace('tt.ttyingqiu.com','m.51yingqiu.com');\n          changeUrl=true;\n      }\n      if(url.indexOf('weibo.ttyingqiu.com')!=-1){\n          url = url.replace('weibo.ttyingqiu.com','m.51yingqiu.com');\n          changeUrl=true;\n      }*/\n\n      if(url.indexOf(\"http://m.51yingqiu.com\")==-1&&url.indexOf(\"http://tt.51yingqiu.com\")==-1){\n        url = \"http://tt.51yingqiu.com\"+url.substr(url.indexOf(\".com\")+4);\n        changeUrl=true;\n      }\n      if(changeUrl==true){\n        location.href=url;\n      }\n    }\n\n    var dynamicLoading = {\n      css: function(path) {\n        if (!path || path.length === 0) {\n          throw new Error('argument \"path\" is required !');\n        }\n        var html = document.getElementsByTagName('html')[0];\n        var link = document.createElement('link');\n        link.href = path;\n        link.rel = 'stylesheet';\n        link.type = 'text/css';\n        html.appendChild(link);\n      },\n      title:function(name){\n        if(!name){\n          name = '天天盈球';\n        }\n        var head = document.getElementsByTagName('head')[0];\n        var title = document.createElement('title');\n        title.value = name;\n        head.appendChild(title);\n      },\n      meta:function(content,name){\n        if(!name||!content){\n          return ;\n        }\n        var head = document.getElementsByTagName('head')[0];\n        var meta = document.createElement('meta');\n        meta.name = name;\n        meta.content = content;\n        head.appendChild(meta);\n      },\n      script:function(path){\n        if (!path || path.length === 0) {\n          throw new Error('argument \"path\" is required !');\n        }\n        var head = document.getElementsByTagName('head')[0];\n        var script = document.createElement('script');\n        script.src = path;\n        head.appendChild(script);\n      }\n    }\n    var ua = navigator.userAgent;\n    if(ua.indexOf('MicroMessenger') != -1&& (ua.match(/wxwork/i) == 'wxwork')){\n      dynamicLoading.script('https://res.wx.qq.com/open/js/jweixin-1.2.0.js')\n      dynamicLoading.script('assets/js/wxworkApi.js')\n    }else{\n      dynamicLoading.script('assets/js/weixinApi.js');\n      setTimeout(()=>{\n        dynamicLoading.script('assets/js/weixinShare.js');\n      },50);\n    }\n\n\n  </script><script src=\"assets/js/weixinApi.js\"></script>\n\n  <!-- add to homescreen for ios -->\n  <meta name=\"apple-mobile-web-app-capable\" content=\"yes\">\n  <meta name=\"apple-mobile-web-app-status-bar-style\" content=\"black\">\n  <link rel=\"apple-touch-icon-precomposed\" href=\"assets/icon/yingqiu.png\">\n  <!--<link href=\"assets/css/tuiqiu_h5.css?v=2019221501\" rel=\"stylesheet\">-->\n  <script src=\"assets/js/app-config.js\"></script><script src=\"assets/js/weixinShare.js\"></script>\n  <script src=\"assets/js/cfg.js\"></script>\n  <!--<script src=\"assets/js/jsencrypt-rsa.js\"></script>-->\n\n  <!--使用 EchartsService 服务来进行使用，为了延迟加载-->\n  <!--<script src=\"assets/js/echarts.min.js\"></script>-->\n  <!--\n    <script src=\"assets/js/lodash.mini.js\"></script>\n  -->\n  <!--<script src=\"assets/js/weixinApi.js\"></script>-->\n  <!--<script src=\"assets/js/weixinShare.js\"></script>-->\n  <!--<script src=\"https://res.wx.qq.com/wwopen/js/jsapi/jweixin-1.0.0.js?v=1.1\"></script>-->\n  <!--<script src=\"http://res.wx.qq.com/open/js/jweixin-1.2.0.js\"></script>-->\n  <!--<script src=\"https://open.work.weixin.qq.com/wwopen/js/jwxwork-1.0.0.js\"></script>\n  <script src=\"assets/js/wxworkApi.js\"></script>-->\n  <!--因为npm上的html2canvas插件，依赖的wabpack和typescript版本过高，不兼容当前项目，所以使用手动引用  添加延迟加载-->\n  <!--<script src=\"assets/js/html2canvas.min.js\"></script>-->\n  <!--<script src=\"assets/js/jdsdk.min.js\"></script>-->\n  <script src=\"assets/js/clipboard.min.js\"></script>\n  <script src=\"assets/js/utils/userValidate.js?v=20230306001\"></script>\n  <script src=\"assets/js/reconnecting-websocket.min.js\"></script>\n  <script type=\"text/javascript\" src=\"//pingjs.qq.com/h5/hotclick.js?v2.0\" name=\"mtah5hotclick\" sid=\"500657569\" hid=\"5dc125a21c23c\"></script>\n\n  <!--视频播放插件-->\n  <script src=\"assets/js/video.js\"></script>\n  <link href=\"assets/videojs/video-js.min.css\" rel=\"stylesheet\">\n  <!--<script src=\"assets/videojs/video.core.min.js\"></script>-->\n  <script src=\"assets/videojs/video.min.js\"></script>\n  <script src=\"assets/videojs/flv.min.js\"></script>\n\n\n  <!--阿里视频播放-->\n  <!--<link href=\"assets/videojs/aliplayer-min.css\" rel=\"stylesheet\" />-->\n  <!--<script src=\"assets/videojs/aliplayer-h5-min.js\"></script>-->\n\n\n<link rel=\"stylesheet\" href=\"styles.ccece3a29cbe3a326a51.css\"><title></title><script charset=\"utf-8\" src=\"common-es2015.988aa81257cf152df9dd.js\"></script><script charset=\"utf-8\" src=\"161-es2015.62f3aa7b21de65ffbeb4.js\"></script><script charset=\"utf-8\" src=\"0-es2015.160912d63d362602e174.js\"></script><script charset=\"utf-8\" src=\"2-es2015.dafe15c93c370fcb3a8c.js\"></script><script charset=\"utf-8\" src=\"9-es2015.8801d922a7042e49bb4c.js\"></script><script charset=\"utf-8\" src=\"27-es2015.0b7b65ec69a1b209aea0.js\"></script><script charset=\"utf-8\" src=\"150-es2015.e1239ea9238077117917.js\"></script><script charset=\"utf-8\" src=\"14-es2015.eb197fa9eeb26bbb90ff.js\"></script><script charset=\"utf-8\" src=\"39-es2015.2945c74ff885d65244bd.js\"></script><script charset=\"utf-8\" src=\"33-es2015.6a74d31fd4e42ca269c7.js\"></script></head>\n\n\n<body>\n<app-root ng-version=\"8.1.3\"><ion-app class=\"ios ion-page hydrated\"><ion-router-outlet class=\"hydrated\"><ng-component class=\"ion-page\" style=\"z-index: 101;\"><ion-header role=\"banner\" class=\"ios header-ios header-collapse-none hydrated\"><back-head><!----></back-head></ion-header><ion-content class=\"content-bg ios hydrated\" style=\"--offset-top: 0px; --offset-bottom: 0px;\"><div class=\"agreement_txt\"><h1 class=\"title\" style=\"color: #000;text-align: center\">盈球大师隐私政策</h1><p class=\"mt10\">我们的隐私政策于 2021年 3月 12日更新，我们对隐私政策进行了修订，从即日起，除了特定的盈球大师产品或服务提供独立的隐私政策以外，本隐私政策将能够提供有关我们如何管理您在使用所有盈球大师产品或服务时个人信息的隐私详情。</p><p>请花一些时间熟悉我们的隐私政策，如果您有任何问题，请联系我们。</p><h2 class=\"mt10 mb10\">我们向您承诺</h2><p>本隐私政策规定了深圳市天盈互动网络技术有限公司及其关联公司（下文简称“盈球大师”或“我们”）如何收集、使用、披露、处理和保护您使用我们位于 WEB站以及我们在移动设备上提供的应用程序套装的产品或服务时提供给我们的信息。我们要求您提供某些信息，以便在使用盈球大师产品或服务时验证您的身份，我们将严格遵守本隐私政策/或我们的用户条款与条件来使用这些信息。</p><p>本隐私政策在制定时充分考虑到您的需求，您全面了解我们的个人信息收集和使用惯例，同时确保您最终能控制提供给盈球大师的个人信息，这一点至关重要。</p><p>在本隐私政策中，“个人信息”指通过信息本身或通过关联其他信息后能够识别特定个人的数据。此类个人信息包括但不限于您主动提供给我们的信息，我们系统指定与您相关的信息，以及根据您所使用的服务，相应收集的信息，可能包括身份信息、财务信息，社交信息，登录日志信息等。</p><p>如果使用盈球大师产品或服务，表示您已阅读、认可并接受本隐私政策中所有条款，包括我们随时做出的任何变更。我们承诺遵照适用的相关法律来保护个人信息的隐私、机密和安全，我们的全体员工都会同样履行这些义务。</p><p>最后，我们希望为用户带来最好的体验。如果您对本隐私政策中描述的数据处理实践有任何疑问，请联系我们，以便我们处理您的特殊需求。我们很高兴收到您的反馈。</p><h2 class=\"mt10 mb10\">收集哪些信息以及如何使用信息？</h2><h3 class=\"mt10 mb10\">收集的信息类别</h3><p> 为了向您提供我们的服务，我们需要您提供该服务所必需的个人信息。如果您不提供您的个人信息，我们可能无法向您提供我们相应的服务。 </p><p>我们只会收集您选择的服务所必需的、特定的、明确及合法目的的信息，并且不会以与这些目的不相符的方式进一步处理相关信息，根据您选择的服务，我们可能收集以下信息中的一种或多种（无论其是否为个人信息）：</p><p class=\"p1\">1、为方便记录用户的交易行为，允许应用在注册时采集用户的虚拟账户信息，包括手机号、用户名、虚拟账号登录密码、昵称。</p><p class=\"p1\">2、为保证发布内容的合法合规，允许在用户发布信息时采集用户的身份信息，包括真实姓名、身份证号，同时身份信息用于有收益用户的报税。</p><p class=\"p1\">3、对于平台用户所获得的收益，为方便给用户打款，允许在用户进行提款时采集用户的银行卡信息，包括开户银行、银行卡号、开户姓名等。</p><p class=\"p1\">4、为了用户更好的体验盈球大师的产品和服务，允许采集用户其它相关信息，包括头像、个人签名信息等。</p><p class=\"p1\">5、为了更好的为您提供个性化的推送服务，允许应用获取粘贴板信息、ANDROID_ID（Android_ID）、设备IMEI、设备号、MAC地址、程序任务状态、软件安装列表（应用列表）、运营商这些信息。</p><p class=\"p1\">6、为了提供修改个性化头像功能，允许应用读取您SD卡的内容。</p><p class=\"p1\">7、为了实现保存图片功能，允许应用修改或删除您的SD卡中的内容。</p><p class=\"p1\">8、为了提供修改个性化头像功能，允许应用随时使用相机拍摄照片和获取读取相册权限。</p><p class=\"p1\">9、允许应用获取您设备的网络状态和WIFI状态，并改变WIFI状态。该权限将用于手机号码一键登录功能。</p><p class=\"p1\">10、嵌入的第三方SDK：</p><p class=\"p1\">• cordova-plugin-xgpush，腾讯移动推送SDK。第三方名称：深圳市腾讯计算机系统有限公司。收集个人信息类型：设备信息(手机型号，系统类型、系统版本等)用于标签化推送以及识别是否是真机、网络信息(网络类型)支持根据不同网络类型进行不同类型推送、账号绑定信息(根据您所选用的不同推送渠道，QQ号、微信Union ID、 手机号、邮箱等)用于根据账号信息进行推送。 使用目的：获取应用列表、网络状态等信息，从而提供个性化的消息定向推送服务和精准营销服务。 为了更稳定高效的推送通道、更高推送抵达率，我们将会打开推送服务的自启动和关联启动功能。如果您不想使用推送功能，您可以在我的-右上角设置-消息推送选项中关闭推送功能。 附：<a href=\"https://privacy.qq.com/document/preview/8565a4a2d26e480187ed86b0cc81d727\">腾讯移动推送SDK隐私政策</a></p><p class=\"p1\">• verso Clipboard，开源SDK。使用目的：应用通过此SDK获取用户粘贴板信息，从而实现定向页面跳转功能。</p><p class=\"p1\">• cordova-plugin-camera，开源SDK。使用目的：应用通过此SDK获取进行摄像和获取用户照片，从而实现上传头像功能。</p><p class=\"p1\">• cordova-plugin-inappbrowser、cordova-plugin-device，开源SDK。使用目的：应用通过此SDK获取设备识别信息（含ANDROID_ID [Android_ID]、设备号、MAC地址、idfa），从而提供个性化的推送服务。</p><p class=\"p1\">• JVerification-cordova-plugin，极光一键登录SDK、极光SDK。使用目的：获取网络状态、设备IMEI信息，从而提供使用手机号码一键登录功能，优化体验。</p><p class=\"p1\">• cordova-plugin-wechat，微信登录SDK。使用目的：获取软件安装列表信息，从而可以判断设备是否安装了微信/qq/微博，从而提供第三方登录功能。</p><!----><p class=\"p1\">• cordova-plugin-alipay-v2，支付宝SDK。使用目的：获取网络状态信息，从而提供第三方支付功能。</p><p>我们还可能收集其他类型的信息，这些信息与个人没有直接或间接关联，例如，在使用特定服务时，可能收集用户的设备型号和系统版本号。收集此类信息的目的在于改善我们向您提供的服务。所收集信息的类别和数量取决于您如何使用、加入或参与我们产品和/或服务。</p><h2 class=\"mt10 mb10\">这些个人信息将会被如何使用</h2><p>个人信息的收集是用户获得盈球大师提供服务的基础，信息收集仅限服务所需，绝不收集非服务所需的个人信息，也不会向第三方提供用户个人信息，并且保证我们遵照适用的相关法律。您同意我们基于本隐私政策规定的目的处理个人信息，并向我们的关联公司披露个人信息。</p><p class=\"p1\">我们可能会将您的个人信息用于下列目的：</p><p class=\"p1\">•\t提供、处理、维护、改善、开发我们的产品和/或提供给您的服务，包括售后服务和客户支持，以及通过设备或网站提供的服务。</p><p class=\"p1\">•\t处理您的设备、服务或查询请求（例如更新、我们活动的相关信息、通知）等进行交流。</p><p class=\"p1\">•\t进行相关的推广活动，例如提供推广与促销的资料和更新。</p><p class=\"p1\">•\t允许您在公共论坛上发表评论。</p><p class=\"p1\">•\t分析和开发与我们产品或服务的使用相关的统计信息，以更好地改进我们的产品或服务。</p><p class=\"p1\">•\t优化设备的性能，例如分析应用程序的内存使用情况或应用的CPU利用率。</p><p class=\"p1\">•\t储存并维护与您相关的信息，用于我们运营业务或履行法律义务。</p><p class=\"p1\">•\t提供不需要与我们的服务器通信的本地服务。</p><h2 class=\"mt10 mb10\">安全保障</h2><h3 class=\"mt10 mb10\">盈球大师的安全措施</h3><p>我们承诺保证您的个人信息安全。为了防止未经授权的访问、披露或其他类似风险，我们落实了合理的物理、电子和管理措施流程，保护我们从您的移动设备和盈球大师网站上收集的信息。我们将采取所有合理的措施保护您的个人信息。</p><p>您的个人信息全都被储存在安全的服务器上，并在受控设施中受到保护。我们依据重要性和敏感性对您的数据进行分类，并且保证您的个人信息具有最高的安全等级。</p><p>我们将采取所有可行的措施保护您的个人信息。但是，您应当意识到互联网的使用并不总是安全的，因此，我们不能保证在通过互联网双向传输时任何个人信息的安全性或完整性。</p><h2 class=\"mt10 mb10\">账号注销</h2><h3 class=\"mt10 mb10\">账号注销条件</h3><p>如果您需要注销账号，需同时满足以下条件：</p><p class=\"p1\">1、账号内无剩余资金。</p><p class=\"p1\">2、账号无拖欠或未缴纳的款项。</p><p class=\"p1\">3、账号内无未完成的交易、订单和服务等。</p><p class=\"p1\">4、账号内无未使用或使用中的权益。如果您还有未使用或使用中的权益，注销账号将视为您主动放弃相应权益。</p><p class=\"p1\">5、账号无任何未处理完的投诉或举报。</p><p class=\"p1\">6、账号未涉及任何已发生的纠纷、诉讼或主管部门的调查，以及不存在上述涉及诉讼和被调查的现实性风险。</p><p class=\"p1\">7、账号无其它依照法律法规的要求，应当履行而尚未履行的义务等请形。</p><p class=\"p1\">8、账号下您有权处理的相关数据、信息均已迁出及妥善备份。如您未备份相关数据，注销账号将视为您完全放弃保留、找回该数据的权利。</p><p>账号将视为您完全放弃保留、找回该数据的权利。</p><h3 class=\"mt10 mb10\">账号注销的后果</h3><p>您知悉并同意，账号注销后将产生包括但不限于以下后果：</p><p class=\"p1\">1、您将无法依赖该账号进行任何权限操作。</p><p class=\"p1\">2、注销的账号将被收回，您将无法以该账号登录盈球大师网站、授权盈球大师访问的第三方网络服务，或使用盈球大师任何需要账号登录才能使用的服务。</p><p class=\"p1\">3、您将无法找回该账号下您曾经存储、使用的全部信息和数据等，盈球大师按照相关法律法规应该保留的相关信息和数据除外。</p><p class=\"p1\">4、其它可能对您的权益造成损害或给您造成损失的后果。</p><h3 class=\"mt10 mb10\">如何注销盈球大师账号</h3><p>我们的官方渠道为您提供了在线注销账号功能，通过盈球大师app注销账号的路经为：我的——系统设置——永久注销账号，按照页面操作指引即可进行账号的注销。</p><h2 class=\"mt10 mb10\">联系我们</h2><p>如果您对本隐私政策有任何意见或问题，或者您对盈球大师收集、使用或披露您的个人信息有任何问题，请通过下列方式联系我们，并提及“隐私政策”：</p><p class=\"p1\">深圳市天盈互动网络技术有限公司</p><p class=\"p1\">客服热线：<a href=\"tel:075561619788\">0755-61619788</a></p></div></ion-content></ng-component></ion-router-outlet><photo-swipe><div aria-hidden=\"true\" class=\"pswp saveImg\" role=\"dialog\" tabindex=\"-1\"><div class=\"pswp__bg\"></div><div class=\"pswp__scroll-wrap\"><div class=\"pswp__container\"><div class=\"pswp__item\"></div><div class=\"pswp__item\"></div><div class=\"pswp__item\"></div></div><div class=\"pswp__ui pswp__ui--hidden\"><div class=\"pswp__top-bar\"><div class=\"pswp__counter\"></div><button class=\"pswp__button pswp__button--close\" id=\"pswp__button--close\" title=\"Close (Esc)\"></button><div class=\"pswp__preloader\"><div class=\"pswp__preloader__icn\"><div class=\"pswp__preloader__cut\"><div class=\"pswp__preloader__donut\"></div></div></div></div></div><div class=\"pswp__share-modal pswp__share-modal--hidden pswp__single-tap\"><div class=\"pswp__share-tooltip\"></div></div><button class=\"pswp__button pswp__button--arrow--left\" title=\"Previous (arrow left)\"></button><button class=\"pswp__button pswp__button--arrow--right\" title=\"Next (arrow right)\"></button><div class=\"pswp__caption\"><div class=\"pswp__caption__center\"></div></div></div></div></div></photo-swipe><!----><!----><!----></ion-app></app-root>\n<script src=\"runtime-es2015.7875d3275cddffbbf4d7.js\" type=\"module\"></script><script src=\"polyfills-es2015.8e4b0ce07581ef3de5b7.js\" type=\"module\"></script><script src=\"runtime-es5.c7608e85e68d5ee6d3a6.js\" nomodule=\"\"></script><script src=\"polyfills-es5.787be799a0e4184b5b3f.js\" nomodule=\"\"></script><script src=\"main-es2015.34a1b24354dc27a7ee15.js\" type=\"module\"></script><script src=\"main-es5.e2cc055c63fe3c8ef481.js\" nomodule=\"\"></script>\n\n<script>\n  // 百度统计\n  var _hmt = _hmt || [];\n  (function() {\n    var hm = document.createElement(\"script\");\n    if(location.href.indexOf(\"51yingqiu.com\")!=-1){\n      hm.src = \"https://hm.baidu.com/hm.js?e0f58a2e18b93ffb144532bb320c56a7\";\n    } else {\n      hm.src = \"https://hm.baidu.com/hm.js?d57c4a59f798b5cf9e24b5dee39abca7\";\n    }\n    var s = document.getElementsByTagName(\"script\")[0];\n    s.parentNode.insertBefore(hm, s);\n  })();\n\n  if (window.location.href.toLocaleLowerCase().indexOf('weibo.ttyingqiu.com') != -1) {\n    dynamicLoading.css('assets/css/weibo_h5.css?v=2019110702');\n  }\n\n  if (window.location.href.toLocaleLowerCase().indexOf('tq.ttyingqiu.com') != -1) {\n    dynamicLoading.css('assets/css/tuiqiu_h5.css?v=2019221501');\n    dynamicLoading.title('推荐中心');\n  }else{\n    dynamicLoading.title('天天盈球');\n  }\n  getParams = function (e) {//要传入key值\n    var url = window.location.href;\n    if (url.indexOf('?') == -1) {\n      return;\n    }\n    var params = url.split('?')[1];\n    var param = params.split('&');\n    for (var i = 0; i < param.length; i++) {\n      var strs = param[i].split('=');\n      if (strs[0] == e) {\n        return strs[1];\n      }\n    }\n  }\n  getAgentId = function(){\n    var agentId = getParams('agengId');\n    if(agentId){\n      return agentId;\n    }\n    if(document.cookie.indexOf(\"agentId=2335620\")!=-1){\n      return '2335620'\n    }\n    return '0';\n  }\n\n\n\n  if(getAgentId()==\"2335620\"){\n    dynamicLoading.meta('yes','apple-mobile-web-app-capable');\n    dynamicLoading.meta('black','apple-mobile-web-app-status-bar-style');\n  }\n\n  var isIPhone = window.navigator.appVersion.match(/iphone/gi);\n  if(!!isIPhone&&getAgentId()==\"2335620\"){\n    document.documentElement.classList.add('iphoneTopWap')\n  }\n\n  //dynamicLoading.css('assets/css/tuiqiu_h5.css?v=2019221501');\n</script>\n<link href=\"assets/css/wapStyle.css?time=20221107\" rel=\"stylesheet\">\n\n</body></html>",
    "policy_text": "盈球大师隐私政策\n我们的隐私政策于 2021年 3月 12日更新，我们对隐私政策进行了修订，从即日起，除了特定的盈球大师产品或服务提供独立的隐私政策以外，本隐私政策将能够提供有关我们如何管理您在使用所有盈球大师产品或服务时个人信息的隐私详情。\n请花一些时间熟悉我们的隐私政策，如果您有任何问题，请联系我们。\n我们向您承诺\n本隐私政策规定了深圳市天盈互动网络技术有限公司及其关联公司（下文简称“盈球大师”或“我们”）如何收集、使用、披露、处理和保护您使用我们位于 WEB站以及我们在移动设备上提供的应用程序套装的产品或服务时提供给我们的信息。我们要求您提供某些信息，以便在使用盈球大师产品或服务时验证您的身份，我们将严格遵守本隐私政策/或我们的用户条款与条件来使用这些信息。\n本隐私政策在制定时充分考虑到您的需求，您全面了解我们的个人信息收集和使用惯例，同时确保您最终能控制提供给盈球大师的个人信息，这一点至关重要。\n在本隐私政策中，“个人信息”指通过信息本身或通过关联其他信息后能够识别特定个人的数据。此类个人信息包括但不限于您主动提供给我们的信息，我们系统指定与您相关的信息，以及根据您所使用的服务，相应收集的信息，可能包括身份信息、财务信息，社交信息，登录日志信息等。\n如果使用盈球大师产品或服务，表示您已阅读、认可并接受本隐私政策中所有条款，包括我们随时做出的任何变更。我们承诺遵照适用的相关法律来保护个人信息的隐私、机密和安全，我们的全体员工都会同样履行这些义务。\n最后，我们希望为用户带来最好的体验。如果您对本隐私政策中描述的数据处理实践有任何疑问，请联系我们，以便我们处理您的特殊需求。我们很高兴收到您的反馈。\n收集哪些信息以及如何使用信息？\n收集的信息类别\n为了向您提供我们的服务，我们需要您提供该服务所必需的个人信息。如果您不提供您的个人信息，我们可能无法向您提供我们相应的服务。\n我们只会收集您选择的服务所必需的、特定的、明确及合法目的的信息，并且不会以与这些目的不相符的方式进一步处理相关信息，根据您选择的服务，我们可能收集以下信息中的一种或多种（无论其是否为个人信息）：\n1、为方便记录用户的交易行为，允许应用在注册时采集用户的虚拟账户信息，包括手机号、用户名、虚拟账号登录密码、昵称。\n2、为保证发布内容的合法合规，允许在用户发布信息时采集用户的身份信息，包括真实姓名、身份证号，同时身份信息用于有收益用户的报税。\n3、对于平台用户所获得的收益，为方便给用户打款，允许在用户进行提款时采集用户的银行卡信息，包括开户银行、银行卡号、开户姓名等。\n4、为了用户更好的体验盈球大师的产品和服务，允许采集用户其它相关信息，包括头像、个人签名信息等。\n5、为了更好的为您提供个性化的推送服务，允许应用获取粘贴板信息、ANDROID_ID（Android_ID）、设备IMEI、设备号、MAC地址、程序任务状态、软件安装列表（应用列表）、运营商这些信息。\n6、为了提供修改个性化头像功能，允许应用读取您SD卡的内容。\n7、为了实现保存图片功能，允许应用修改或删除您的SD卡中的内容。\n8、为了提供修改个性化头像功能，允许应用随时使用相机拍摄照片和获取读取相册权限。\n9、允许应用获取您设备的网络状态和WIFI状态，并改变WIFI状态。该权限将用于手机号码一键登录功能。\n10、嵌入的第三方SDK：\n• cordova-plugin-xgpush，腾讯移动推送SDK。第三方名称：深圳市腾讯计算机系统有限公司。收集个人信息类型：设备信息(手机型号，系统类型、系统版本等)用于标签化推送以及识别是否是真机、网络信息(网络类型)支持根据不同网络类型进行不同类型推送、账号绑定信息(根据您所选用的不同推送渠道，QQ号、微信Union ID、 手机号、邮箱等)用于根据账号信息进行推送。 使用目的：获取应用列表、网络状态等信息，从而提供个性化的消息定向推送服务和精准营销服务。 为了更稳定高效的推送通道、更高推送抵达率，我们将会打开推送服务的自启动和关联启动功能。如果您不想使用推送功能，您可以在我的-右上角设置-消息推送选项中关闭推送功能。 附：腾讯移动推送SDK隐私政策【链接地址为：https://privacy.qq.com/document/preview/8565a4a2d26e480187ed86b0cc81d727】\n• verso Clipboard，开源SDK。使用目的：应用通过此SDK获取用户粘贴板信息，从而实现定向页面跳转功能。\n• cordova-plugin-camera，开源SDK。使用目的：应用通过此SDK获取进行摄像和获取用户照片，从而实现上传头像功能。\n• cordova-plugin-inappbrowser、cordova-plugin-device，开源SDK。使用目的：应用通过此SDK获取设备识别信息（含ANDROID_ID [Android_ID]、设备号、MAC地址、idfa），从而提供个性化的推送服务。\n• JVerification-cordova-plugin，极光一键登录SDK、极光SDK。使用目的：获取网络状态、设备IMEI信息，从而提供使用手机号码一键登录功能，优化体验。\n• cordova-plugin-wechat，微信登录SDK。使用目的：获取软件安装列表信息，从而可以判断设备是否安装了微信/qq/微博，从而提供第三方登录功能。\n• cordova-plugin-alipay-v2，支付宝SDK。使用目的：获取网络状态信息，从而提供第三方支付功能。\n我们还可能收集其他类型的信息，这些信息与个人没有直接或间接关联，例如，在使用特定服务时，可能收集用户的设备型号和系统版本号。收集此类信息的目的在于改善我们向您提供的服务。所收集信息的类别和数量取决于您如何使用、加入或参与我们产品和/或服务。\n这些个人信息将会被如何使用\n个人信息的收集是用户获得盈球大师提供服务的基础，信息收集仅限服务所需，绝不收集非服务所需的个人信息，也不会向第三方提供用户个人信息，并且保证我们遵照适用的相关法律。您同意我们基于本隐私政策规定的目的处理个人信息，并向我们的关联公司披露个人信息。\n我们可能会将您的个人信息用于下列目的：\n•\t提供、处理、维护、改善、开发我们的产品和/或提供给您的服务，包括售后服务和客户支持，以及通过设备或网站提供的服务。\n•\t处理您的设备、服务或查询请求（例如更新、我们活动的相关信息、通知）等进行交流。\n•\t进行相关的推广活动，例如提供推广与促销的资料和更新。\n•\t允许您在公共论坛上发表评论。\n•\t分析和开发与我们产品或服务的使用相关的统计信息，以更好地改进我们的产品或服务。\n•\t优化设备的性能，例如分析应用程序的内存使用情况或应用的CPU利用率。\n•\t储存并维护与您相关的信息，用于我们运营业务或履行法律义务。\n•\t提供不需要与我们的服务器通信的本地服务。\n安全保障\n盈球大师的安全措施\n我们承诺保证您的个人信息安全。为了防止未经授权的访问、披露或其他类似风险，我们落实了合理的物理、电子和管理措施流程，保护我们从您的移动设备和盈球大师网站上收集的信息。我们将采取所有合理的措施保护您的个人信息。\n您的个人信息全都被储存在安全的服务器上，并在受控设施中受到保护。我们依据重要性和敏感性对您的数据进行分类，并且保证您的个人信息具有最高的安全等级。\n我们将采取所有可行的措施保护您的个人信息。但是，您应当意识到互联网的使用并不总是安全的，因此，我们不能保证在通过互联网双向传输时任何个人信息的安全性或完整性。\n账号注销\n账号注销条件\n如果您需要注销账号，需同时满足以下条件：\n1、账号内无剩余资金。\n2、账号无拖欠或未缴纳的款项。\n3、账号内无未完成的交易、订单和服务等。\n4、账号内无未使用或使用中的权益。如果您还有未使用或使用中的权益，注销账号将视为您主动放弃相应权益。\n5、账号无任何未处理完的投诉或举报。\n6、账号未涉及任何已发生的纠纷、诉讼或主管部门的调查，以及不存在上述涉及诉讼和被调查的现实性风险。\n7、账号无其它依照法律法规的要求，应当履行而尚未履行的义务等请形。\n8、账号下您有权处理的相关数据、信息均已迁出及妥善备份。如您未备份相关数据，注销账号将视为您完全放弃保留、找回该数据的权利。\n账号将视为您完全放弃保留、找回该数据的权利。\n账号注销的后果\n您知悉并同意，账号注销后将产生包括但不限于以下后果：\n1、您将无法依赖该账号进行任何权限操作。\n2、注销的账号将被收回，您将无法以该账号登录盈球大师网站、授权盈球大师访问的第三方网络服务，或使用盈球大师任何需要账号登录才能使用的服务。\n3、您将无法找回该账号下您曾经存储、使用的全部信息和数据等，盈球大师按照相关法律法规应该保留的相关信息和数据除外。\n4、其它可能对您的权益造成损害或给您造成损失的后果。\n如何注销盈球大师账号\n我们的官方渠道为您提供了在线注销账号功能，通过盈球大师app注销账号的路经为：我的——系统设置——永久注销账号，按照页面操作指引即可进行账号的注销。\n联系我们\n如果您对本隐私政策有任何意见或问题，或者您对盈球大师收集、使用或披露您的个人信息有任何问题，请通过下列方式联系我们，并提及“隐私政策”：\n深圳市天盈互动网络技术有限公司\n客服热线：0755-61619788",
    "policy_html_source_code_clean": "盈球大师隐私政策\n<p>我们的隐私政策于 2021年 3月 12日更新，我们对隐私政策进行了修订，从即日起，除了特定的盈球大师产品或服务提供独立的隐私政策以外，本隐私政策将能够提供有关我们如何管理您在使用所有盈球大师产品或服务时个人信息的隐私详情。</p><p>请花一些时间熟悉我们的隐私政策，如果您有任何问题，请联系我们。</p><h2>我们向您承诺</h2><p>本隐私政策规定了深圳市天盈互动网络技术有限公司及其关联公司（下文简称“盈球大师”或“我们”）如何收集、使用、披露、处理和保护您使用我们位于 WEB站以及我们在移动设备上提供的应用程序套装的产品或服务时提供给我们的信息。我们要求您提供某些信息，以便在使用盈球大师产品或服务时验证您的身份，我们将严格遵守本隐私政策/或我们的用户条款与条件来使用这些信息。</p><p>本隐私政策在制定时充分考虑到您的需求，您全面了解我们的个人信息收集和使用惯例，同时确保您最终能控制提供给盈球大师的个人信息，这一点至关重要。</p><p>在本隐私政策中，“个人信息”指通过信息本身或通过关联其他信息后能够识别特定个人的数据。此类个人信息包括但不限于您主动提供给我们的信息，我们系统指定与您相关的信息，以及根据您所使用的服务，相应收集的信息，可能包括身份信息、财务信息，社交信息，登录日志信息等。</p><p>如果使用盈球大师产品或服务，表示您已阅读、认可并接受本隐私政策中所有条款，包括我们随时做出的任何变更。我们承诺遵照适用的相关法律来保护个人信息的隐私、机密和安全，我们的全体员工都会同样履行这些义务。</p><p>最后，我们希望为用户带来最好的体验。如果您对本隐私政策中描述的数据处理实践有任何疑问，请联系我们，以便我们处理您的特殊需求。我们很高兴收到您的反馈。</p><h2>收集哪些信息以及如何使用信息？</h2><h3>收集的信息类别</h3><p> 为了向您提供我们的服务，我们需要您提供该服务所必需的个人信息。如果您不提供您的个人信息，我们可能无法向您提供我们相应的服务。 </p><p>我们只会收集您选择的服务所必需的、特定的、明确及合法目的的信息，并且不会以与这些目的不相符的方式进一步处理相关信息，根据您选择的服务，我们可能收集以下信息中的一种或多种（无论其是否为个人信息）：</p><p>1、为方便记录用户的交易行为，允许应用在注册时采集用户的虚拟账户信息，包括手机号、用户名、虚拟账号登录密码、昵称。</p><p>2、为保证发布内容的合法合规，允许在用户发布信息时采集用户的身份信息，包括真实姓名、身份证号，同时身份信息用于有收益用户的报税。</p><p>3、对于平台用户所获得的收益，为方便给用户打款，允许在用户进行提款时采集用户的银行卡信息，包括开户银行、银行卡号、开户姓名等。</p><p>4、为了用户更好的体验盈球大师的产品和服务，允许采集用户其它相关信息，包括头像、个人签名信息等。</p><p>5、为了更好的为您提供个性化的推送服务，允许应用获取粘贴板信息、ANDROID_ID（Android_ID）、设备IMEI、设备号、MAC地址、程序任务状态、软件安装列表（应用列表）、运营商这些信息。</p><p>6、为了提供修改个性化头像功能，允许应用读取您SD卡的内容。</p><p>7、为了实现保存图片功能，允许应用修改或删除您的SD卡中的内容。</p><p>8、为了提供修改个性化头像功能，允许应用随时使用相机拍摄照片和获取读取相册权限。</p><p>9、允许应用获取您设备的网络状态和WIFI状态，并改变WIFI状态。该权限将用于手机号码一键登录功能。</p><p>10、嵌入的第三方SDK：</p><p>• cordova-plugin-xgpush，腾讯移动推送SDK。第三方名称：深圳市腾讯计算机系统有限公司。收集个人信息类型：设备信息(手机型号，系统类型、系统版本等)用于标签化推送以及识别是否是真机、网络信息(网络类型)支持根据不同网络类型进行不同类型推送、账号绑定信息(根据您所选用的不同推送渠道，QQ号、微信Union ID、 手机号、邮箱等)用于根据账号信息进行推送。 使用目的：获取应用列表、网络状态等信息，从而提供个性化的消息定向推送服务和精准营销服务。 为了更稳定高效的推送通道、更高推送抵达率，我们将会打开推送服务的自启动和关联启动功能。如果您不想使用推送功能，您可以在我的-右上角设置-消息推送选项中关闭推送功能。 附：<a href=\"https://privacy.qq.com/document/preview/8565a4a2d26e480187ed86b0cc81d727\" target=\"_blank\">腾讯移动推送SDK隐私政策</a></p><p>• verso Clipboard，开源SDK。使用目的：应用通过此SDK获取用户粘贴板信息，从而实现定向页面跳转功能。</p><p>• cordova-plugin-camera，开源SDK。使用目的：应用通过此SDK获取进行摄像和获取用户照片，从而实现上传头像功能。</p><p>• cordova-plugin-inappbrowser、cordova-plugin-device，开源SDK。使用目的：应用通过此SDK获取设备识别信息（含ANDROID_ID [Android_ID]、设备号、MAC地址、idfa），从而提供个性化的推送服务。</p><p>• JVerification-cordova-plugin，极光一键登录SDK、极光SDK。使用目的：获取网络状态、设备IMEI信息，从而提供使用手机号码一键登录功能，优化体验。</p><p>• cordova-plugin-wechat，微信登录SDK。使用目的：获取软件安装列表信息，从而可以判断设备是否安装了微信/qq/微博，从而提供第三方登录功能。</p><p>• cordova-plugin-alipay-v2，支付宝SDK。使用目的：获取网络状态信息，从而提供第三方支付功能。</p><p>我们还可能收集其他类型的信息，这些信息与个人没有直接或间接关联，例如，在使用特定服务时，可能收集用户的设备型号和系统版本号。收集此类信息的目的在于改善我们向您提供的服务。所收集信息的类别和数量取决于您如何使用、加入或参与我们产品和/或服务。</p><h2>这些个人信息将会被如何使用</h2><p>个人信息的收集是用户获得盈球大师提供服务的基础，信息收集仅限服务所需，绝不收集非服务所需的个人信息，也不会向第三方提供用户个人信息，并且保证我们遵照适用的相关法律。您同意我们基于本隐私政策规定的目的处理个人信息，并向我们的关联公司披露个人信息。</p><p>我们可能会将您的个人信息用于下列目的：</p><p>•\t提供、处理、维护、改善、开发我们的产品和/或提供给您的服务，包括售后服务和客户支持，以及通过设备或网站提供的服务。</p><p>•\t处理您的设备、服务或查询请求（例如更新、我们活动的相关信息、通知）等进行交流。</p><p>•\t进行相关的推广活动，例如提供推广与促销的资料和更新。</p><p>•\t允许您在公共论坛上发表评论。</p><p>•\t分析和开发与我们产品或服务的使用相关的统计信息，以更好地改进我们的产品或服务。</p><p>•\t优化设备的性能，例如分析应用程序的内存使用情况或应用的CPU利用率。</p><p>•\t储存并维护与您相关的信息，用于我们运营业务或履行法律义务。</p><p>•\t提供不需要与我们的服务器通信的本地服务。</p><h2>安全保障</h2><h3>盈球大师的安全措施</h3><p>我们承诺保证您的个人信息安全。为了防止未经授权的访问、披露或其他类似风险，我们落实了合理的物理、电子和管理措施流程，保护我们从您的移动设备和盈球大师网站上收集的信息。我们将采取所有合理的措施保护您的个人信息。</p><p>您的个人信息全都被储存在安全的服务器上，并在受控设施中受到保护。我们依据重要性和敏感性对您的数据进行分类，并且保证您的个人信息具有最高的安全等级。</p><p>我们将采取所有可行的措施保护您的个人信息。但是，您应当意识到互联网的使用并不总是安全的，因此，我们不能保证在通过互联网双向传输时任何个人信息的安全性或完整性。</p><h2>账号注销</h2><h3>账号注销条件</h3><p>如果您需要注销账号，需同时满足以下条件：</p><p>1、账号内无剩余资金。</p><p>2、账号无拖欠或未缴纳的款项。</p><p>3、账号内无未完成的交易、订单和服务等。</p><p>4、账号内无未使用或使用中的权益。如果您还有未使用或使用中的权益，注销账号将视为您主动放弃相应权益。</p><p>5、账号无任何未处理完的投诉或举报。</p><p>6、账号未涉及任何已发生的纠纷、诉讼或主管部门的调查，以及不存在上述涉及诉讼和被调查的现实性风险。</p><p>7、账号无其它依照法律法规的要求，应当履行而尚未履行的义务等请形。</p><p>8、账号下您有权处理的相关数据、信息均已迁出及妥善备份。如您未备份相关数据，注销账号将视为您完全放弃保留、找回该数据的权利。</p><p>账号将视为您完全放弃保留、找回该数据的权利。</p><h3>账号注销的后果</h3><p>您知悉并同意，账号注销后将产生包括但不限于以下后果：</p><p>1、您将无法依赖该账号进行任何权限操作。</p><p>2、注销的账号将被收回，您将无法以该账号登录盈球大师网站、授权盈球大师访问的第三方网络服务，或使用盈球大师任何需要账号登录才能使用的服务。</p><p>3、您将无法找回该账号下您曾经存储、使用的全部信息和数据等，盈球大师按照相关法律法规应该保留的相关信息和数据除外。</p><p>4、其它可能对您的权益造成损害或给您造成损失的后果。</p><h3>如何注销盈球大师账号</h3><p>我们的官方渠道为您提供了在线注销账号功能，通过盈球大师app注销账号的路经为：我的——系统设置——永久注销账号，按照页面操作指引即可进行账号的注销。</p><h2>联系我们</h2><p>如果您对本隐私政策有任何意见或问题，或者您对盈球大师收集、使用或披露您的个人信息有任何问题，请通过下列方式联系我们，并提及“隐私政策”：</p><p>深圳市天盈互动网络技术有限公司</p><p>客服热线：<a href=\"https://m.51yingqiu.com/tel:075561619788\" target=\"_blank\">0755-61619788</a></p>",
    "policy_text_clean": "盈球大师隐私政策\n我们的隐私政策于 2021年 3月 12日更新，我们对隐私政策进行了修订，从即日起，除了特定的盈球大师产品或服务提供独立的隐私政策以外，本隐私政策将能够提供有关我们如何管理您在使用所有盈球大师产品或服务时个人信息的隐私详情。\n请花一些时间熟悉我们的隐私政策，如果您有任何问题，请联系我们。\n我们向您承诺\n本隐私政策规定了深圳市天盈互动网络技术有限公司及其关联公司（下文简称“盈球大师”或“我们”）如何收集、使用、披露、处理和保护您使用我们位于 WEB站以及我们在移动设备上提供的应用程序套装的产品或服务时提供给我们的信息。我们要求您提供某些信息，以便在使用盈球大师产品或服务时验证您的身份，我们将严格遵守本隐私政策/或我们的用户条款与条件来使用这些信息。\n本隐私政策在制定时充分考虑到您的需求，您全面了解我们的个人信息收集和使用惯例，同时确保您最终能控制提供给盈球大师的个人信息，这一点至关重要。\n在本隐私政策中，“个人信息”指通过信息本身或通过关联其他信息后能够识别特定个人的数据。此类个人信息包括但不限于您主动提供给我们的信息，我们系统指定与您相关的信息，以及根据您所使用的服务，相应收集的信息，可能包括身份信息、财务信息，社交信息，登录日志信息等。\n如果使用盈球大师产品或服务，表示您已阅读、认可并接受本隐私政策中所有条款，包括我们随时做出的任何变更。我们承诺遵照适用的相关法律来保护个人信息的隐私、机密和安全，我们的全体员工都会同样履行这些义务。\n最后，我们希望为用户带来最好的体验。如果您对本隐私政策中描述的数据处理实践有任何疑问，请联系我们，以便我们处理您的特殊需求。我们很高兴收到您的反馈。\n收集哪些信息以及如何使用信息？\n收集的信息类别\n为了向您提供我们的服务，我们需要您提供该服务所必需的个人信息。如果您不提供您的个人信息，我们可能无法向您提供我们相应的服务。\n我们只会收集您选择的服务所必需的、特定的、明确及合法目的的信息，并且不会以与这些目的不相符的方式进一步处理相关信息，根据您选择的服务，我们可能收集以下信息中的一种或多种（无论其是否为个人信息）：\n1、为方便记录用户的交易行为，允许应用在注册时采集用户的虚拟账户信息，包括手机号、用户名、虚拟账号登录密码、昵称。\n2、为保证发布内容的合法合规，允许在用户发布信息时采集用户的身份信息，包括真实姓名、身份证号，同时身份信息用于有收益用户的报税。\n3、对于平台用户所获得的收益，为方便给用户打款，允许在用户进行提款时采集用户的银行卡信息，包括开户银行、银行卡号、开户姓名等。\n4、为了用户更好的体验盈球大师的产品和服务，允许采集用户其它相关信息，包括头像、个人签名信息等。\n5、为了更好的为您提供个性化的推送服务，允许应用获取粘贴板信息、ANDROID_ID（Android_ID）、设备IMEI、设备号、MAC地址、程序任务状态、软件安装列表（应用列表）、运营商这些信息。\n6、为了提供修改个性化头像功能，允许应用读取您SD卡的内容。\n7、为了实现保存图片功能，允许应用修改或删除您的SD卡中的内容。\n8、为了提供修改个性化头像功能，允许应用随时使用相机拍摄照片和获取读取相册权限。\n9、允许应用获取您设备的网络状态和WIFI状态，并改变WIFI状态。该权限将用于手机号码一键登录功能。\n10、嵌入的第三方SDK：\n• cordova-plugin-xgpush，腾讯移动推送SDK。第三方名称：深圳市腾讯计算机系统有限公司。收集个人信息类型：设备信息(手机型号，系统类型、系统版本等)用于标签化推送以及识别是否是真机、网络信息(网络类型)支持根据不同网络类型进行不同类型推送、账号绑定信息(根据您所选用的不同推送渠道，QQ号、微信Union ID、 手机号、邮箱等)用于根据账号信息进行推送。 使用目的：获取应用列表、网络状态等信息，从而提供个性化的消息定向推送服务和精准营销服务。 为了更稳定高效的推送通道、更高推送抵达率，我们将会打开推送服务的自启动和关联启动功能。如果您不想使用推送功能，您可以在我的-右上角设置-消息推送选项中关闭推送功能。 附：腾讯移动推送SDK隐私政策【链接地址为：https://privacy.qq.com/document/preview/8565a4a2d26e480187ed86b0cc81d727】\n• verso Clipboard，开源SDK。使用目的：应用通过此SDK获取用户粘贴板信息，从而实现定向页面跳转功能。\n• cordova-plugin-camera，开源SDK。使用目的：应用通过此SDK获取进行摄像和获取用户照片，从而实现上传头像功能。\n• cordova-plugin-inappbrowser、cordova-plugin-device，开源SDK。使用目的：应用通过此SDK获取设备识别信息（含ANDROID_ID [Android_ID]、设备号、MAC地址、idfa），从而提供个性化的推送服务。\n• JVerification-cordova-plugin，极光一键登录SDK、极光SDK。使用目的：获取网络状态、设备IMEI信息，从而提供使用手机号码一键登录功能，优化体验。\n• cordova-plugin-wechat，微信登录SDK。使用目的：获取软件安装列表信息，从而可以判断设备是否安装了微信/qq/微博，从而提供第三方登录功能。\n• cordova-plugin-alipay-v2，支付宝SDK。使用目的：获取网络状态信息，从而提供第三方支付功能。\n我们还可能收集其他类型的信息，这些信息与个人没有直接或间接关联，例如，在使用特定服务时，可能收集用户的设备型号和系统版本号。收集此类信息的目的在于改善我们向您提供的服务。所收集信息的类别和数量取决于您如何使用、加入或参与我们产品和/或服务。\n这些个人信息将会被如何使用\n个人信息的收集是用户获得盈球大师提供服务的基础，信息收集仅限服务所需，绝不收集非服务所需的个人信息，也不会向第三方提供用户个人信息，并且保证我们遵照适用的相关法律。您同意我们基于本隐私政策规定的目的处理个人信息，并向我们的关联公司披露个人信息。\n我们可能会将您的个人信息用于下列目的：\n•\t提供、处理、维护、改善、开发我们的产品和/或提供给您的服务，包括售后服务和客户支持，以及通过设备或网站提供的服务。\n•\t处理您的设备、服务或查询请求（例如更新、我们活动的相关信息、通知）等进行交流。\n•\t进行相关的推广活动，例如提供推广与促销的资料和更新。\n•\t允许您在公共论坛上发表评论。\n•\t分析和开发与我们产品或服务的使用相关的统计信息，以更好地改进我们的产品或服务。\n•\t优化设备的性能，例如分析应用程序的内存使用情况或应用的CPU利用率。\n•\t储存并维护与您相关的信息，用于我们运营业务或履行法律义务。\n•\t提供不需要与我们的服务器通信的本地服务。\n安全保障\n盈球大师的安全措施\n我们承诺保证您的个人信息安全。为了防止未经授权的访问、披露或其他类似风险，我们落实了合理的物理、电子和管理措施流程，保护我们从您的移动设备和盈球大师网站上收集的信息。我们将采取所有合理的措施保护您的个人信息。\n您的个人信息全都被储存在安全的服务器上，并在受控设施中受到保护。我们依据重要性和敏感性对您的数据进行分类，并且保证您的个人信息具有最高的安全等级。\n我们将采取所有可行的措施保护您的个人信息。但是，您应当意识到互联网的使用并不总是安全的，因此，我们不能保证在通过互联网双向传输时任何个人信息的安全性或完整性。\n账号注销\n账号注销条件\n如果您需要注销账号，需同时满足以下条件：\n1、账号内无剩余资金。\n2、账号无拖欠或未缴纳的款项。\n3、账号内无未完成的交易、订单和服务等。\n4、账号内无未使用或使用中的权益。如果您还有未使用或使用中的权益，注销账号将视为您主动放弃相应权益。\n5、账号无任何未处理完的投诉或举报。\n6、账号未涉及任何已发生的纠纷、诉讼或主管部门的调查，以及不存在上述涉及诉讼和被调查的现实性风险。\n7、账号无其它依照法律法规的要求，应当履行而尚未履行的义务等请形。\n8、账号下您有权处理的相关数据、信息均已迁出及妥善备份。如您未备份相关数据，注销账号将视为您完全放弃保留、找回该数据的权利。\n账号将视为您完全放弃保留、找回该数据的权利。\n账号注销的后果\n您知悉并同意，账号注销后将产生包括但不限于以下后果：\n1、您将无法依赖该账号进行任何权限操作。\n2、注销的账号将被收回，您将无法以该账号登录盈球大师网站、授权盈球大师访问的第三方网络服务，或使用盈球大师任何需要账号登录才能使用的服务。\n3、您将无法找回该账号下您曾经存储、使用的全部信息和数据等，盈球大师按照相关法律法规应该保留的相关信息和数据除外。\n4、其它可能对您的权益造成损害或给您造成损失的后果。\n如何注销盈球大师账号\n我们的官方渠道为您提供了在线注销账号功能，通过盈球大师app注销账号的路经为：我的——系统设置——永久注销账号，按照页面操作指引即可进行账号的注销。\n联系我们\n如果您对本隐私政策有任何意见或问题，或者您对盈球大师收集、使用或披露您的个人信息有任何问题，请通过下列方式联系我们，并提及“隐私政策”：\n深圳市天盈互动网络技术有限公司\n客服热线：0755-61619788"
}