{
    "app_id": "C100083951",
    "app_name": "桂林出行网",
    "app_version": "6.2.1",
    "app_download_num_description": "227 万次安装",
    "app_package_name": "cn.com.jttravel",
    "app_score": 1.3,
    "app_package_size": "38.4 MB",
    "app_package_size_precise": 40304109,
    "app_icon_url": "https://appimg.dbankcdn.com/application/icon144/d25dc068787e4b919e8c7b2871cfd601.png",
    "app_developer": "桂林市交通投资控股集团有限公司",
    "app_update_time": "2022-07-01",
    "app_update_description": "1、功能优化，优化用户体验",
    "app_description": "桂林出行网以交通+旅游服务为主，涵盖市民公交、政企校定制公交、旅游大巴、智能充电桩、景区购票等多样化业务服务功能，为市民及团散游客提供一站式的规范化服务，同时也满足旅游出行中的个性化服务需求。",
    "app_policy_url": "https://cxwadmin.dycxw.com/FileServer/PrivacyPolicy2.html",
    "app_listed_permission": "1.完全的网络访问权限\n2.修改或删除存储卡中的内容\n3.读取存储卡中的内容\n4.查看 Wi-Fi 连接\n5.读取通话状态和移动网络信息\n6.访问大致位置信息（使用网络进行定位）\n7.访问确切位置信息（使用 GPS 和网络进行定位）\n8.连接 Wi-Fi 或断开连接\n9.获取额外的位置信息提供程序命令\n10.拨打电话\n11.相机\n12.修改系统设置\n13.显示在其他应用上面\n14.在后台使用位置信息\n15.更改网络连接性\n16.读取已安装应用软件列表",
    "app_listed_permission_description": "1.允许该应用创建网络套接字和使用自定义网络协议。浏览器和其他某些应用提供了向互联网发送数据的途径，因此应用无需该权限即可向互联网发送数据。\n2.允许应用修改或删除存储卡上的照片、媒体内容和文件。\n3.允许应用读取存储卡上的照片、媒体内容和文件。\n4.允许该应用查看 Wi-Fi 网络的相关信息，例如是否开启 Wi-Fi 及已连接的 Wi-Fi 设备名称。\n5.允许应用获取本机号码、通话状态以及拨打的号码。\n6.允许应用基于基站、 Wi-Fi 等网络源获取位置信息。\n7.允许应用基于GPS、基站、 Wi-Fi 等网络源获取位置信息。这可能会增加耗电量。\n8.允许应用与 Wi-Fi 接入点建立和断开连接，并更改 Wi-Fi 网络的设备配置。\n9.允许应用访问额外的位置提供程序命令。此权限可让该应用干扰 GPS 或其他位置源的运行。\n10.允许应用自动拨打电话。\n11.允许应用拍摄照片和视频。\n12.修改设置应用中的设置项\n13.显示弹框、全屏界面到其他应用上面\n14.如应用已获取了“访问确切位置信息”或“访问大致位置信息”权限，则允许应用在后台运行时使用位置信息。\n15.允许该应用更改网络连接的状态。\n16.允许应用读取设备上的已安装应用软件列表。",
    "app_category": [
        "旅游住宿"
    ],
    "app_subcategory": [
        "热门",
        "旅游"
    ],
    "app_APK_url": "https://appgallery.cloud.huawei.com/appdl/C100083951",
    "is_popular": true,
    "app_APK_name": "C100083951-6.2.1.apk",
    "app_policy_name": "C100083951-6.2.1.txt",
    "policy_html_source_code": "<html><head></head><body><p style=\"font-family: &quot;Microsoft YaHei&quot;; font-size: medium; white-space: normal; text-align: center;\">\n    <strong>《隐私政策》</strong>\n</p>\n<p style=\"font-family: &quot;Microsoft YaHei&quot;; font-size: medium; white-space: normal; text-indent: 42px;\">\n    <span style=\"font-family: 宋体;\">桂林出行网尊重并保护所有使用服务用户的个人隐私权。但桂林出行网将以高度的勤勉、审慎义务对待这些信息。除本隐私权政策另有规定外，在未征得您事先许可的情况下，桂林出行网不会将这些信息对外披露或向第三方提供。桂林出行网会不时更新本隐私权政策。您在同意桂林出行网服务使用协议之时，即视为您已经同意本隐私权政策全部内容。本隐私权政策属于桂林出行网服务使用协议不可分割的一部分。</span>\n</p>\n<p style=\"font-family: &quot;Microsoft YaHei&quot;; font-size: medium; white-space: normal;\">\n    <span style=\"font-family: 宋体, SimSun;\">&nbsp;开发者名称：<span style=\"color: rgb(51, 51, 51); background-color: rgb(255, 255, 255); font-family: 宋体, SimSun;\">桂林市交通投资控股集团有限公司</span></span>\n</p>\n<p style=\"font-family: &quot;Microsoft YaHei&quot;; font-size: medium; white-space: normal;\">\n    <span style=\"font-family: 宋体, SimSun;\">&nbsp;APP应用名称: 桂林出行网</span>\n</p>\n<p style=\"font-family: &quot;Microsoft YaHei&quot;; font-size: medium; white-space: normal;\">\n    <span style=\"font-family: 宋体;\">1.适用范围</span>\n</p>\n<p style=\"font-family: &quot;Microsoft YaHei&quot;; font-size: medium; white-space: normal;\">\n    <span style=\"font-family: Calibri;\">&nbsp;</span>\n</p>\n<p style=\"font-family: &quot;Microsoft YaHei&quot;; font-size: medium; white-space: normal;\">\n    <span style=\"font-family: 宋体;\">a)在您注册桂林出行网帐号时，您根据桂林出行网要求提供的个人注册信息；</span>\n</p>\n<p style=\"font-family: &quot;Microsoft YaHei&quot;; font-size: medium; white-space: normal;\">\n    <span style=\"font-family: Calibri;\">&nbsp;</span>\n</p>\n<p style=\"font-family: &quot;Microsoft YaHei&quot;; font-size: medium; white-space: normal;\">\n    <span style=\"font-family: 宋体;\">b)在您使用桂林出行网网络服务，或访问桂林出行网平台网页时，桂林出行网自动接收并记录的您的浏览器和计算机上的信息，包括但不限于您的<span style=\"font-family: Calibri;\">IP</span>地址、浏览器的类型、使用的语言、访问日期和时间、软硬件特征信息及您需求的网页记录等数据；</span>\n</p>\n<p style=\"font-family: &quot;Microsoft YaHei&quot;; font-size: medium; white-space: normal;\">\n    <span style=\"font-family: Calibri;\">&nbsp;</span>\n</p>\n<p style=\"font-family: &quot;Microsoft YaHei&quot;; font-size: medium; white-space: normal;\">\n    <span style=\"font-family: 宋体;\">c)桂林出行网通过合法途径从商业伙伴处取得的用户个人数据。</span>\n</p>\n<p style=\"font-family: &quot;Microsoft YaHei&quot;; font-size: medium; white-space: normal;\">\n    <span style=\"font-family: Calibri;\">&nbsp;</span>\n</p>\n<p style=\"font-family: &quot;Microsoft YaHei&quot;; font-size: medium; white-space: normal;\">\n    <span style=\"font-family: 宋体;\">您了解并同意，以下信息不适用本隐私权政策：</span>\n</p>\n<p style=\"font-family: &quot;Microsoft YaHei&quot;; font-size: medium; white-space: normal;\">\n    <span style=\"font-family: Calibri;\">&nbsp;</span>\n</p>\n<p style=\"font-family: &quot;Microsoft YaHei&quot;; font-size: medium; white-space: normal;\">\n    <span style=\"font-family: 宋体;\">a)您在使用桂林出行网平台提供的搜索服务时输入的关键字信息；</span>\n</p>\n<p style=\"font-family: &quot;Microsoft YaHei&quot;; font-size: medium; white-space: normal;\">\n    <span style=\"font-family: Calibri;\">&nbsp;</span>\n</p>\n<p style=\"font-family: &quot;Microsoft YaHei&quot;; font-size: medium; white-space: normal;\">\n    <span style=\"font-family: 宋体;\">b)桂林出行网收集到的您在桂林出行网发布的有关信息数据，包括但不限于参与活动、成交信息及评价详情；</span>\n</p>\n<p style=\"font-family: &quot;Microsoft YaHei&quot;; font-size: medium; white-space: normal;\">\n    <span style=\"font-family: Calibri;\">&nbsp;</span>\n</p>\n<p style=\"font-family: &quot;Microsoft YaHei&quot;; font-size: medium; white-space: normal;\">\n    <span style=\"font-family: 宋体;\">c)违反法律规定或违反桂林出行网规则行为及桂林出行网已对您采取的措施。</span>\n</p>\n<p style=\"font-family: &quot;Microsoft YaHei&quot;; font-size: medium; white-space: normal;\">\n    <span style=\"font-family: Calibri;\">&nbsp;</span>\n</p>\n<p style=\"font-family: &quot;Microsoft YaHei&quot;; font-size: medium; white-space: normal;\">\n    <span style=\"font-family: 宋体;\">2.信息采集和使用</span>\n</p>\n<p style=\"font-family: &quot;Microsoft YaHei&quot;; font-size: medium; white-space: normal;\">\n    <span style=\"font-family: 宋体;\">信息收集使用规则</span>\n</p>\n<p style=\"font-family: &quot;Microsoft YaHei&quot;; font-size: medium; white-space: normal;\">\n    <span style=\"font-family: 宋体;\">&nbsp;&nbsp;&nbsp;收集的个人信息控制者为桂林出行网旅游发展有限公司,客服电话<span style=\"font-family: Calibri;\">400-900-1999</span>、用户可通过此电话联系联系客服人员更正删除个人信息及注销账号、撤回授权同意个人信息使用权限<span style=\"font-family: Calibri;\">.</span></span>\n</p>\n<p style=\"font-family: &quot;Microsoft YaHei&quot;; font-size: medium; white-space: normal;\">\n    <span style=\"font-family: 宋体;\">a)桂林出行网不会向任何无关第三方提供、出售、出租、分享或交易您的个人信息，除非事先得到您的许可，或该第三方和桂林出行网（含桂林出行网关联公司）单独或共同为您提供服务，且在该服务结束后，其将被禁止访问包括其以前能够访问的所有这些资料。</span>\n</p>\n<p style=\"font-family: &quot;Microsoft YaHei&quot;; font-size: medium; white-space: normal;\">\n    <span style=\"font-family: Calibri;\">&nbsp;</span>\n</p>\n<p style=\"font-family: &quot;Microsoft YaHei&quot;; font-size: medium; white-space: normal;\">\n    <span style=\"font-family: 宋体;\">b)桂林出行网亦不允许任何第三方以任何手段收集、编辑、出售或者无偿传播您的个人信息。任何桂林出行网平台用户如从事上述活动，一经发现，桂林出行网有权立即终止与该用户的服务协议。</span>\n</p>\n<p style=\"font-family: &quot;Microsoft YaHei&quot;; font-size: medium; white-space: normal;\">\n    <span style=\"font-family: Calibri;\">&nbsp;</span>\n</p>\n<p style=\"font-family: &quot;Microsoft YaHei&quot;; font-size: medium; white-space: normal;\">\n    <span style=\"font-family: Calibri;\">&nbsp;</span>\n</p>\n<p>\n    <span style=\"font-family: 宋体, SimSun;\">c)个人信息是指以电子或者其他方式记录的能够单独或者与其他信息结合识别特定自然人身份或者反映特定自然人活动情况的各种信息。本隐私政策中涉及的个人信息包括：基本信息（包括个人姓名、生日、性别、住址、个人电话号码、电子邮箱）；个人身份信息（包括身份证、驾驶证、行驶证等）；网络身份标识信息（包括系统账号、IP地址、邮箱地址及与前述有关的密码、口令、口令保护答案）；个人上网记录（包括网站浏览记录、软件使用记录、点击记录）；个人常用设备信息（包括硬件型号、设备MAC地址、操作系统类型、软件列表唯一设备识别码（如IMEI/android ID/IDFA/OPENUDID/GUID、SIM卡IMSI信息等在内的描述个人常用设备基本情况的信息）；个人位置信息（包括精准定位信息、经纬度等）个人敏感信息是指一旦泄露、非法提供或滥用可能危害人身和财产安全，极易导致个人名誉、身心健康受到损害或歧视性待遇等的个人信息，本隐私政策中涉及的个人敏感信息包括：您的财产信息（交易和消费记录、以及余额、积分、优惠券等财产信息）；个人身份信息（包括身份证、军官证、护照、驾驶证、行驶证等）；网络身份识别信息（包括账号、邮箱地址及与前述有关的密码口令的组合）；其他信息（包括通讯录、网页浏览记录、精准定位信息）。</span>\n</p>\n<p>\n    <span style=\"font-family: 宋体, SimSun;\">我们仅会出于以下目的，收集和使用您的个人信息：</span>\n</p>\n<p style=\"font-size: medium; white-space: normal;\">\n    <span style=\"font-family:Calibri\"></span><br>\n</p>\n<p style=\"font-family: &quot;Microsoft YaHei&quot;; font-size: medium; white-space: normal;\">\n    <span style=\"font-family: 宋体;\">3.APP设备权限调用说明</span>\n</p>\n<p style=\"font-family: &quot;Microsoft YaHei&quot;; font-size: medium; white-space: normal;\">\n    <span style=\"font-family: 宋体;\">&nbsp;</span>\n</p>\n<p style=\"font-family: &quot;Microsoft YaHei&quot;; font-size: medium; white-space: normal;\">\n    <span style=\"font-family: 宋体;\">&nbsp;a)读写外部存储权限：当您使用桂林出行网<span style=\"font-family: Calibri;\">APP</span>中的扫一扫、头像设置、客服、评论或分享、图像识别、将文件下载至本地或打开使用本地文件时，您可以通过开启存储权限使用或保存图片、视频或文件。若您不开启此权限，您将无法使用与存储卡读取或缓存相关的功能，但不影响您使用其他服务。</span>\n</p>\n<p style=\"font-family: &quot;Microsoft YaHei&quot;; font-size: medium; white-space: normal;\">\n    <span style=\"font-family: Calibri;\">&nbsp;</span>\n</p>\n<p style=\"font-family: &quot;Microsoft YaHei&quot;; font-size: medium; white-space: normal; text-indent: 7px;\">\n    <span style=\"font-family: 宋体;\">b)相册权限：当您使用桂林出行网<span style=\"font-family: Calibri;\">APP</span>中的扫一扫、头像设置、客服、评论或分享、图像识别等服务时，您可以通过开通相册权限以便上传设备中的图片或视频。若您不开启此权限，您将无法使用图片或视频上传相关的功能，但不影响您使用其他服务。</span>\n</p>\n<p style=\"font-family: &quot;Microsoft YaHei&quot;; font-size: medium; white-space: normal;\">\n    <span style=\"font-family: Calibri;\">&nbsp;</span>\n</p>\n<p style=\"font-family: &quot;Microsoft YaHei&quot;; font-size: medium; white-space: normal; text-indent: 7px;\">\n    <span style=\"font-family: 宋体;\">c) 相机权限：当您使用桂林出行网<span style=\"font-family: Calibri;\">APP</span>中的扫一扫、头像设置、客服、评论或分享、图像识别等服务时，您可以通过开通相机权限以便进行实时拍摄并上传图片或视频进行晒图或分享、设置头像。在需要人脸识别的场景下，则需要调用您的摄像头进行人脸的拍摄。若您不开启此权限，您将无法使用图片或视频拍摄相关的功能，但不影响您使用其他服务。</span>\n</p>\n<p style=\"font-family: &quot;Microsoft YaHei&quot;; font-size: medium; white-space: normal;\">\n    <span style=\"font-family: Calibri;\">&nbsp;</span>\n</p>\n<p style=\"font-family: &quot;Microsoft YaHei&quot;; font-size: medium; white-space: normal;\">\n    <span style=\"font-family: 宋体;\">&nbsp;d)位置权限：当您使用桂林出行网<span style=\"font-family: Calibri;\">APP</span>中的特定区域产品或服务时<span style=\"font-family: Calibri;\">(</span>如公交线路查询<span style=\"font-family: Calibri;\">)</span>，您可以通过开启位置权限以便查看或获取当前所在区域的产品或服务。若您不开启此权限，您将无法收到基于当前所在位置进行的推荐，但不影响您使用其他服务。</span>\n</p>\n<p style=\"font-family: &quot;Microsoft YaHei&quot;; font-size: medium; white-space: normal;\">\n    <span style=\"font-family: 宋体;\">&nbsp;e)</span><span style=\"font-family: 宋体, SimSun; font-size: 16px;\">在某些特定使用场景下，我司可能会使用具有相应业务资质及能力的第三方服务商提供的软件服务工具包（简称“SDK”）来为您提供服务，由第三方服务商收集您的必要信息。应用使用了集成极光推送、华为推送、腾讯X5浏览器、腾讯Bugly、.高德地图定位、神策、穿山甲等第三方SDK，通过这些第三方sdk可以为用户提供稳定的推送服务、良好的网页浏览体验，及时发现和修复应用存在的漏洞，根据数据分析完善应用，更好的为用户提供服务。具体说明如下：</span>\n</p>\n<p>\n    <span style=\"font-family: 宋体, SimSun;\"><span style=\"font-size:14px;font-family:宋体\">（</span><span style=\"font-size:14px;font-family:'Calibri',sans-serif\">1</span><span style=\"font-size:14px;font-family:宋体\">）</span>.极光推送SDK</span>\n</p>\n<p>\n    <span style=\"font-family: 宋体, SimSun;\">功能：用于实现消息推送（或其他推送）功能</span>\n</p>\n<p>\n    <span style=\"font-family: 宋体, SimSun;\">收集个人信息的类型：设备信息、地理位置、网络信息</span>\n</p>\n<p>\n    <span style=\"font-family: 宋体, SimSun;\">极光隐私政策链接：https://www.jiguang.cn/license/privacy</span>\n</p>\n<p>\n    <span style=\"font-family: 宋体, SimSun;\">设备信息：设备标识符（IMEI、IDFA、Android ID、MAC、OAID等相关信息）、应用信息（应用崩溃信息、通知开关状态、软件列表等相关信息）、设备参数及系统信息（设备类型、设备型号、操作系统及硬件相关信息）</span>\n</p>\n<p>\n    <span style=\"font-family: 宋体, SimSun;\">保持活跃度功能隐私政策建议：当“ 极光推送”或者具有类似功能的产品被不同开发者集成到不同APP后，该APP可以启动其他APP保持活跃度以提高消息送达率等。</span>\n</p>\n<p>\n    <span style=\"font-family: 宋体, SimSun;\"><span style=\"font-size:14px;font-family:宋体\">（</span><span style=\"font-size:14px;font-family:'Calibri',sans-serif\">2</span><span style=\"font-size:14px;font-family:宋体\">）</span>.腾讯Bugly SDK</span>\n</p>\n<p>\n    <span style=\"font-family: 宋体, SimSun;\">功能：手机和分析应用崩溃日志</span>\n</p>\n<p>\n    <span style=\"font-family: 宋体, SimSun;\">收集个人信息的类型：设备信息包括手机型号、系统版本等</span>\n</p>\n<p>\n    <span style=\"font-family: 宋体, SimSun;\">腾讯Bugly用户协议链接：http://bugly.qq.com/v2/contract</span>\n</p>\n<p>\n    <span style=\"font-family: 宋体, SimSun;\">设备信息：设备标识符、应用信息（应用崩溃信息、软件列表等相关信息）、设备参数及系统信息（设备类型、设备型号、操作系统及硬件相关信息）件相关信息）</span>\n</p>\n<p>\n    <span style=\"font-family: 宋体, SimSun;\"><span style=\"font-size:14px;font-family:宋体\">（</span><span style=\"font-size:14px;font-family:'Calibri',sans-serif\">3</span><span style=\"font-size:14px;font-family:宋体\">）</span>.高德地图定位SDK</span>\n</p>\n<p>\n    <span style=\"font-family: 宋体, SimSun;\">为了向您提供【基于位置的相关】功能/服务，我们的产品集成了【高德地图定位】SDK。在向您提供【定位】功能/服务时，【高德地图SDK】需要收集、使用您的【设备信息、位置信息、WLAN及其他传感器信息】，具体请您仔细阅读《高德地图开放平台隐私权政策》【请开发者附访问链接https://lbs.amap.com/home/privacy】}进行了解。</span>\n</p>\n<p style=\"font-family: &quot;Microsoft YaHei&quot;; font-size: medium; white-space: normal;\">\n    <span style=\"font-family: 宋体;\">&nbsp;&nbsp;&nbsp;我们申请获取的权限将与提供的服务功能保持一致，若我们提供的业务功能调整，我们申请的设备权限也将随之调整。我们在首次调用设备权限时会单独提示您是否开启并对权限申请目的进行解释，您可以在设备设置内对这些功能进行自主设置。请您注意，您开启这些权限即代表您授权我们可以收集和使用这些个人信息来实现上述的功能，您关闭权限即代表您取消了这些授权，则我们将不再继续收集您的这些个人信息，也无法为您提供上述与这些授权所对应的功能。您关闭权限的决定不会影响此前基于您的授权所进行的个人信息的处理。</span>\n</p>\n<p style=\"font-family: &quot;Microsoft YaHei&quot;; font-size: medium; white-space: normal;\">\n    <span style=\"font-family: Calibri;\">&nbsp;</span>\n</p>\n<p style=\"font-family: &quot;Microsoft YaHei&quot;; font-size: medium; white-space: normal;\">\n    <span style=\"font-family: 宋体;\">4.信息披露</span>\n</p>\n<p style=\"font-family: &quot;Microsoft YaHei&quot;; font-size: medium; white-space: normal;\">\n    <span style=\"font-family: Calibri;\">&nbsp;</span>\n</p>\n<p style=\"font-family: &quot;Microsoft YaHei&quot;; font-size: medium; white-space: normal;\">\n    <span style=\"font-family: 宋体;\">在如下情况下，桂林出行网将依据您的个人意愿或法律的规定全部或部分的披露您的个人信息：</span>\n</p>\n<p style=\"font-family: &quot;Microsoft YaHei&quot;; font-size: medium; white-space: normal;\">\n    <span style=\"font-family: Calibri;\">&nbsp;</span>\n</p>\n<p style=\"font-family: &quot;Microsoft YaHei&quot;; font-size: medium; white-space: normal;\">\n    <span style=\"font-family: 宋体;\">a)经您事先同意，向第三方披露；</span>\n</p>\n<p style=\"font-family: &quot;Microsoft YaHei&quot;; font-size: medium; white-space: normal;\">\n    <span style=\"font-family: Calibri;\">&nbsp;</span>\n</p>\n<p style=\"font-family: &quot;Microsoft YaHei&quot;; font-size: medium; white-space: normal;\">\n    <span style=\"font-family: 宋体;\">b)为提供您所要求的产品和服务，而必须和第三方分享您的个人信息；</span>\n</p>\n<p style=\"font-family: &quot;Microsoft YaHei&quot;; font-size: medium; white-space: normal;\">\n    <span style=\"font-family: Calibri;\">&nbsp;</span>\n</p>\n<p style=\"font-family: &quot;Microsoft YaHei&quot;; font-size: medium; white-space: normal;\">\n    <span style=\"font-family: 宋体;\">c)根据法律的有关规定，或者行政或司法机构的要求，向第三方或者行政、司法机构披露；</span>\n</p>\n<p style=\"font-family: &quot;Microsoft YaHei&quot;; font-size: medium; white-space: normal;\">\n    <span style=\"font-family: Calibri;\">&nbsp;</span>\n</p>\n<p style=\"font-family: &quot;Microsoft YaHei&quot;; font-size: medium; white-space: normal;\">\n    <span style=\"font-family: 宋体;\">d)如您出现违反中国有关法律、法规或者桂林出行网服务协议或相关规则的情况，需要向第三方披露；</span>\n</p>\n<p style=\"font-family: &quot;Microsoft YaHei&quot;; font-size: medium; white-space: normal;\">\n    <span style=\"font-family: Calibri;\">&nbsp;</span>\n</p>\n<p style=\"font-family: &quot;Microsoft YaHei&quot;; font-size: medium; white-space: normal;\">\n    <span style=\"font-family: 宋体;\">e)如您是适格的知识产权投诉人并已提起投诉，应被投诉人要求，向被投诉人披露，以便双方处理可能的权利纠纷；</span>\n</p>\n<p style=\"font-family: &quot;Microsoft YaHei&quot;; font-size: medium; white-space: normal;\">\n    <span style=\"font-family: Calibri;\">&nbsp;</span>\n</p>\n<p style=\"font-family: &quot;Microsoft YaHei&quot;; font-size: medium; white-space: normal;\">\n    <span style=\"font-family: 宋体;\">f)在桂林出行网平台上创建的某一交易中，如交易任何一方履行或部分履行了交易义务并提出信息披露请求的，桂林出行网有权决定向该用户提供其交易对方的联络方式等必要信息，以促成交易的完成或纠纷的解决。</span>\n</p>\n<p style=\"font-family: &quot;Microsoft YaHei&quot;; font-size: medium; white-space: normal;\">\n    <span style=\"font-family: Calibri;\">&nbsp;</span>\n</p>\n<p style=\"font-family: &quot;Microsoft YaHei&quot;; font-size: medium; white-space: normal;\">\n    <span style=\"font-family: 宋体;\">g)其它桂林出行网根据法律、法规或者网站政策认为合适的披露。</span>\n</p>\n<p style=\"font-family: &quot;Microsoft YaHei&quot;; font-size: medium; white-space: normal;\">\n    <span style=\"font-family: Calibri;\">&nbsp;</span>\n</p>\n<p style=\"font-family: &quot;Microsoft YaHei&quot;; font-size: medium; white-space: normal;\">\n    <span style=\"font-family: 宋体;\">5.信息存储和交换</span>\n</p>\n<p style=\"font-family: &quot;Microsoft YaHei&quot;; font-size: medium; white-space: normal;\">\n    <span style=\"font-family: Calibri;\">&nbsp;</span>\n</p>\n<p style=\"font-family: &quot;Microsoft YaHei&quot;; font-size: medium; white-space: normal;\">\n    <span style=\"font-family: 宋体;\">桂林出行网收集的有关您的信息和资料将保存在桂林出行网及（或）其关联公司的服务器上，这些信息和资料可能传送至您所在国家、地区或桂林出行网收集信息和资料所在地的境外并在境外被访问、存储和展示。</span>\n</p>\n<p style=\"font-family: &quot;Microsoft YaHei&quot;; font-size: medium; white-space: normal;\">\n    <span style=\"font-family: Calibri;\">&nbsp;</span>\n</p>\n<p style=\"font-family: &quot;Microsoft YaHei&quot;; font-size: medium; white-space: normal;\">\n    <span style=\"font-family: 宋体;\">6.Cookie的使用</span>\n</p>\n<p style=\"font-family: &quot;Microsoft YaHei&quot;; font-size: medium; white-space: normal;\">\n    <span style=\"font-family: Calibri;\">&nbsp;</span>\n</p>\n<p style=\"font-family: &quot;Microsoft YaHei&quot;; font-size: medium; white-space: normal;\">\n    <span style=\"font-family: 宋体;\">a)在您未拒绝接受<span style=\"font-family: Calibri;\">cookies</span>的情况下，桂林出行网会在您的计算机上设定或取用<span style=\"font-family: Calibri;\">cookies</span></span>\n</p>\n<p style=\"font-family: &quot;Microsoft YaHei&quot;; font-size: medium; white-space: normal;\">\n    <span style=\"font-family: Calibri;\">&nbsp;</span>\n</p>\n<p style=\"font-family: &quot;Microsoft YaHei&quot;; font-size: medium; white-space: normal;\">\n    <span style=\"font-family: 宋体;\">，以便您能登录或使用依赖于cookies的桂林出行网平台服务或功能。</span>\n</p>\n<p style=\"font-family: &quot;Microsoft YaHei&quot;; font-size: medium; white-space: normal;\">\n    <span style=\"font-family: 宋体;\">b)您有权选择接受或拒绝接受<span style=\"font-family: Calibri;\">cookies</span>。您可以通过修改浏览器设置的方式拒绝接受<span style=\"font-family: Calibri;\">cookies</span>。但如果您选择拒绝接受<span style=\"font-family: Calibri;\">cookies</span>，则您可能无法登录或使用依赖于<span style=\"font-family: Calibri;\">cookies</span>的桂林出行网网络服务或功能。</span>\n</p>\n<p style=\"font-family: &quot;Microsoft YaHei&quot;; font-size: medium; white-space: normal;\">\n    <span style=\"font-family: Calibri;\">&nbsp;</span>\n</p>\n<p style=\"font-family: &quot;Microsoft YaHei&quot;; font-size: medium; white-space: normal;\">\n    <span style=\"font-family: 宋体;\">c)通过桂林出行网所设<span style=\"font-family: Calibri;\">cookies</span>所取得的有关信息，将适用本政策。</span>\n</p>\n<p style=\"font-family: &quot;Microsoft YaHei&quot;; font-size: medium; white-space: normal;\">\n    <span style=\"font-family: Calibri;\">&nbsp;</span>\n</p>\n<p style=\"font-family: &quot;Microsoft YaHei&quot;; font-size: medium; white-space: normal;\">\n    <span style=\"font-family: 宋体;\">7.审计信息</span>\n</p>\n<p style=\"font-family: &quot;Microsoft YaHei&quot;; font-size: medium; white-space: normal;\">\n    <span style=\"font-family: 宋体;\">a)桂林出行网后台将通过<span style=\"font-family: Calibri;\">APP</span>记录用户登录、下单、支付等操作相关信息如：登录<span style=\"font-family: Calibri;\">IP</span>、设备<span style=\"font-family: Calibri;\">ID</span>及银联消费码相关身份认证信息。</span>\n</p>\n<p style=\"font-family: &quot;Microsoft YaHei&quot;; font-size: medium; white-space: normal;\">\n    <span style=\"font-family: Calibri; font-size: 14px;\">b</span><span style=\"font-family: 宋体; font-size: 14px;\">)<span style=\"font-size: 16px;\">通过桂林出行网所设安全审计信息有关信息，将适用本政策。</span></span>\n</p>\n<p style=\"font-family: &quot;Microsoft YaHei&quot;; font-size: medium; white-space: normal;\">\n    <span style=\"font-family: Calibri;\">&nbsp;</span>\n</p>\n<p style=\"font-family: &quot;Microsoft YaHei&quot;; font-size: medium; white-space: normal;\">\n    <span style=\"font-family: 宋体;\">8.信息安全</span>\n</p>\n<p style=\"font-family: &quot;Microsoft YaHei&quot;; font-size: medium; white-space: normal;\">\n    <span style=\"font-family: Calibri;\">&nbsp;</span>\n</p>\n<p style=\"font-family: &quot;Microsoft YaHei&quot;; font-size: medium; white-space: normal;\">\n    <span style=\"font-family: 宋体;\">a)桂林出行网帐号均有安全保护功能，请妥善保管您的用户名及密码信息。桂林出行网将通过对用户密码进行加密等安全措施确保您的信息不丢失，不被滥用和变造。尽管有前述安全措施，但同时也请您注意在信息网络上不存在“完善的安全措施”。</span>\n</p>\n<p style=\"font-family: &quot;Microsoft YaHei&quot;; font-size: medium; white-space: normal;\">\n    <span style=\"font-family: Calibri;\">&nbsp;</span>\n</p>\n<p style=\"font-family: &quot;Microsoft YaHei&quot;; font-size: medium; white-space: normal;\">\n    <span style=\"font-family: 宋体;\">b)在使用桂林出行网网络服务进行网上交易时，您不可避免的要向交易对方或潜在的交易对方披露自己的个人信息，如联络方式或者邮政地址。请您妥善保护自己的个人信息，仅在必要的情形下向他人提供。如您发现自己的个人信息泄密，尤其是桂林出行网用户名及密码发生泄露，请您立即联络桂林出行网客服，以便桂林出行网采取相应措施。</span>\n</p>\n<p style=\"font-size: medium; white-space: normal;\">\n    <span style=\"font-family:宋体\">c)在APP</span><span style=\"font-family: 宋体, SimSun; font-size: 16px;\">登录页面默认勾选框“登录即代表同意”隐私政策，用户可主动勾选的空白复选框。</span>\n</p>\n<p style=\"font-family: &quot;Microsoft YaHei&quot;; font-size: medium; white-space: normal;\">\n    <span style=\"font-family: 宋体;\">&nbsp;&nbsp;&nbsp;您可以在APP中通过“我的→隐私政策”中查看本政策。</span>\n</p>\n<p style=\"font-family: &quot;Microsoft YaHei&quot;; font-size: medium; white-space: normal;\">\n    <span style=\"font-family: Calibri;\">&nbsp;</span>\n</p>\n<p style=\"font-family: &quot;Microsoft YaHei&quot;; font-size: medium; white-space: normal;\">\n    <span style=\"font-family: 宋体;\">9.您的权利</span>\n</p>\n<p style=\"font-family: &quot;Microsoft YaHei&quot;; font-size: medium; white-space: normal;\">\n    <span style=\"font-family: 宋体;\">&nbsp;</span>\n</p>\n<p style=\"font-family: &quot;Microsoft YaHei&quot;; font-size: medium; white-space: normal;\">\n    <span style=\"font-family: 宋体;\">a)访问、更正、删除您的个人信息</span>\n</p>\n<p style=\"font-family: &quot;Microsoft YaHei&quot;; font-size: medium; white-space: normal;\">\n    <span style=\"font-family: Calibri;\">&nbsp;</span>\n</p>\n<p style=\"font-family: &quot;Microsoft YaHei&quot;; font-size: medium; white-space: normal;\">\n    <span style=\"font-family: 宋体;\">1.您可以通过桂林出行网<span style=\"font-family: Calibri;\">APP</span>“我的”页面查询您的个人信息。</span>\n</p>\n<p style=\"font-family: &quot;Microsoft YaHei&quot;; font-size: medium; white-space: normal;\">\n    <span style=\"font-family: Calibri;\">&nbsp;</span>\n</p>\n<p style=\"font-family: &quot;Microsoft YaHei&quot;; font-size: medium; white-space: normal;\">\n    <span style=\"font-family: 宋体;\">2. 您可以通过本隐私政策上方【客服服务】约定的方式联系我们要求查询、更正或删除您的个人信息，出于安全性和身份识别的考虑或根据法律法规及监管规定，部分个人信息的修改可能需要在验证您的身份后方可完成。</span>\n</p>\n<p style=\"font-family: &quot;Microsoft YaHei&quot;; font-size: medium; white-space: normal;\">\n    <span style=\"font-family: Calibri;\">&nbsp;</span>\n</p>\n<p style=\"font-family: &quot;Microsoft YaHei&quot;; font-size: medium; white-space: normal;\">\n    <span style=\"font-family: 宋体;\">3. 在以下情形中，您可以向我们提出删除个人信息的要求：</span>\n</p>\n<p style=\"font-family: &quot;Microsoft YaHei&quot;; font-size: medium; white-space: normal;\">\n    <span style=\"font-family: Calibri;\">&nbsp;</span>\n</p>\n<p style=\"font-family: &quot;Microsoft YaHei&quot;; font-size: medium; white-space: normal;\">\n    <span style=\"font-family: 宋体;\">（1）我们违反法律法规规定，收集、使用、共享、转让、公开披露您的个人信息的；</span>\n</p>\n<p style=\"font-family: &quot;Microsoft YaHei&quot;; font-size: medium; white-space: normal;\">\n    <span style=\"font-family: Calibri;\">&nbsp;</span>\n</p>\n<p style=\"font-family: &quot;Microsoft YaHei&quot;; font-size: medium; white-space: normal;\">\n    <span style=\"font-family: 宋体;\">（2）我们违反了与您的约定，收集、使用、共享、转让、公开披露您的个人信息的。</span>\n</p>\n<p style=\"font-family: &quot;Microsoft YaHei&quot;; font-size: medium; white-space: normal;\">\n    <span style=\"font-family: Calibri;\">&nbsp;</span>\n</p>\n<p style=\"font-family: &quot;Microsoft YaHei&quot;; font-size: medium; white-space: normal;\">\n    <span style=\"font-family: 宋体;\">b) 改变您授权同意的范围或撤回您的授权</span>\n</p>\n<p style=\"font-family: &quot;Microsoft YaHei&quot;; font-size: medium; white-space: normal;\">\n    <span style=\"font-family: Calibri;\">&nbsp;</span>\n</p>\n<p style=\"font-family: &quot;Microsoft YaHei&quot;; font-size: medium; white-space: normal;\">\n    <span style=\"font-family: 宋体;\">您可以通过删除信息、关闭设备功能来改变部分您授权我们继续收集个人信息的范围或撤回您的授权。您也可以通过注销具体产品、注销付费通账号的方式，撤回我们继续收集您个人信息的全部授权。</span>\n</p>\n<p style=\"font-family: &quot;Microsoft YaHei&quot;; font-size: medium; white-space: normal;\">\n    <span style=\"font-family: Calibri;\">&nbsp;</span>\n</p>\n<p style=\"font-family: &quot;Microsoft YaHei&quot;; font-size: medium; white-space: normal;\">\n    <span style=\"font-family: 宋体;\">请您理解，每个业务功能需要一些基本的个人信息才能得以完成，当您撤回同意或授权后，我们无法继续为您提供撤回同意或授权所对应的服务，也不再处理您相应的个人信息。但您撤回同意或授权的决定，不会影响此前基于您的授权而开展的个人信息处理。</span>\n</p>\n<p style=\"font-family: &quot;Microsoft YaHei&quot;; font-size: medium; white-space: normal;\">\n    <span style=\"font-family: Calibri;\">&nbsp;</span>\n</p>\n<p style=\"font-family: &quot;Microsoft YaHei&quot;; font-size: medium; white-space: normal;\">\n    <span style=\"font-family: Calibri; font-size: 14px;\">c</span><span style=\"font-family: 宋体; font-size: 14px;\">)<span style=\"font-size: 16px;\">注销您的账户</span></span>\n</p>\n<p style=\"font-family: &quot;Microsoft YaHei&quot;; font-size: medium; white-space: normal;\">\n    <span style=\"font-family: Calibri;\">&nbsp;</span>\n</p>\n<p style=\"font-family: &quot;Microsoft YaHei&quot;; font-size: medium; white-space: normal;\">\n    <span style=\"font-family: 宋体;\">1. 您可以在我们的产品或服务中直接申请注销账号或注销您申请的具体服务功能，您可以通过本隐私政策上方【客服服务】约定的方式联系我们，经核实您的注销信息、您所购买产品或服务的履行情况、您的交易情况等具体细节后，我们对您的注销账号申请进行处理。您充分知晓，账户注销成功即视为您撤销对我们收集您个人信息的全部授权。</span>\n</p>\n<p style=\"font-family: &quot;Microsoft YaHei&quot;; font-size: medium; white-space: normal;\">\n    <span style=\"font-family: Calibri;\">&nbsp;</span>\n</p>\n<p style=\"font-family: &quot;Microsoft YaHei&quot;; font-size: medium; white-space: normal;\">\n    <span style=\"font-family: 宋体;\">2. 账户注销后，您该账户内的全部信息将被清空，我们将不会再收集、使用或对外提供该账户相关的个人信息，但您在使用付费通服务期间提供或产生的信息，我们仍需按照法律法规或监管规定的时间进行保存，且在该保存时间内依法配合有权机关的查询。</span>\n</p>\n<p style=\"font-family: &quot;Microsoft YaHei&quot;; font-size: medium; white-space: normal;\">\n    <span style=\"font-family: Calibri;\">&nbsp;</span>\n</p>\n<p style=\"font-family: &quot;Microsoft YaHei&quot;; font-size: medium; white-space: normal;\">\n    <span style=\"font-family: Calibri; font-size: 14px;\">d</span><span style=\"font-family: 宋体; font-size: 14px;\">)&nbsp;<span style=\"font-size: 16px;\">响应您的请求</span></span>\n</p>\n<p style=\"font-family: &quot;Microsoft YaHei&quot;; font-size: medium; white-space: normal;\">\n    <span style=\"font-family: Calibri;\">&nbsp;</span>\n</p>\n<p style=\"font-family: &quot;Microsoft YaHei&quot;; font-size: medium; white-space: normal;\">\n    <span style=\"font-family: Calibri; font-size: 14px;\">1</span><span style=\"font-family: 宋体; font-size: 14px;\">.&nbsp;<span style=\"font-size: 16px;\">在以下情形中，按照法律法规要求，我们将无法响应您的请求：</span></span>\n</p>\n<p style=\"font-family: &quot;Microsoft YaHei&quot;; font-size: medium; white-space: normal;\">\n    <span style=\"font-family: Calibri;\">&nbsp;</span>\n</p>\n<p style=\"font-family: &quot;Microsoft YaHei&quot;; font-size: medium; white-space: normal;\">\n    <span style=\"font-family: 宋体;\">（1）与国家安全、国防安全有关的；</span>\n</p>\n<p style=\"font-family: &quot;Microsoft YaHei&quot;; font-size: medium; white-space: normal;\">\n    <span style=\"font-family: Calibri;\">&nbsp;</span>\n</p>\n<p style=\"font-family: &quot;Microsoft YaHei&quot;; font-size: medium; white-space: normal;\">\n    <span style=\"font-family: 宋体;\">（2）与公共安全、公共卫生、重大公共利益有关的；</span>\n</p>\n<p style=\"font-family: &quot;Microsoft YaHei&quot;; font-size: medium; white-space: normal;\">\n    <span style=\"font-family: Calibri;\">&nbsp;</span>\n</p>\n<p style=\"font-family: &quot;Microsoft YaHei&quot;; font-size: medium; white-space: normal;\">\n    <span style=\"font-family: 宋体;\">（3）与犯罪侦查、起诉和审判等有关的；</span>\n</p>\n<p style=\"font-family: &quot;Microsoft YaHei&quot;; font-size: medium; white-space: normal;\">\n    <span style=\"font-family: Calibri;\">&nbsp;</span>\n</p>\n<p style=\"font-family: &quot;Microsoft YaHei&quot;; font-size: medium; white-space: normal;\">\n    <span style=\"font-family: 宋体;\">（4）有充分证据表明您存在主观恶意或滥用权利的；</span>\n</p>\n<p style=\"font-family: &quot;Microsoft YaHei&quot;; font-size: medium; white-space: normal;\">\n    <span style=\"font-family: Calibri;\">&nbsp;</span>\n</p>\n<p style=\"font-family: &quot;Microsoft YaHei&quot;; font-size: medium; white-space: normal;\">\n    <span style=\"font-family: 宋体;\">（5）响应您的请求将导致您或其他个人、组织的合法权益受到严重损害的。</span>\n</p>\n<p style=\"font-family: &quot;Microsoft YaHei&quot;; font-size: medium; white-space: normal;\">\n    <span style=\"font-family: 宋体;\">&nbsp;</span>\n</p>\n<p style=\"font-family: &quot;Microsoft YaHei&quot;; font-size: medium; white-space: normal;\">\n    <span style=\"font-family: 宋体;\">10.本隐私权政策如何更新</span>\n</p>\n<p style=\"font-family: &quot;Microsoft YaHei&quot;; font-size: medium; white-space: normal;\">\n    <span style=\"font-family: 宋体;\">&nbsp;</span>\n</p>\n<p style=\"font-family: &quot;Microsoft YaHei&quot;; font-size: medium; white-space: normal;\">\n    <span style=\"font-family: 宋体;\">&nbsp;我们可能适时会对本隐私权政策进行调整或变更，本隐私权政策的任何更新将以标注更新时间的方式公布在我们APP的头条信息上，除法律法规或监管规定另有强制性规定外，经调整或变更的内容一经通知或公布后的<span style=\"font-family: Calibri;\">7</span>日后生效。如您在隐私权政策调整或变更后继续使用我们提供的任一服务或访问我们相关网站的，我们相信这代表您已充分阅读、理解并接受修改后的隐私权政策并受其约束。当收集使用个人信息的目的、方式和范围等发生变化时，会在我们<span style=\"font-family: Calibri;\">APP</span>的头条信息公告形式告知用户。</span>\n</p>\n<p style=\"font-family: &quot;Microsoft YaHei&quot;; font-size: medium; white-space: normal;\">\n    <span style=\"font-family: 宋体;\">&nbsp;</span>\n</p>\n<p style=\"font-family: &quot;Microsoft YaHei&quot;; font-size: medium; white-space: normal;\">\n    <span style=\"font-family: 宋体;\">11.如何联系我们</span>\n</p>\n<p style=\"font-family: &quot;Microsoft YaHei&quot;; font-size: medium; white-space: normal;\">\n    <span style=\"font-family: 宋体;\"><br></span>\n</p>\n<p style=\"font-family: &quot;Microsoft YaHei&quot;; font-size: medium; white-space: normal;\">\n    <span style=\"font-family: 宋体;\">如果您对本隐私政策有任何疑问、意见或建议，通过App内部的联系方式与我们联系,</span>\n</p>\n<p style=\"font-family: &quot;Microsoft YaHei&quot;; font-size: medium; white-space: normal;\">\n    <span style=\"font-family: 宋体;\">一般情况下，我们将在三十天内回复。</span>\n</p></body></html>",
    "policy_text": "《隐私政策》\n桂林出行网尊重并保护所有使用服务用户的个人隐私权。但桂林出行网将以高度的勤勉、审慎义务对待这些信息。除本隐私权政策另有规定外，在未征得您事先许可的情况下，桂林出行网不会将这些信息对外披露或向第三方提供。桂林出行网会不时更新本隐私权政策。您在同意桂林出行网服务使用协议之时，即视为您已经同意本隐私权政策全部内容。本隐私权政策属于桂林出行网服务使用协议不可分割的一部分。\n开发者名称：桂林市交通投资控股集团有限公司\nAPP应用名称: 桂林出行网\n1.适用范围\n\na)在您注册桂林出行网帐号时，您根据桂林出行网要求提供的个人注册信息；\n\nb)在您使用桂林出行网网络服务，或访问桂林出行网平台网页时，桂林出行网自动接收并记录的您的浏览器和计算机上的信息，包括但不限于您的IP地址、浏览器的类型、使用的语言、访问日期和时间、软硬件特征信息及您需求的网页记录等数据；\n\nc)桂林出行网通过合法途径从商业伙伴处取得的用户个人数据。\n\n您了解并同意，以下信息不适用本隐私权政策：\n\na)您在使用桂林出行网平台提供的搜索服务时输入的关键字信息；\n\nb)桂林出行网收集到的您在桂林出行网发布的有关信息数据，包括但不限于参与活动、成交信息及评价详情；\n\nc)违反法律规定或违反桂林出行网规则行为及桂林出行网已对您采取的措施。\n\n2.信息采集和使用\n信息收集使用规则\n收集的个人信息控制者为桂林出行网旅游发展有限公司,客服电话400-900-1999、用户可通过此电话联系联系客服人员更正删除个人信息及注销账号、撤回授权同意个人信息使用权限.\na)桂林出行网不会向任何无关第三方提供、出售、出租、分享或交易您的个人信息，除非事先得到您的许可，或该第三方和桂林出行网（含桂林出行网关联公司）单独或共同为您提供服务，且在该服务结束后，其将被禁止访问包括其以前能够访问的所有这些资料。\n\nb)桂林出行网亦不允许任何第三方以任何手段收集、编辑、出售或者无偿传播您的个人信息。任何桂林出行网平台用户如从事上述活动，一经发现，桂林出行网有权立即终止与该用户的服务协议。\n\n\nc)个人信息是指以电子或者其他方式记录的能够单独或者与其他信息结合识别特定自然人身份或者反映特定自然人活动情况的各种信息。本隐私政策中涉及的个人信息包括：基本信息（包括个人姓名、生日、性别、住址、个人电话号码、电子邮箱）；个人身份信息（包括身份证、驾驶证、行驶证等）；网络身份标识信息（包括系统账号、IP地址、邮箱地址及与前述有关的密码、口令、口令保护答案）；个人上网记录（包括网站浏览记录、软件使用记录、点击记录）；个人常用设备信息（包括硬件型号、设备MAC地址、操作系统类型、软件列表唯一设备识别码（如IMEI/android ID/IDFA/OPENUDID/GUID、SIM卡IMSI信息等在内的描述个人常用设备基本情况的信息）；个人位置信息（包括精准定位信息、经纬度等）个人敏感信息是指一旦泄露、非法提供或滥用可能危害人身和财产安全，极易导致个人名誉、身心健康受到损害或歧视性待遇等的个人信息，本隐私政策中涉及的个人敏感信息包括：您的财产信息（交易和消费记录、以及余额、积分、优惠券等财产信息）；个人身份信息（包括身份证、军官证、护照、驾驶证、行驶证等）；网络身份识别信息（包括账号、邮箱地址及与前述有关的密码口令的组合）；其他信息（包括通讯录、网页浏览记录、精准定位信息）。\n我们仅会出于以下目的，收集和使用您的个人信息：\n3.APP设备权限调用说明\n\na)读写外部存储权限：当您使用桂林出行网APP中的扫一扫、头像设置、客服、评论或分享、图像识别、将文件下载至本地或打开使用本地文件时，您可以通过开启存储权限使用或保存图片、视频或文件。若您不开启此权限，您将无法使用与存储卡读取或缓存相关的功能，但不影响您使用其他服务。\n\nb)相册权限：当您使用桂林出行网APP中的扫一扫、头像设置、客服、评论或分享、图像识别等服务时，您可以通过开通相册权限以便上传设备中的图片或视频。若您不开启此权限，您将无法使用图片或视频上传相关的功能，但不影响您使用其他服务。\n\nc) 相机权限：当您使用桂林出行网APP中的扫一扫、头像设置、客服、评论或分享、图像识别等服务时，您可以通过开通相机权限以便进行实时拍摄并上传图片或视频进行晒图或分享、设置头像。在需要人脸识别的场景下，则需要调用您的摄像头进行人脸的拍摄。若您不开启此权限，您将无法使用图片或视频拍摄相关的功能，但不影响您使用其他服务。\n\nd)位置权限：当您使用桂林出行网APP中的特定区域产品或服务时(如公交线路查询)，您可以通过开启位置权限以便查看或获取当前所在区域的产品或服务。若您不开启此权限，您将无法收到基于当前所在位置进行的推荐，但不影响您使用其他服务。\ne)在某些特定使用场景下，我司可能会使用具有相应业务资质及能力的第三方服务商提供的软件服务工具包（简称“SDK”）来为您提供服务，由第三方服务商收集您的必要信息。应用使用了集成极光推送、华为推送、腾讯X5浏览器、腾讯Bugly、.高德地图定位、神策、穿山甲等第三方SDK，通过这些第三方sdk可以为用户提供稳定的推送服务、良好的网页浏览体验，及时发现和修复应用存在的漏洞，根据数据分析完善应用，更好的为用户提供服务。具体说明如下：\n（1）.极光推送SDK\n功能：用于实现消息推送（或其他推送）功能\n收集个人信息的类型：设备信息、地理位置、网络信息\n极光隐私政策链接：https://www.jiguang.cn/license/privacy\n设备信息：设备标识符（IMEI、IDFA、Android ID、MAC、OAID等相关信息）、应用信息（应用崩溃信息、通知开关状态、软件列表等相关信息）、设备参数及系统信息（设备类型、设备型号、操作系统及硬件相关信息）\n保持活跃度功能隐私政策建议：当“ 极光推送”或者具有类似功能的产品被不同开发者集成到不同APP后，该APP可以启动其他APP保持活跃度以提高消息送达率等。\n（2）.腾讯Bugly SDK\n功能：手机和分析应用崩溃日志\n收集个人信息的类型：设备信息包括手机型号、系统版本等\n腾讯Bugly用户协议链接：http://bugly.qq.com/v2/contract\n设备信息：设备标识符、应用信息（应用崩溃信息、软件列表等相关信息）、设备参数及系统信息（设备类型、设备型号、操作系统及硬件相关信息）件相关信息）\n（3）.高德地图定位SDK\n为了向您提供【基于位置的相关】功能/服务，我们的产品集成了【高德地图定位】SDK。在向您提供【定位】功能/服务时，【高德地图SDK】需要收集、使用您的【设备信息、位置信息、WLAN及其他传感器信息】，具体请您仔细阅读《高德地图开放平台隐私权政策》【请开发者附访问链接https://lbs.amap.com/home/privacy】}进行了解。\n我们申请获取的权限将与提供的服务功能保持一致，若我们提供的业务功能调整，我们申请的设备权限也将随之调整。我们在首次调用设备权限时会单独提示您是否开启并对权限申请目的进行解释，您可以在设备设置内对这些功能进行自主设置。请您注意，您开启这些权限即代表您授权我们可以收集和使用这些个人信息来实现上述的功能，您关闭权限即代表您取消了这些授权，则我们将不再继续收集您的这些个人信息，也无法为您提供上述与这些授权所对应的功能。您关闭权限的决定不会影响此前基于您的授权所进行的个人信息的处理。\n\n4.信息披露\n\n在如下情况下，桂林出行网将依据您的个人意愿或法律的规定全部或部分的披露您的个人信息：\n\na)经您事先同意，向第三方披露；\n\nb)为提供您所要求的产品和服务，而必须和第三方分享您的个人信息；\n\nc)根据法律的有关规定，或者行政或司法机构的要求，向第三方或者行政、司法机构披露；\n\nd)如您出现违反中国有关法律、法规或者桂林出行网服务协议或相关规则的情况，需要向第三方披露；\n\ne)如您是适格的知识产权投诉人并已提起投诉，应被投诉人要求，向被投诉人披露，以便双方处理可能的权利纠纷；\n\nf)在桂林出行网平台上创建的某一交易中，如交易任何一方履行或部分履行了交易义务并提出信息披露请求的，桂林出行网有权决定向该用户提供其交易对方的联络方式等必要信息，以促成交易的完成或纠纷的解决。\n\ng)其它桂林出行网根据法律、法规或者网站政策认为合适的披露。\n\n5.信息存储和交换\n\n桂林出行网收集的有关您的信息和资料将保存在桂林出行网及（或）其关联公司的服务器上，这些信息和资料可能传送至您所在国家、地区或桂林出行网收集信息和资料所在地的境外并在境外被访问、存储和展示。\n\n6.Cookie的使用\n\na)在您未拒绝接受cookies的情况下，桂林出行网会在您的计算机上设定或取用cookies\n\n，以便您能登录或使用依赖于cookies的桂林出行网平台服务或功能。\nb)您有权选择接受或拒绝接受cookies。您可以通过修改浏览器设置的方式拒绝接受cookies。但如果您选择拒绝接受cookies，则您可能无法登录或使用依赖于cookies的桂林出行网网络服务或功能。\n\nc)通过桂林出行网所设cookies所取得的有关信息，将适用本政策。\n\n7.审计信息\na)桂林出行网后台将通过APP记录用户登录、下单、支付等操作相关信息如：登录IP、设备ID及银联消费码相关身份认证信息。\nb)通过桂林出行网所设安全审计信息有关信息，将适用本政策。\n\n8.信息安全\n\na)桂林出行网帐号均有安全保护功能，请妥善保管您的用户名及密码信息。桂林出行网将通过对用户密码进行加密等安全措施确保您的信息不丢失，不被滥用和变造。尽管有前述安全措施，但同时也请您注意在信息网络上不存在“完善的安全措施”。\n\nb)在使用桂林出行网网络服务进行网上交易时，您不可避免的要向交易对方或潜在的交易对方披露自己的个人信息，如联络方式或者邮政地址。请您妥善保护自己的个人信息，仅在必要的情形下向他人提供。如您发现自己的个人信息泄密，尤其是桂林出行网用户名及密码发生泄露，请您立即联络桂林出行网客服，以便桂林出行网采取相应措施。\nc)在APP登录页面默认勾选框“登录即代表同意”隐私政策，用户可主动勾选的空白复选框。\n您可以在APP中通过“我的→隐私政策”中查看本政策。\n\n9.您的权利\n\na)访问、更正、删除您的个人信息\n\n1.您可以通过桂林出行网APP“我的”页面查询您的个人信息。\n\n2. 您可以通过本隐私政策上方【客服服务】约定的方式联系我们要求查询、更正或删除您的个人信息，出于安全性和身份识别的考虑或根据法律法规及监管规定，部分个人信息的修改可能需要在验证您的身份后方可完成。\n\n3. 在以下情形中，您可以向我们提出删除个人信息的要求：\n\n（1）我们违反法律法规规定，收集、使用、共享、转让、公开披露您的个人信息的；\n\n（2）我们违反了与您的约定，收集、使用、共享、转让、公开披露您的个人信息的。\n\nb) 改变您授权同意的范围或撤回您的授权\n\n您可以通过删除信息、关闭设备功能来改变部分您授权我们继续收集个人信息的范围或撤回您的授权。您也可以通过注销具体产品、注销付费通账号的方式，撤回我们继续收集您个人信息的全部授权。\n\n请您理解，每个业务功能需要一些基本的个人信息才能得以完成，当您撤回同意或授权后，我们无法继续为您提供撤回同意或授权所对应的服务，也不再处理您相应的个人信息。但您撤回同意或授权的决定，不会影响此前基于您的授权而开展的个人信息处理。\n\nc)注销您的账户\n\n1. 您可以在我们的产品或服务中直接申请注销账号或注销您申请的具体服务功能，您可以通过本隐私政策上方【客服服务】约定的方式联系我们，经核实您的注销信息、您所购买产品或服务的履行情况、您的交易情况等具体细节后，我们对您的注销账号申请进行处理。您充分知晓，账户注销成功即视为您撤销对我们收集您个人信息的全部授权。\n\n2. 账户注销后，您该账户内的全部信息将被清空，我们将不会再收集、使用或对外提供该账户相关的个人信息，但您在使用付费通服务期间提供或产生的信息，我们仍需按照法律法规或监管规定的时间进行保存，且在该保存时间内依法配合有权机关的查询。\n\nd) 响应您的请求\n\n1. 在以下情形中，按照法律法规要求，我们将无法响应您的请求：\n\n（1）与国家安全、国防安全有关的；\n\n（2）与公共安全、公共卫生、重大公共利益有关的；\n\n（3）与犯罪侦查、起诉和审判等有关的；\n\n（4）有充分证据表明您存在主观恶意或滥用权利的；\n\n（5）响应您的请求将导致您或其他个人、组织的合法权益受到严重损害的。\n\n10.本隐私权政策如何更新\n\n我们可能适时会对本隐私权政策进行调整或变更，本隐私权政策的任何更新将以标注更新时间的方式公布在我们APP的头条信息上，除法律法规或监管规定另有强制性规定外，经调整或变更的内容一经通知或公布后的7日后生效。如您在隐私权政策调整或变更后继续使用我们提供的任一服务或访问我们相关网站的，我们相信这代表您已充分阅读、理解并接受修改后的隐私权政策并受其约束。当收集使用个人信息的目的、方式和范围等发生变化时，会在我们APP的头条信息公告形式告知用户。\n\n11.如何联系我们\n如果您对本隐私政策有任何疑问、意见或建议，通过App内部的联系方式与我们联系,\n一般情况下，我们将在三十天内回复。",
    "policy_html_source_code_clean": "\n<body><p>\n<strong>《隐私政策》</strong>\n</p>\n<p>\n<span>桂林出行网尊重并保护所有使用服务用户的个人隐私权。但桂林出行网将以高度的勤勉、审慎义务对待这些信息。除本隐私权政策另有规定外，在未征得您事先许可的情况下，桂林出行网不会将这些信息对外披露或向第三方提供。桂林出行网会不时更新本隐私权政策。您在同意桂林出行网服务使用协议之时，即视为您已经同意本隐私权政策全部内容。本隐私权政策属于桂林出行网服务使用协议不可分割的一部分。</span>\n</p>\n<p>\n<span> 开发者名称：<span>桂林市交通投资控股集团有限公司</span></span>\n</p>\n<p>\n<span> APP应用名称: 桂林出行网</span>\n</p>\n<p>\n<span>1.适用范围</span>\n</p>\n<p>\n<span> </span>\n</p>\n<p>\n<span>a)在您注册桂林出行网帐号时，您根据桂林出行网要求提供的个人注册信息；</span>\n</p>\n<p>\n<span> </span>\n</p>\n<p>\n<span>b)在您使用桂林出行网网络服务，或访问桂林出行网平台网页时，桂林出行网自动接收并记录的您的浏览器和计算机上的信息，包括但不限于您的<span>IP</span>地址、浏览器的类型、使用的语言、访问日期和时间、软硬件特征信息及您需求的网页记录等数据；</span>\n</p>\n<p>\n<span> </span>\n</p>\n<p>\n<span>c)桂林出行网通过合法途径从商业伙伴处取得的用户个人数据。</span>\n</p>\n<p>\n<span> </span>\n</p>\n<p>\n<span>您了解并同意，以下信息不适用本隐私权政策：</span>\n</p>\n<p>\n<span> </span>\n</p>\n<p>\n<span>a)您在使用桂林出行网平台提供的搜索服务时输入的关键字信息；</span>\n</p>\n<p>\n<span> </span>\n</p>\n<p>\n<span>b)桂林出行网收集到的您在桂林出行网发布的有关信息数据，包括但不限于参与活动、成交信息及评价详情；</span>\n</p>\n<p>\n<span> </span>\n</p>\n<p>\n<span>c)违反法律规定或违反桂林出行网规则行为及桂林出行网已对您采取的措施。</span>\n</p>\n<p>\n<span> </span>\n</p>\n<p>\n<span>2.信息采集和使用</span>\n</p>\n<p>\n<span>信息收集使用规则</span>\n</p>\n<p>\n<span>   收集的个人信息控制者为桂林出行网旅游发展有限公司,客服电话<span>400-900-1999</span>、用户可通过此电话联系联系客服人员更正删除个人信息及注销账号、撤回授权同意个人信息使用权限<span>.</span></span>\n</p>\n<p>\n<span>a)桂林出行网不会向任何无关第三方提供、出售、出租、分享或交易您的个人信息，除非事先得到您的许可，或该第三方和桂林出行网（含桂林出行网关联公司）单独或共同为您提供服务，且在该服务结束后，其将被禁止访问包括其以前能够访问的所有这些资料。</span>\n</p>\n<p>\n<span> </span>\n</p>\n<p>\n<span>b)桂林出行网亦不允许任何第三方以任何手段收集、编辑、出售或者无偿传播您的个人信息。任何桂林出行网平台用户如从事上述活动，一经发现，桂林出行网有权立即终止与该用户的服务协议。</span>\n</p>\n<p>\n<span> </span>\n</p>\n<p>\n<span> </span>\n</p>\n<p>\n<span>c)个人信息是指以电子或者其他方式记录的能够单独或者与其他信息结合识别特定自然人身份或者反映特定自然人活动情况的各种信息。本隐私政策中涉及的个人信息包括：基本信息（包括个人姓名、生日、性别、住址、个人电话号码、电子邮箱）；个人身份信息（包括身份证、驾驶证、行驶证等）；网络身份标识信息（包括系统账号、IP地址、邮箱地址及与前述有关的密码、口令、口令保护答案）；个人上网记录（包括网站浏览记录、软件使用记录、点击记录）；个人常用设备信息（包括硬件型号、设备MAC地址、操作系统类型、软件列表唯一设备识别码（如IMEI/android ID/IDFA/OPENUDID/GUID、SIM卡IMSI信息等在内的描述个人常用设备基本情况的信息）；个人位置信息（包括精准定位信息、经纬度等）个人敏感信息是指一旦泄露、非法提供或滥用可能危害人身和财产安全，极易导致个人名誉、身心健康受到损害或歧视性待遇等的个人信息，本隐私政策中涉及的个人敏感信息包括：您的财产信息（交易和消费记录、以及余额、积分、优惠券等财产信息）；个人身份信息（包括身份证、军官证、护照、驾驶证、行驶证等）；网络身份识别信息（包括账号、邮箱地址及与前述有关的密码口令的组合）；其他信息（包括通讯录、网页浏览记录、精准定位信息）。</span>\n</p>\n<p>\n<span>我们仅会出于以下目的，收集和使用您的个人信息：</span>\n</p>\n<p>\n<span></span><br/>\n</p>\n<p>\n<span>3.APP设备权限调用说明</span>\n</p>\n<p>\n<span> </span>\n</p>\n<p>\n<span> a)读写外部存储权限：当您使用桂林出行网<span>APP</span>中的扫一扫、头像设置、客服、评论或分享、图像识别、将文件下载至本地或打开使用本地文件时，您可以通过开启存储权限使用或保存图片、视频或文件。若您不开启此权限，您将无法使用与存储卡读取或缓存相关的功能，但不影响您使用其他服务。</span>\n</p>\n<p>\n<span> </span>\n</p>\n<p>\n<span>b)相册权限：当您使用桂林出行网<span>APP</span>中的扫一扫、头像设置、客服、评论或分享、图像识别等服务时，您可以通过开通相册权限以便上传设备中的图片或视频。若您不开启此权限，您将无法使用图片或视频上传相关的功能，但不影响您使用其他服务。</span>\n</p>\n<p>\n<span> </span>\n</p>\n<p>\n<span>c) 相机权限：当您使用桂林出行网<span>APP</span>中的扫一扫、头像设置、客服、评论或分享、图像识别等服务时，您可以通过开通相机权限以便进行实时拍摄并上传图片或视频进行晒图或分享、设置头像。在需要人脸识别的场景下，则需要调用您的摄像头进行人脸的拍摄。若您不开启此权限，您将无法使用图片或视频拍摄相关的功能，但不影响您使用其他服务。</span>\n</p>\n<p>\n<span> </span>\n</p>\n<p>\n<span> d)位置权限：当您使用桂林出行网<span>APP</span>中的特定区域产品或服务时<span>(</span>如公交线路查询<span>)</span>，您可以通过开启位置权限以便查看或获取当前所在区域的产品或服务。若您不开启此权限，您将无法收到基于当前所在位置进行的推荐，但不影响您使用其他服务。</span>\n</p>\n<p>\n<span> e)</span><span>在某些特定使用场景下，我司可能会使用具有相应业务资质及能力的第三方服务商提供的软件服务工具包（简称“SDK”）来为您提供服务，由第三方服务商收集您的必要信息。应用使用了集成极光推送、华为推送、腾讯X5浏览器、腾讯Bugly、.高德地图定位、神策、穿山甲等第三方SDK，通过这些第三方sdk可以为用户提供稳定的推送服务、良好的网页浏览体验，及时发现和修复应用存在的漏洞，根据数据分析完善应用，更好的为用户提供服务。具体说明如下：</span>\n</p>\n<p>\n<span><span>（</span><span>1</span><span>）</span>.极光推送SDK</span>\n</p>\n<p>\n<span>功能：用于实现消息推送（或其他推送）功能</span>\n</p>\n<p>\n<span>收集个人信息的类型：设备信息、地理位置、网络信息</span>\n</p>\n<p>\n<span>极光隐私政策链接：https://www.jiguang.cn/license/privacy</span>\n</p>\n<p>\n<span>设备信息：设备标识符（IMEI、IDFA、Android ID、MAC、OAID等相关信息）、应用信息（应用崩溃信息、通知开关状态、软件列表等相关信息）、设备参数及系统信息（设备类型、设备型号、操作系统及硬件相关信息）</span>\n</p>\n<p>\n<span>保持活跃度功能隐私政策建议：当“ 极光推送”或者具有类似功能的产品被不同开发者集成到不同APP后，该APP可以启动其他APP保持活跃度以提高消息送达率等。</span>\n</p>\n<p>\n<span><span>（</span><span>2</span><span>）</span>.腾讯Bugly SDK</span>\n</p>\n<p>\n<span>功能：手机和分析应用崩溃日志</span>\n</p>\n<p>\n<span>收集个人信息的类型：设备信息包括手机型号、系统版本等</span>\n</p>\n<p>\n<span>腾讯Bugly用户协议链接：http://bugly.qq.com/v2/contract</span>\n</p>\n<p>\n<span>设备信息：设备标识符、应用信息（应用崩溃信息、软件列表等相关信息）、设备参数及系统信息（设备类型、设备型号、操作系统及硬件相关信息）件相关信息）</span>\n</p>\n<p>\n<span><span>（</span><span>3</span><span>）</span>.高德地图定位SDK</span>\n</p>\n<p>\n<span>为了向您提供【基于位置的相关】功能/服务，我们的产品集成了【高德地图定位】SDK。在向您提供【定位】功能/服务时，【高德地图SDK】需要收集、使用您的【设备信息、位置信息、WLAN及其他传感器信息】，具体请您仔细阅读《高德地图开放平台隐私权政策》【请开发者附访问链接https://lbs.amap.com/home/privacy】}进行了解。</span>\n</p>\n<p>\n<span>   我们申请获取的权限将与提供的服务功能保持一致，若我们提供的业务功能调整，我们申请的设备权限也将随之调整。我们在首次调用设备权限时会单独提示您是否开启并对权限申请目的进行解释，您可以在设备设置内对这些功能进行自主设置。请您注意，您开启这些权限即代表您授权我们可以收集和使用这些个人信息来实现上述的功能，您关闭权限即代表您取消了这些授权，则我们将不再继续收集您的这些个人信息，也无法为您提供上述与这些授权所对应的功能。您关闭权限的决定不会影响此前基于您的授权所进行的个人信息的处理。</span>\n</p>\n<p>\n<span> </span>\n</p>\n<p>\n<span>4.信息披露</span>\n</p>\n<p>\n<span> </span>\n</p>\n<p>\n<span>在如下情况下，桂林出行网将依据您的个人意愿或法律的规定全部或部分的披露您的个人信息：</span>\n</p>\n<p>\n<span> </span>\n</p>\n<p>\n<span>a)经您事先同意，向第三方披露；</span>\n</p>\n<p>\n<span> </span>\n</p>\n<p>\n<span>b)为提供您所要求的产品和服务，而必须和第三方分享您的个人信息；</span>\n</p>\n<p>\n<span> </span>\n</p>\n<p>\n<span>c)根据法律的有关规定，或者行政或司法机构的要求，向第三方或者行政、司法机构披露；</span>\n</p>\n<p>\n<span> </span>\n</p>\n<p>\n<span>d)如您出现违反中国有关法律、法规或者桂林出行网服务协议或相关规则的情况，需要向第三方披露；</span>\n</p>\n<p>\n<span> </span>\n</p>\n<p>\n<span>e)如您是适格的知识产权投诉人并已提起投诉，应被投诉人要求，向被投诉人披露，以便双方处理可能的权利纠纷；</span>\n</p>\n<p>\n<span> </span>\n</p>\n<p>\n<span>f)在桂林出行网平台上创建的某一交易中，如交易任何一方履行或部分履行了交易义务并提出信息披露请求的，桂林出行网有权决定向该用户提供其交易对方的联络方式等必要信息，以促成交易的完成或纠纷的解决。</span>\n</p>\n<p>\n<span> </span>\n</p>\n<p>\n<span>g)其它桂林出行网根据法律、法规或者网站政策认为合适的披露。</span>\n</p>\n<p>\n<span> </span>\n</p>\n<p>\n<span>5.信息存储和交换</span>\n</p>\n<p>\n<span> </span>\n</p>\n<p>\n<span>桂林出行网收集的有关您的信息和资料将保存在桂林出行网及（或）其关联公司的服务器上，这些信息和资料可能传送至您所在国家、地区或桂林出行网收集信息和资料所在地的境外并在境外被访问、存储和展示。</span>\n</p>\n<p>\n<span> </span>\n</p>\n<p>\n<span>6.Cookie的使用</span>\n</p>\n<p>\n<span> </span>\n</p>\n<p>\n<span>a)在您未拒绝接受<span>cookies</span>的情况下，桂林出行网会在您的计算机上设定或取用<span>cookies</span></span>\n</p>\n<p>\n<span> </span>\n</p>\n<p>\n<span>，以便您能登录或使用依赖于cookies的桂林出行网平台服务或功能。</span>\n</p>\n<p>\n<span>b)您有权选择接受或拒绝接受<span>cookies</span>。您可以通过修改浏览器设置的方式拒绝接受<span>cookies</span>。但如果您选择拒绝接受<span>cookies</span>，则您可能无法登录或使用依赖于<span>cookies</span>的桂林出行网网络服务或功能。</span>\n</p>\n<p>\n<span> </span>\n</p>\n<p>\n<span>c)通过桂林出行网所设<span>cookies</span>所取得的有关信息，将适用本政策。</span>\n</p>\n<p>\n<span> </span>\n</p>\n<p>\n<span>7.审计信息</span>\n</p>\n<p>\n<span>a)桂林出行网后台将通过<span>APP</span>记录用户登录、下单、支付等操作相关信息如：登录<span>IP</span>、设备<span>ID</span>及银联消费码相关身份认证信息。</span>\n</p>\n<p>\n<span>b</span><span>)<span>通过桂林出行网所设安全审计信息有关信息，将适用本政策。</span></span>\n</p>\n<p>\n<span> </span>\n</p>\n<p>\n<span>8.信息安全</span>\n</p>\n<p>\n<span> </span>\n</p>\n<p>\n<span>a)桂林出行网帐号均有安全保护功能，请妥善保管您的用户名及密码信息。桂林出行网将通过对用户密码进行加密等安全措施确保您的信息不丢失，不被滥用和变造。尽管有前述安全措施，但同时也请您注意在信息网络上不存在“完善的安全措施”。</span>\n</p>\n<p>\n<span> </span>\n</p>\n<p>\n<span>b)在使用桂林出行网网络服务进行网上交易时，您不可避免的要向交易对方或潜在的交易对方披露自己的个人信息，如联络方式或者邮政地址。请您妥善保护自己的个人信息，仅在必要的情形下向他人提供。如您发现自己的个人信息泄密，尤其是桂林出行网用户名及密码发生泄露，请您立即联络桂林出行网客服，以便桂林出行网采取相应措施。</span>\n</p>\n<p>\n<span>c)在APP</span><span>登录页面默认勾选框“登录即代表同意”隐私政策，用户可主动勾选的空白复选框。</span>\n</p>\n<p>\n<span>   您可以在APP中通过“我的→隐私政策”中查看本政策。</span>\n</p>\n<p>\n<span> </span>\n</p>\n<p>\n<span>9.您的权利</span>\n</p>\n<p>\n<span> </span>\n</p>\n<p>\n<span>a)访问、更正、删除您的个人信息</span>\n</p>\n<p>\n<span> </span>\n</p>\n<p>\n<span>1.您可以通过桂林出行网<span>APP</span>“我的”页面查询您的个人信息。</span>\n</p>\n<p>\n<span> </span>\n</p>\n<p>\n<span>2. 您可以通过本隐私政策上方【客服服务】约定的方式联系我们要求查询、更正或删除您的个人信息，出于安全性和身份识别的考虑或根据法律法规及监管规定，部分个人信息的修改可能需要在验证您的身份后方可完成。</span>\n</p>\n<p>\n<span> </span>\n</p>\n<p>\n<span>3. 在以下情形中，您可以向我们提出删除个人信息的要求：</span>\n</p>\n<p>\n<span> </span>\n</p>\n<p>\n<span>（1）我们违反法律法规规定，收集、使用、共享、转让、公开披露您的个人信息的；</span>\n</p>\n<p>\n<span> </span>\n</p>\n<p>\n<span>（2）我们违反了与您的约定，收集、使用、共享、转让、公开披露您的个人信息的。</span>\n</p>\n<p>\n<span> </span>\n</p>\n<p>\n<span>b) 改变您授权同意的范围或撤回您的授权</span>\n</p>\n<p>\n<span> </span>\n</p>\n<p>\n<span>您可以通过删除信息、关闭设备功能来改变部分您授权我们继续收集个人信息的范围或撤回您的授权。您也可以通过注销具体产品、注销付费通账号的方式，撤回我们继续收集您个人信息的全部授权。</span>\n</p>\n<p>\n<span> </span>\n</p>\n<p>\n<span>请您理解，每个业务功能需要一些基本的个人信息才能得以完成，当您撤回同意或授权后，我们无法继续为您提供撤回同意或授权所对应的服务，也不再处理您相应的个人信息。但您撤回同意或授权的决定，不会影响此前基于您的授权而开展的个人信息处理。</span>\n</p>\n<p>\n<span> </span>\n</p>\n<p>\n<span>c</span><span>)<span>注销您的账户</span></span>\n</p>\n<p>\n<span> </span>\n</p>\n<p>\n<span>1. 您可以在我们的产品或服务中直接申请注销账号或注销您申请的具体服务功能，您可以通过本隐私政策上方【客服服务】约定的方式联系我们，经核实您的注销信息、您所购买产品或服务的履行情况、您的交易情况等具体细节后，我们对您的注销账号申请进行处理。您充分知晓，账户注销成功即视为您撤销对我们收集您个人信息的全部授权。</span>\n</p>\n<p>\n<span> </span>\n</p>\n<p>\n<span>2. 账户注销后，您该账户内的全部信息将被清空，我们将不会再收集、使用或对外提供该账户相关的个人信息，但您在使用付费通服务期间提供或产生的信息，我们仍需按照法律法规或监管规定的时间进行保存，且在该保存时间内依法配合有权机关的查询。</span>\n</p>\n<p>\n<span> </span>\n</p>\n<p>\n<span>d</span><span>) <span>响应您的请求</span></span>\n</p>\n<p>\n<span> </span>\n</p>\n<p>\n<span>1</span><span>. <span>在以下情形中，按照法律法规要求，我们将无法响应您的请求：</span></span>\n</p>\n<p>\n<span> </span>\n</p>\n<p>\n<span>（1）与国家安全、国防安全有关的；</span>\n</p>\n<p>\n<span> </span>\n</p>\n<p>\n<span>（2）与公共安全、公共卫生、重大公共利益有关的；</span>\n</p>\n<p>\n<span> </span>\n</p>\n<p>\n<span>（3）与犯罪侦查、起诉和审判等有关的；</span>\n</p>\n<p>\n<span> </span>\n</p>\n<p>\n<span>（4）有充分证据表明您存在主观恶意或滥用权利的；</span>\n</p>\n<p>\n<span> </span>\n</p>\n<p>\n<span>（5）响应您的请求将导致您或其他个人、组织的合法权益受到严重损害的。</span>\n</p>\n<p>\n<span> </span>\n</p>\n<p>\n<span>10.本隐私权政策如何更新</span>\n</p>\n<p>\n<span> </span>\n</p>\n<p>\n<span> 我们可能适时会对本隐私权政策进行调整或变更，本隐私权政策的任何更新将以标注更新时间的方式公布在我们APP的头条信息上，除法律法规或监管规定另有强制性规定外，经调整或变更的内容一经通知或公布后的<span>7</span>日后生效。如您在隐私权政策调整或变更后继续使用我们提供的任一服务或访问我们相关网站的，我们相信这代表您已充分阅读、理解并接受修改后的隐私权政策并受其约束。当收集使用个人信息的目的、方式和范围等发生变化时，会在我们<span>APP</span>的头条信息公告形式告知用户。</span>\n</p>\n<p>\n<span> </span>\n</p>\n<p>\n<span>11.如何联系我们</span>\n</p>\n<p>\n<span><br/></span>\n</p>\n<p>\n<span>如果您对本隐私政策有任何疑问、意见或建议，通过App内部的联系方式与我们联系,</span>\n</p>\n<p>\n<span>一般情况下，我们将在三十天内回复。</span>\n</p></body>",
    "policy_text_clean": "《隐私政策》\n桂林出行网尊重并保护所有使用服务用户的个人隐私权。但桂林出行网将以高度的勤勉、审慎义务对待这些信息。除本隐私权政策另有规定外，在未征得您事先许可的情况下，桂林出行网不会将这些信息对外披露或向第三方提供。桂林出行网会不时更新本隐私权政策。您在同意桂林出行网服务使用协议之时，即视为您已经同意本隐私权政策全部内容。本隐私权政策属于桂林出行网服务使用协议不可分割的一部分。\n开发者名称：桂林市交通投资控股集团有限公司\nAPP应用名称: 桂林出行网\n1.适用范围\n\na)在您注册桂林出行网帐号时，您根据桂林出行网要求提供的个人注册信息；\n\nb)在您使用桂林出行网网络服务，或访问桂林出行网平台网页时，桂林出行网自动接收并记录的您的浏览器和计算机上的信息，包括但不限于您的IP地址、浏览器的类型、使用的语言、访问日期和时间、软硬件特征信息及您需求的网页记录等数据；\n\nc)桂林出行网通过合法途径从商业伙伴处取得的用户个人数据。\n\n您了解并同意，以下信息不适用本隐私权政策：\n\na)您在使用桂林出行网平台提供的搜索服务时输入的关键字信息；\n\nb)桂林出行网收集到的您在桂林出行网发布的有关信息数据，包括但不限于参与活动、成交信息及评价详情；\n\nc)违反法律规定或违反桂林出行网规则行为及桂林出行网已对您采取的措施。\n\n2.信息采集和使用\n信息收集使用规则\n收集的个人信息控制者为桂林出行网旅游发展有限公司,客服电话400-900-1999、用户可通过此电话联系联系客服人员更正删除个人信息及注销账号、撤回授权同意个人信息使用权限.\na)桂林出行网不会向任何无关第三方提供、出售、出租、分享或交易您的个人信息，除非事先得到您的许可，或该第三方和桂林出行网（含桂林出行网关联公司）单独或共同为您提供服务，且在该服务结束后，其将被禁止访问包括其以前能够访问的所有这些资料。\n\nb)桂林出行网亦不允许任何第三方以任何手段收集、编辑、出售或者无偿传播您的个人信息。任何桂林出行网平台用户如从事上述活动，一经发现，桂林出行网有权立即终止与该用户的服务协议。\n\n\nc)个人信息是指以电子或者其他方式记录的能够单独或者与其他信息结合识别特定自然人身份或者反映特定自然人活动情况的各种信息。本隐私政策中涉及的个人信息包括：基本信息（包括个人姓名、生日、性别、住址、个人电话号码、电子邮箱）；个人身份信息（包括身份证、驾驶证、行驶证等）；网络身份标识信息（包括系统账号、IP地址、邮箱地址及与前述有关的密码、口令、口令保护答案）；个人上网记录（包括网站浏览记录、软件使用记录、点击记录）；个人常用设备信息（包括硬件型号、设备MAC地址、操作系统类型、软件列表唯一设备识别码（如IMEI/android ID/IDFA/OPENUDID/GUID、SIM卡IMSI信息等在内的描述个人常用设备基本情况的信息）；个人位置信息（包括精准定位信息、经纬度等）个人敏感信息是指一旦泄露、非法提供或滥用可能危害人身和财产安全，极易导致个人名誉、身心健康受到损害或歧视性待遇等的个人信息，本隐私政策中涉及的个人敏感信息包括：您的财产信息（交易和消费记录、以及余额、积分、优惠券等财产信息）；个人身份信息（包括身份证、军官证、护照、驾驶证、行驶证等）；网络身份识别信息（包括账号、邮箱地址及与前述有关的密码口令的组合）；其他信息（包括通讯录、网页浏览记录、精准定位信息）。\n我们仅会出于以下目的，收集和使用您的个人信息：\n3.APP设备权限调用说明\n\na)读写外部存储权限：当您使用桂林出行网APP中的扫一扫、头像设置、客服、评论或分享、图像识别、将文件下载至本地或打开使用本地文件时，您可以通过开启存储权限使用或保存图片、视频或文件。若您不开启此权限，您将无法使用与存储卡读取或缓存相关的功能，但不影响您使用其他服务。\n\nb)相册权限：当您使用桂林出行网APP中的扫一扫、头像设置、客服、评论或分享、图像识别等服务时，您可以通过开通相册权限以便上传设备中的图片或视频。若您不开启此权限，您将无法使用图片或视频上传相关的功能，但不影响您使用其他服务。\n\nc) 相机权限：当您使用桂林出行网APP中的扫一扫、头像设置、客服、评论或分享、图像识别等服务时，您可以通过开通相机权限以便进行实时拍摄并上传图片或视频进行晒图或分享、设置头像。在需要人脸识别的场景下，则需要调用您的摄像头进行人脸的拍摄。若您不开启此权限，您将无法使用图片或视频拍摄相关的功能，但不影响您使用其他服务。\n\nd)位置权限：当您使用桂林出行网APP中的特定区域产品或服务时(如公交线路查询)，您可以通过开启位置权限以便查看或获取当前所在区域的产品或服务。若您不开启此权限，您将无法收到基于当前所在位置进行的推荐，但不影响您使用其他服务。\ne)在某些特定使用场景下，我司可能会使用具有相应业务资质及能力的第三方服务商提供的软件服务工具包（简称“SDK”）来为您提供服务，由第三方服务商收集您的必要信息。应用使用了集成极光推送、华为推送、腾讯X5浏览器、腾讯Bugly、.高德地图定位、神策、穿山甲等第三方SDK，通过这些第三方sdk可以为用户提供稳定的推送服务、良好的网页浏览体验，及时发现和修复应用存在的漏洞，根据数据分析完善应用，更好的为用户提供服务。具体说明如下：\n（1）.极光推送SDK\n功能：用于实现消息推送（或其他推送）功能\n收集个人信息的类型：设备信息、地理位置、网络信息\n极光隐私政策链接：https://www.jiguang.cn/license/privacy\n设备信息：设备标识符（IMEI、IDFA、Android ID、MAC、OAID等相关信息）、应用信息（应用崩溃信息、通知开关状态、软件列表等相关信息）、设备参数及系统信息（设备类型、设备型号、操作系统及硬件相关信息）\n保持活跃度功能隐私政策建议：当“ 极光推送”或者具有类似功能的产品被不同开发者集成到不同APP后，该APP可以启动其他APP保持活跃度以提高消息送达率等。\n（2）.腾讯Bugly SDK\n功能：手机和分析应用崩溃日志\n收集个人信息的类型：设备信息包括手机型号、系统版本等\n腾讯Bugly用户协议链接：http://bugly.qq.com/v2/contract\n设备信息：设备标识符、应用信息（应用崩溃信息、软件列表等相关信息）、设备参数及系统信息（设备类型、设备型号、操作系统及硬件相关信息）件相关信息）\n（3）.高德地图定位SDK\n为了向您提供【基于位置的相关】功能/服务，我们的产品集成了【高德地图定位】SDK。在向您提供【定位】功能/服务时，【高德地图SDK】需要收集、使用您的【设备信息、位置信息、WLAN及其他传感器信息】，具体请您仔细阅读《高德地图开放平台隐私权政策》【请开发者附访问链接https://lbs.amap.com/home/privacy】}进行了解。\n我们申请获取的权限将与提供的服务功能保持一致，若我们提供的业务功能调整，我们申请的设备权限也将随之调整。我们在首次调用设备权限时会单独提示您是否开启并对权限申请目的进行解释，您可以在设备设置内对这些功能进行自主设置。请您注意，您开启这些权限即代表您授权我们可以收集和使用这些个人信息来实现上述的功能，您关闭权限即代表您取消了这些授权，则我们将不再继续收集您的这些个人信息，也无法为您提供上述与这些授权所对应的功能。您关闭权限的决定不会影响此前基于您的授权所进行的个人信息的处理。\n\n4.信息披露\n\n在如下情况下，桂林出行网将依据您的个人意愿或法律的规定全部或部分的披露您的个人信息：\n\na)经您事先同意，向第三方披露；\n\nb)为提供您所要求的产品和服务，而必须和第三方分享您的个人信息；\n\nc)根据法律的有关规定，或者行政或司法机构的要求，向第三方或者行政、司法机构披露；\n\nd)如您出现违反中国有关法律、法规或者桂林出行网服务协议或相关规则的情况，需要向第三方披露；\n\ne)如您是适格的知识产权投诉人并已提起投诉，应被投诉人要求，向被投诉人披露，以便双方处理可能的权利纠纷；\n\nf)在桂林出行网平台上创建的某一交易中，如交易任何一方履行或部分履行了交易义务并提出信息披露请求的，桂林出行网有权决定向该用户提供其交易对方的联络方式等必要信息，以促成交易的完成或纠纷的解决。\n\ng)其它桂林出行网根据法律、法规或者网站政策认为合适的披露。\n\n5.信息存储和交换\n\n桂林出行网收集的有关您的信息和资料将保存在桂林出行网及（或）其关联公司的服务器上，这些信息和资料可能传送至您所在国家、地区或桂林出行网收集信息和资料所在地的境外并在境外被访问、存储和展示。\n\n6.Cookie的使用\n\na)在您未拒绝接受cookies的情况下，桂林出行网会在您的计算机上设定或取用cookies\n\n，以便您能登录或使用依赖于cookies的桂林出行网平台服务或功能。\nb)您有权选择接受或拒绝接受cookies。您可以通过修改浏览器设置的方式拒绝接受cookies。但如果您选择拒绝接受cookies，则您可能无法登录或使用依赖于cookies的桂林出行网网络服务或功能。\n\nc)通过桂林出行网所设cookies所取得的有关信息，将适用本政策。\n\n7.审计信息\na)桂林出行网后台将通过APP记录用户登录、下单、支付等操作相关信息如：登录IP、设备ID及银联消费码相关身份认证信息。\nb)通过桂林出行网所设安全审计信息有关信息，将适用本政策。\n\n8.信息安全\n\na)桂林出行网帐号均有安全保护功能，请妥善保管您的用户名及密码信息。桂林出行网将通过对用户密码进行加密等安全措施确保您的信息不丢失，不被滥用和变造。尽管有前述安全措施，但同时也请您注意在信息网络上不存在“完善的安全措施”。\n\nb)在使用桂林出行网网络服务进行网上交易时，您不可避免的要向交易对方或潜在的交易对方披露自己的个人信息，如联络方式或者邮政地址。请您妥善保护自己的个人信息，仅在必要的情形下向他人提供。如您发现自己的个人信息泄密，尤其是桂林出行网用户名及密码发生泄露，请您立即联络桂林出行网客服，以便桂林出行网采取相应措施。\nc)在APP登录页面默认勾选框“登录即代表同意”隐私政策，用户可主动勾选的空白复选框。\n您可以在APP中通过“我的→隐私政策”中查看本政策。\n\n9.您的权利\n\na)访问、更正、删除您的个人信息\n\n1.您可以通过桂林出行网APP“我的”页面查询您的个人信息。\n\n2. 您可以通过本隐私政策上方【客服服务】约定的方式联系我们要求查询、更正或删除您的个人信息，出于安全性和身份识别的考虑或根据法律法规及监管规定，部分个人信息的修改可能需要在验证您的身份后方可完成。\n\n3. 在以下情形中，您可以向我们提出删除个人信息的要求：\n\n（1）我们违反法律法规规定，收集、使用、共享、转让、公开披露您的个人信息的；\n\n（2）我们违反了与您的约定，收集、使用、共享、转让、公开披露您的个人信息的。\n\nb) 改变您授权同意的范围或撤回您的授权\n\n您可以通过删除信息、关闭设备功能来改变部分您授权我们继续收集个人信息的范围或撤回您的授权。您也可以通过注销具体产品、注销付费通账号的方式，撤回我们继续收集您个人信息的全部授权。\n\n请您理解，每个业务功能需要一些基本的个人信息才能得以完成，当您撤回同意或授权后，我们无法继续为您提供撤回同意或授权所对应的服务，也不再处理您相应的个人信息。但您撤回同意或授权的决定，不会影响此前基于您的授权而开展的个人信息处理。\n\nc)注销您的账户\n\n1. 您可以在我们的产品或服务中直接申请注销账号或注销您申请的具体服务功能，您可以通过本隐私政策上方【客服服务】约定的方式联系我们，经核实您的注销信息、您所购买产品或服务的履行情况、您的交易情况等具体细节后，我们对您的注销账号申请进行处理。您充分知晓，账户注销成功即视为您撤销对我们收集您个人信息的全部授权。\n\n2. 账户注销后，您该账户内的全部信息将被清空，我们将不会再收集、使用或对外提供该账户相关的个人信息，但您在使用付费通服务期间提供或产生的信息，我们仍需按照法律法规或监管规定的时间进行保存，且在该保存时间内依法配合有权机关的查询。\n\nd) 响应您的请求\n\n1. 在以下情形中，按照法律法规要求，我们将无法响应您的请求：\n\n（1）与国家安全、国防安全有关的；\n\n（2）与公共安全、公共卫生、重大公共利益有关的；\n\n（3）与犯罪侦查、起诉和审判等有关的；\n\n（4）有充分证据表明您存在主观恶意或滥用权利的；\n\n（5）响应您的请求将导致您或其他个人、组织的合法权益受到严重损害的。\n\n10.本隐私权政策如何更新\n\n我们可能适时会对本隐私权政策进行调整或变更，本隐私权政策的任何更新将以标注更新时间的方式公布在我们APP的头条信息上，除法律法规或监管规定另有强制性规定外，经调整或变更的内容一经通知或公布后的7日后生效。如您在隐私权政策调整或变更后继续使用我们提供的任一服务或访问我们相关网站的，我们相信这代表您已充分阅读、理解并接受修改后的隐私权政策并受其约束。当收集使用个人信息的目的、方式和范围等发生变化时，会在我们APP的头条信息公告形式告知用户。\n\n11.如何联系我们\n如果您对本隐私政策有任何疑问、意见或建议，通过App内部的联系方式与我们联系,\n一般情况下，我们将在三十天内回复。"
}