{
    "app_id": "C100201475",
    "app_name": "易公交",
    "app_version": "2.3.7",
    "app_download_num_description": "392 万次安装",
    "app_package_name": "com.cictec.busintelligentonline",
    "app_score": 1.1,
    "app_package_size": "16.5 MB",
    "app_package_size_precise": 17347737,
    "app_icon_url": "https://appimg.dbankcdn.com/application/icon144/beb598c49729461d88336501515e1ada.png",
    "app_developer": "中航讯广告传媒（天津）有限公司",
    "app_update_time": "2022-10-08",
    "app_update_description": "更新说明\n修复了一些已知的问题。",
    "app_description": "“易公交，易出行——精准的实时掌上公交神器”，让您手机轻松可查公交出行线路规划&实时位置，公交到哪了，公交还有几站到，公交还有多久等等。手机瞬间变身公交电子站牌，分分钟成为公交地图达人，可谓公交导航必备神器。\n【支持城市】\n实时公交：延安、安康、东营更多城市敬请期待。\n【软件介绍】\n1.数据精准：输入公交线路OR公交站点名称，准确告知您欲乘坐的任一公交车当前位置、发车时间以及到站信息。\n2.功能全面：周边线路地图导航，附近公交距离多远、还有几站到一目了然；输入起点和终点，智能筛选出多种换乘方案，提供详细的可行性线路和公交站牌信息。\n3.使用便捷：自由选择公交候车地点，一键切换公交行车方向。界面风格清新简约，清晰易懂，一用就会。\n【联系我们】\n1.微信公众号：易公交APP\n2.联系邮箱：yigongjiao@cictec.cn\n3.交流Q群：\n延安交流群 414422264\n安康交流群 602230340\n4.公司网站：www.cictec.cn",
    "app_policy_url": "http://www.16bus.net/ebus/about/aboutUser.html",
    "app_listed_permission": "1.读取通话状态和移动网络信息\n2.完全的网络访问权限\n3.修改或删除存储卡中的内容\n4.查看 Wi-Fi 连接\n5.连接 Wi-Fi 或断开连接\n6.读取存储卡中的内容\n7.访问大致位置信息（使用网络进行定位）\n8.访问确切位置信息（使用 GPS 和网络进行定位）\n9.显示在其他应用上面\n10.查找设备上的帐户\n11.更改网络连接性\n12.读取已安装应用软件列表",
    "app_listed_permission_description": "1.允许应用获取本机号码、通话状态以及拨打的号码。\n2.允许该应用创建网络套接字和使用自定义网络协议。浏览器和其他某些应用提供了向互联网发送数据的途径，因此应用无需该权限即可向互联网发送数据。\n3.允许应用修改或删除存储卡上的照片、媒体内容和文件。\n4.允许该应用查看 Wi-Fi 网络的相关信息，例如是否开启 Wi-Fi 及已连接的 Wi-Fi 设备名称。\n5.允许应用与 Wi-Fi 接入点建立和断开连接，并更改 Wi-Fi 网络的设备配置。\n6.允许应用读取存储卡上的照片、媒体内容和文件。\n7.允许应用基于基站、 Wi-Fi 等网络源获取位置信息。\n8.允许应用基于GPS、基站、 Wi-Fi 等网络源获取位置信息。这可能会增加耗电量。\n9.显示弹框、全屏界面到其他应用上面\n10.允许应用获取设备已安装应用的帐户列表。\n11.允许该应用更改网络连接的状态。\n12.允许应用读取设备上的已安装应用软件列表。",
    "app_category": [
        "出行导航"
    ],
    "app_subcategory": [
        "热门",
        "公交地铁"
    ],
    "app_APK_url": "https://appgallery.cloud.huawei.com/appdl/C100201475",
    "is_popular": true,
    "app_APK_name": "C100201475-2.3.7.apk",
    "app_policy_name": "C100201475-2.3.7.txt",
    "policy_html_source_code": "<html><head>\n  <meta http-equiv=\"Content-Type\" content=\"text/html; charset=utf-8\">\n  <meta http-equiv=\"Content-Style-Type\" content=\"text/css\">\n  <title>用户隐私协议</title>\n  <meta name=\"Generator\" content=\"Cocoa HTML Writer\">\n  <meta name=\"CocoaVersion\" content=\"2022.6\">\n  <style type=\"text/css\">\n    p.p2 {margin: 0.0px 0.0px 0.0px 0.0px; font: 16.0px 'PingFang SC Ultralight'; color: #000000; -webkit-text-stroke: #000000}\n    p.p4 {margin: 0.0px 0.0px 16.0px 0.0px; font: 13.3px 'PingFang SC Ultralight'; color: #000000; -webkit-text-stroke: #000000}\n    p.p5 {margin: 0.0px 0.0px 16.0px 0.0px; font: 14.0px 'PingFang SC Ultralight'; color: #0b0b0b; -webkit-text-stroke: #0b0b0b}\n    span.s1 {font-kerning: none; font-weight:600;}\n    span.s2 {font: 13.3px 'PingFang SC Ultralight'; font-kerning: none; color: #000000; -webkit-text-stroke: 0px #000000}\n    span.s3 {font-kerning: none; background-color: #ffffff}\n  </style>\n</head>\n<body>\n<h2 style=\"margin: 0.0px 0.0px 19.9px 0.0px; text-align: center; font: 24.0px 'PingFang SC Ultralight'; color: #000000; -webkit-text-stroke: #000000\"><span class=\"s1\">北京中航讯科技股份有限公司隐私协议</span></h2>\n<p class=\"p2\"><span class=\"s1\">&nbsp;</span></p>\n<h3 style=\"margin: 0.0px 0.0px 18.0px 0.0px; font: 18.0px 'PingFang SC Ultralight'; color: #000000; -webkit-text-stroke: #000000\"><span class=\"s1\">特别提醒</span></h3>\n<h5 style=\"margin: 0.0px 0.0px 16.0px 0.0px; font: 13.3px 'PingFang SC Ultralight'; color: #000000; -webkit-text-stroke: #000000\"><span class=\"s1\">北京中航讯科技股份有限公司（以下简称“我们”）为此应用‘易公交’制定本隐私政策（以下简称“本政策”），来解释我们如何收集、保存使用由我们的产品、服务和网站（以下合称“我们的服务”）收集的信息。 <br>\n<br>\n<br>\n一、非个人信息<br>\n在本政策中，“非个人信息”指的是不能直接识别您的信息。此外，非个人信息还指“整合”并“去个人化”的信息，即我们收集的关于我们的服务的使用情况已经去除了可识别个人的数据的信息。<br>\n我们可能使用工具或第三方分析软件自动收集和使用非个人信息。我们可能收集、使用的非个人信息包括但不限于以下类型：<br>\n（1）设备属性，包括但不限于IP地址、网卡（MAC）地址、开放性独特设备标识符和广告识别符 或其他永久性或非永久性设备标识符（“设备标识符”）；<br>\n（2）设备软件平台和固件；<br>\n（3）手机运营商；<br>\n（4）邮政编码、地域码、粗略定位等地理数据；<br>\n（5）其他我们为提升我们的服务和其他服务和产品而合理需要的非个人信息。<br>\n我们可能使用第三方工具来开发我们的服务和分析您使用服务的情况。第三方工具将根据第三方工具隐私政策使用、处理通过我们服务搜集到的您的数据。您在安装、使用、注册或以其他方式访问我们的服务前仔细阅读第三方工具隐私政策，以了解第三方工具如何处理您的数据，以及第三方工具的名称、地址和联络方式。<br>\n一旦您安装、使用、注册或以其他方式访问我们的服务，那就意味着您已经同意我们使用第三方工具分析工具并接受第三方工具隐私政策，并且在知情的基础上明确同意第三方工具按其隐私政策的规定处理、使用和披露您的数据。如果您不接受第三方工具的隐私政策，请不要安装、使用、注册或以其他方式访问我们的服务。<br>\n我们可能向合作伙伴和受托人（包括信用卡处理商、邮件服务提供商、运输代理、数据分析商和商业信息提供商等第三方服务提供商，下同）披露并允许其为分析我们的服务使用情况、投放广告、管理或提供我们的服务或改进我们的服务和我们其他的产品和服务而使用您的非个人信息。<br>\n您确认并同意我们使用的分析公司可以将通过我们的服务收集的信息与它们独立从其他产品或服务收集的有关于您的活动的其他信息结合起来。这些公司根据自己的政策收集、使用信息。<br>\n我们、我们的合作伙伴或受托人可能用从第三方得到的有关人口学、广告、市场和其他分析调查服务的信息补充您的个人和非个人信息。<br>\n<br>\n二、广告投放技术<br>\n我们保留由我们或我们的合作伙伴和受托人出于广告的目的使用和披露被收集的非个人信息的权利。我们可能采用第三方广告投放技术。该技术使用某些方法在通过我们的服务投放广告的过程中收集信息。我们或者运行广告投放技术的第三方可能使用人口学和定位信息以及从您的硬件或设备获取的日志信息来确保在我们的服务中呈现适宜的广告。我们或第三方为此可能收集包括但不限于IP地址（包括但不限于为您粗略定位的目的）、设备标识符、MAC、软件、应用、硬件、浏览器信息、互联网和在线使用信息。上述信息可根据本政策和提供广告投放技术的公司的隐私政策来使用和披露。<br>\n您确认并接受，为我们投放广告的广告公司可以将其收集的信息与它们独立从其他服务或产品收集的信息相结合。这些公司根据它们自己的隐私政策收集和使用信息。它们的广告投放技术整合进了我们的服务中；如果您不接受该技术，请不要安装、使用、注册或以其他方式访问我们的服务。虽然我们会尽商业上合理的努力来指示这些广告公司遵守本政策的规定，但我们无法访问并控制第三方技术，因此也不为其承担责任。 <br>\n<br>\n三、定位数据<br>\n如果您所使用的我们的服务支持定位，我们就可能收集并处理您的定位数据，以提供与您位置相关的服务和广告。例如，有些附加组件或优惠是针对特定地点提供的。我们可能用GPS、Wi-Fi、IP地址等网络数据或其他技术进行定位。未经您同意，我们不会访问您的GPS位置信息。除了我们的合作伙伴提供与定位相关的我们的服务，我们不会将您的GPS位置信息在未经您同意的情况下与第三方共享。如果我们根据本政策与第三方共享GPS位置信息，我们会匿名提供这些信息。请注意，我们可能与我们的合作伙伴匿名共享您的粗略定位信息。<br>\n<br>\n四、个人信息<br>\n本政策中的“个人信息”指的是能直接特定识别您个人的信息。<br>\n您可能向我们提供个人信息的情况包括但不限于：<br>\n（1）注册我们的服务、特别活动；<br>\n（2）用社交网站服务等第三方ID访问我们的服务；<br>\n（3）订阅新闻通讯；<br>\n（4）通过我们的网店购买产品或服务；<br>\n（5）使用“与朋友共享”、“电邮本页”或类似功能；<br>\n（6）请求技术支持；<br>\n（7）使用要求提供个人信息才能使用和/或参加的我们的服务。<br>\n（8）本应用可能使用您的相机和图库权限，是您在使用头像上传更新个人资料时所使用的功能<br>\n个人信息的类型根据您参加的活动可能不同。我们收集、处理、使用的个人信息可能包括但不限于您的姓名、昵称、在我们的服务或第三方服务中的账户名称、电子邮件地址、电话号码、照片或其他图像、性别、地址、亲友关系、头像、信用卡信息、运输信息和能直接识别您的位置的信息（不能直接识别您的位置信息属于非个人信息）。<br>\n为了分析我们的服务的使用情况、提供客户支持和技术支持、管理和提供我们的服务（包括管理广告投放）、改进我们的服务、开发我们其他的产品和服务，我们可能单独或整合地使用您的个人信息和非个人信息。我们可能合并个人信息和非个人信息。<br>\n我们可能用您的个人信息向您发送技术和/或商业信息，让您了解我们认为您可能感兴趣的我们或第三方的产品和服务，例如新功能、新服务、特别优惠、更新等。<br>\n请注意，我们的服务中有些功能为获得与您相关的信息可能会连接到您的社交网站。如果您的社交网站允许并经您许可，我们可能收集您社交网站账户内的信息。此类信息包括但不限于您的姓名、头像、性别、用户名、电子邮件地址、国籍、语言、时区、单位、个人主页链接、您在社交网站上的“亲友”“粉丝”的上述信息以及其他您可能放在社交网站账户中的信息。我们可能会根据本政策的规定使用、结合、关联上述信息。 <br>\n<br>\n五、个人信息的披露和转移<br>\n个人信息可能根据法律和本政策的规定披露。此外，我们可能根据本政策向我们的关联人披露个人信息。<br>\n我们可能聘请代理人和受托人以我们的名义收集和处理个人信息。在这种情况下，我们会指示代理人和受托人遵守本政策，只为所聘请的目的使用个人信息。我们可能聘用信用卡处理商、邮件服务提供商、运输代理、数据分析商和商业信息提供商等第三方服务提供商。我们可以在必要的情况下与上述第三方共享您的个人信息，使其能够为我们服务。除非法律强制规定，我们不为第三方的作为或不作为承担责任。<br>\n我们可能为满足执法部门或政府官员在调查欺诈、知识产权侵权或其他违法或可能使我们承担法律责任的活动时按其要求向第三方披露您的个人信息。我们向第三方披露您的个人信息还可能发生在我们合理地认为需要披露才能处理实际或可能侵害我们的权利、财产、经营、用户和其他可能受损方时，或者是在我们认为保护我们的权利、打击欺诈、遵守适用于我们的法律规定和国家命令需要披露时。如果法律允许披露，我们将尽合理努力通过我们的网站或以其他合理方式通知您相关的披露。<br>\n虽然我们不会向第三方出售您的电子邮件、电话号码或地址，但我们将用户输入或从使用情况推断的数据整合起来，在不会识别个人的前提下自己利用或向第三方提供整合数据。 <br>\n<br>\n六、数据的保存和纠正<br>\n我们根据本政策保存数据至本政策规定的目的实现时为止，除非法律要求或允许保存更长时间。之后，如果为本政策规定的目的不再需要，我们可能在合理时间内完全删除我们所保存的数据。我们不去核实个人信息是否正确。<br>\n虽然有上述规定，我们仍可能保存某些解决争议、执行用户协议、满足技术和法律要求和维护我们的服务的安全完整运行所需的数据。<br>\n<br>\n七、 设备标识、cookies、网络信标和跟踪<br>\n我们的服务可能使用设备标识信息, 浏览器cookies和像素标签（pixel tags）、本地共享对象、网络信标（clear GIFs）和网络信标（web beacons）等技术。我们将类似技术收集来的信息当做非个人信息来处理。<br>\n设备标识信息（IMEI、IDFA、IDFV、Android ID、MEID、MAC地址、OAID、IMSI、硬件序列号）、当前应用信息（应用名、应用版本号）、设备参数及系统信息（系统属性、设备型号、操作系统）：\n我们所使用高德地图相关功能，为了提供定位服务准确性和成功率，追踪、排查、诊断、统计服务中的各类问题，保障产品和服务安全正常运行<br>\ncookies：<br>\n“cookies”是网站经常存储于用户电脑上的少量记录信息。我们的cookies不会包括个人信息，一般用于快速识别您的设备并“记住”您。您可以取消cookies，或把您的浏览器设置成为向您发送cookies就会提示您的模式。但取消cookies可能会影响您使用我们的服务。<br>\nFlash cookies和HTML5：<br>\n我们可能使用Flash cookies（本地共享对象）和HTML5（本地存储对象）。本地共享对象是类似于浏览器cookies的小文件，用于记忆您的设置，从而个性化我们的服务的外观。本地共享对象只以整合的方式收集数据。您可以通过在您的浏览器取消本地存储对象或访问www.adobe.com来阻止安装本地共享对象。HTML5 Web Storage等本地存储对象与cookies作用类似，但一般比浏览器cookies的信息量更大、更多样。<br>\n网络信标和像素标签：<br>\n“网络信标”或“像素标签”是让我们能计算网页访问数量或广告浏览量的电子图像。类似于cookies，网络信标不包含个人信息。我们向您发送的电子邮件等电子通讯可能包含像素标签或网络标签，使我们能追踪通讯的使用情况，如是否打开过通讯、点击了哪个链接等。<br>\n虽然有上述规定，我们仍可能保存某些解决争议、执行用户协议、满足技术和法律要求和维护我们的服务的安全完整运行所需的数据。<br>\n<br>\n八、第三方的条款和条件<br>\n请注意，您在使用和访问我们的服务时，可能还要遵守应用商店、地图提供商、移动软件平台、网游平台、社交网站和支付中介等某些第三方的条款和条件以及隐私政策。您确认并同意，我们无需为这些第三方的条款和条件以及第三方如何使用您的个人信息承担责任。<br>\n我们可以自主选择通过广告或其他形式让您能链接到第三方产品或服务。请注意，您所用的第三方产品和服务不是由我们所关联或控制的人和企业开发和管理的。我们不为这些人或企业的行为、产品和服务以及如何使用您提供的信息负责。我们提供它们的链接并不能让我们与其发生关联或控制关系。<br>\n我们可能随时提供我们合作伙伴的服务，例如竞猜、调查等。它们的服务可能会要求您提供个人信息才能注册或访问。这些服务将会在您需要披露个人信息时标明合作伙伴的身份。如果您选择披露个人信息，那么这些数据则可能直接或通过我们间接提供给第三方。您将要接受它们这些第三方的隐私政策和做法。我们不为这些第三方的隐私政策和做法负责。因此，您应该在披露个人信息前审阅它们的隐私政策和做法。<br>\n请注意，在我们的服务中，购物、社交等有些项目可能用第三方服务与网购账户、社交账户、网络账户等信息对比验证。如果您选择参加或使用这些服务，则可能自动会向这些第三方传送某些个人用户或账户数据。您在此同意我们根据本政策处理、使用、整合、披露并保存这些数据。 <br>\n<br>\n九、保障措施<br>\n我们按照行业通行标准合理保护信息的安全、完整和秘密。您个人信息的访问权限仅限于为根据本政策完成工作任务或进行技术维护工作需要处理您个人信息的人员。我们收集的个人信息保存于不向公众开放的安全运行环境之中。为避免未经授权访问您的个人信息，我们将其保存在有防火墙保护并可能加密的服务器之中。但是，没有什么系统是100%安全的。即使我们做出了合理努力，仍可能有人未经允许访问您的个人信息。此外，人们的言行可能不可靠，或具有误导性、非法性。我们无法告诉您别的用户说的是否属实。如果您使用我们的服务，您要自担以上数据失窃或被误导、被欺诈、被违法侵害的风险。<br>\n如果您不接受本政策、提供我们要求提供的信息，那么您可能无法完全或部分使用我们的服务和我们提供的功能。但您需要了解，如果您提供了这些信息，您将承担这些信息被窃取、非法占有、滥用的风险。如果出现了上述情况，您的安全、财产和声誉可能受损。 <br>\n<br>\n十、其他<br>\n请您了解，社交网络和我们的服务可能具有开放性。您选择在创建内容的过程中向我们的服务披露关于您的信息。任何您在论坛、博客、聊天等环境下披露的数据都可能成为公开信息，不可期待隐私或保密。我们对您选择在以上场合披露的任何个人信息都不承担责任。<br>\n如果您在您的居住地被认为是未成年人，请您取得监护人同意后再使用或访问我们的服务。我们鼓励家长和/或监护人积极辅导孩子的网上活动。如果用户在其居住地被认为是未成年人，我们不会在明知的情况下收集他们的信息。如果我们了解到不经意间收集了他们的个人信息，我们会采取合理措施立刻从我们的记录中删除他们的个人信息。<br>\n我们可能根据法律和本政策规定保存和/或向海外的关联人和合作伙伴披露您的个人信息。我们可能在与企业并购、重组、出售全部或部分股票和/或资产等重大变化相关的情况下，包括但不限于尽职调查过程中，向第三方披露您的个人信息，但本政策将继续适用于这些个人信息。 <br>\n<br>\n十一、其他信息<br>\n您的数据由住所地位于公司地址的公司名称公司所控制。本政策以及我们对您个人信息的使用受我们住所地法律的管辖。我们的住所地不一定是您的所在地。<br>\n<br>\n十二、关于用户注销息<br>\n您可以点击我的入口， 点击头像，在安全中心提交您的账号注销申请，经我们按照公示的流程审核通过后(包括但不限于核实信息确认 用户身份、确定用户与账号的对应关系、确定用户账号是否符合注销条件等)，予以注销 该账号并删除您的个人信息。 请您务必注意，本协议项下“账号”与竞我公司提供的其他 单项服务账号为同一账号，您注销本协议项下“账号”，意味着您无法再享受我公司提供的 其他单项服务，同时账号内所有信息、资产、虚拟货币及虚拟道具等将一并消除，无法恢 复找回。 在您主动注销账号后，我们将停止为您提供产品或服务，并根据适用法律的要求 删除您的个人信息，或对其进行匿名化处理。<br>\n我们将努力使您能审阅、更新或更正您存在我们这里的个人信息。为了辨别您身份、核实您的请求并帮助处理您的请求，我们将需要关于您的充分信息。请注意，即使根据您的请求变更或删除了您的个人信息，我们出于解决争议、执行用户协议并遵守与安全、诚信、服务运营相关技术和法律要求的目的仍可能保留某些您的数据。<br>\n<br>\n十三、集成与第三方SDK应用<br>\n为实现本应用的功能，需集成部分第三方应用。其中包括：<br><br>\n1 高德地图<br>\n使用SDK名称：高德开放平台定位SDK<br>\nSDK包名：com.amap.api\n第三方名称：高德软件有限公司<br>\n使用权限：<br>\nandroid.permission.ACCESS_COARSE_LOCATION<br>\nandroid.permission.ACCESS_FINE_LOCATION<br>\nandroid.permission.ACCESS_NETWORK_STATE<br>\nandroid.permission.ACCESS_WIFI_STATE<br>\nandroid.permission.CHANGE_WIFI_STATE<br>\nandroid.permission.READ_PHONE_STATE<br>\nandroid.permission.WRITE_EXTERNAL_STORAGE<br>\nandroid.permission.ACCESS_LOCATION_EXTRA_COMMANDS<br>\n使用目的：为了向用户提供定位服务，以及地图查看，标记用户处于当前地图投影的位置等，当应用退回后台也可以不断通过获取定位向用户推送公交车辆与用户之间的具体位置以便提醒用户及时乘车/下车<br>\n收集个人信息：位置信息（经纬度、精确位置、粗略位置）【通过IP 地址、GNSS信息、WiFi状态、WiFi参数、WiFi列表、基站信息、信号强度的信息、蓝牙信息、传感器信息（矢量、加速度、压力）、设备信号强度信息获取】、设备标识信息（IMEI、IDFA、IDFV、Android ID、MEID、MAC地址、OAID、IMSI、硬件序列号）、当前应用信息（应用名、应用版本号）、设备参数及系统信息（系统属性、设备型号、操作系统）。<br>\n<a href=\"https://lbs.amap.com/pages/privacy/\">高德地图隐私权政策链接</a><br><br>\n2 腾讯X5浏览器内核<br>\n使用SDK名称：腾讯浏览服务SDK<br>\nSDK包名：com.tencent.smtt、com.tencent.tbs <br>\n第三方名称：深圳市腾讯计算机系统有限公司<br>\n使用权限：<br>\nandroid.permission.WRITE_EXTERNAL_STORAGE<br>\nandroid.permission.ACCESS_NETWORK_STATE<br>\nandroid.permission.ACCESS_WIFI_STATE<br>\nandroid.permission.READ_PHONE_STATE<br>\n使用目的：使用x5内核渲染webview，为了使用不同版本的手机设备体现出同样的浏览效果，解决不同版本手机系统内核的兼容性<br>\n收集个人信息：设备信息（设备型号、操作系统、CPU类型），Wi-Fi状态和参数，位置信息、附近的Wi-Fi、CellID，通过通过去标识化、加密传输和处理的安全处理方式用来处理浏览器内核升级和禁用细化控制，判断Wi-Fi是否连接，进行网络优化，用户主动打开第三方网页且网页自身需要定位位置时触发<br>\n<a href=\"https://x5.tencent.com/docs/privacy.html\">腾讯X5浏览器隐私权政策链接</a><br><br>\n\n3 友盟<br>\n使用SDK名称：友盟SDK <br>\nSDK包名：com.uc.crashsdk、com.efs、com.umeng、com.ut<br>\n第三方名称：友盟同欣（北京）科技有限公司、北京锐讯灵通科技有限公司\n使用权限：<br>\nandroid.permission.ACCESS_NETWORK_STATE<br>\nandroid.permission.ACCESS_WIFI_STATE<br>\nandroid.permission.READ_PHONE_STATE<br>\n使用目的：统计应用使用情况及应用健康情况，崩溃信息及错误日志收集<br> \n收集个人信息：设备信息（IMEI、ANDROID_ID、DEVICE_ID、IMSI）、应用已安装列表、网络信息等，对应用的使用情况进行统计和了解，以便后续为我们优化应用提供参考数据。<br>\n<a href=\"https://www.umeng.com/page/policy\">友盟隐私权政策链接</a><br><br>\n\n我们会定期评估本协议的遵守情况。如果我们收到了您的正式书面投诉，我们会尝试与您直接联系解决。我们会配合国家有关部门，包括数据保护部门，解决您和我们未能友好解决的任何关于个人信息收集、使用、转移、披露的投诉。任何由本政策产生或与本政策的违反、终止、效力相关的争议、争端或主张应由我们住所地有管辖权的法庭解决。<p></p><br>\n联系地址:北京市海淀区西小口路66号中关村东升科技园 ˙北领地B-2号楼6层C610<br>\n联系电话：010-80771477<br>\n<div align=\"right\">2022年6月1日</div><p></p>\n\n\n</span></h5></body></html>",
    "policy_text": "北京中航讯科技股份有限公司隐私协议\n\n特别提醒\n北京中航讯科技股份有限公司（以下简称“我们”）为此应用‘易公交’制定本隐私政策（以下简称“本政策”），来解释我们如何收集、保存使用由我们的产品、服务和网站（以下合称“我们的服务”）收集的信息。\n一、非个人信息\n在本政策中，“非个人信息”指的是不能直接识别您的信息。此外，非个人信息还指“整合”并“去个人化”的信息，即我们收集的关于我们的服务的使用情况已经去除了可识别个人的数据的信息。\n我们可能使用工具或第三方分析软件自动收集和使用非个人信息。我们可能收集、使用的非个人信息包括但不限于以下类型：\n（1）设备属性，包括但不限于IP地址、网卡（MAC）地址、开放性独特设备标识符和广告识别符 或其他永久性或非永久性设备标识符（“设备标识符”）；\n（2）设备软件平台和固件；\n（3）手机运营商；\n（4）邮政编码、地域码、粗略定位等地理数据；\n（5）其他我们为提升我们的服务和其他服务和产品而合理需要的非个人信息。\n我们可能使用第三方工具来开发我们的服务和分析您使用服务的情况。第三方工具将根据第三方工具隐私政策使用、处理通过我们服务搜集到的您的数据。您在安装、使用、注册或以其他方式访问我们的服务前仔细阅读第三方工具隐私政策，以了解第三方工具如何处理您的数据，以及第三方工具的名称、地址和联络方式。\n一旦您安装、使用、注册或以其他方式访问我们的服务，那就意味着您已经同意我们使用第三方工具分析工具并接受第三方工具隐私政策，并且在知情的基础上明确同意第三方工具按其隐私政策的规定处理、使用和披露您的数据。如果您不接受第三方工具的隐私政策，请不要安装、使用、注册或以其他方式访问我们的服务。\n我们可能向合作伙伴和受托人（包括信用卡处理商、邮件服务提供商、运输代理、数据分析商和商业信息提供商等第三方服务提供商，下同）披露并允许其为分析我们的服务使用情况、投放广告、管理或提供我们的服务或改进我们的服务和我们其他的产品和服务而使用您的非个人信息。\n您确认并同意我们使用的分析公司可以将通过我们的服务收集的信息与它们独立从其他产品或服务收集的有关于您的活动的其他信息结合起来。这些公司根据自己的政策收集、使用信息。\n我们、我们的合作伙伴或受托人可能用从第三方得到的有关人口学、广告、市场和其他分析调查服务的信息补充您的个人和非个人信息。\n二、广告投放技术\n我们保留由我们或我们的合作伙伴和受托人出于广告的目的使用和披露被收集的非个人信息的权利。我们可能采用第三方广告投放技术。该技术使用某些方法在通过我们的服务投放广告的过程中收集信息。我们或者运行广告投放技术的第三方可能使用人口学和定位信息以及从您的硬件或设备获取的日志信息来确保在我们的服务中呈现适宜的广告。我们或第三方为此可能收集包括但不限于IP地址（包括但不限于为您粗略定位的目的）、设备标识符、MAC、软件、应用、硬件、浏览器信息、互联网和在线使用信息。上述信息可根据本政策和提供广告投放技术的公司的隐私政策来使用和披露。\n您确认并接受，为我们投放广告的广告公司可以将其收集的信息与它们独立从其他服务或产品收集的信息相结合。这些公司根据它们自己的隐私政策收集和使用信息。它们的广告投放技术整合进了我们的服务中；如果您不接受该技术，请不要安装、使用、注册或以其他方式访问我们的服务。虽然我们会尽商业上合理的努力来指示这些广告公司遵守本政策的规定，但我们无法访问并控制第三方技术，因此也不为其承担责任。\n三、定位数据\n如果您所使用的我们的服务支持定位，我们就可能收集并处理您的定位数据，以提供与您位置相关的服务和广告。例如，有些附加组件或优惠是针对特定地点提供的。我们可能用GPS、Wi-Fi、IP地址等网络数据或其他技术进行定位。未经您同意，我们不会访问您的GPS位置信息。除了我们的合作伙伴提供与定位相关的我们的服务，我们不会将您的GPS位置信息在未经您同意的情况下与第三方共享。如果我们根据本政策与第三方共享GPS位置信息，我们会匿名提供这些信息。请注意，我们可能与我们的合作伙伴匿名共享您的粗略定位信息。\n四、个人信息\n本政策中的“个人信息”指的是能直接特定识别您个人的信息。\n您可能向我们提供个人信息的情况包括但不限于：\n（1）注册我们的服务、特别活动；\n（2）用社交网站服务等第三方ID访问我们的服务；\n（3）订阅新闻通讯；\n（4）通过我们的网店购买产品或服务；\n（5）使用“与朋友共享”、“电邮本页”或类似功能；\n（6）请求技术支持；\n（7）使用要求提供个人信息才能使用和/或参加的我们的服务。\n（8）本应用可能使用您的相机和图库权限，是您在使用头像上传更新个人资料时所使用的功能\n个人信息的类型根据您参加的活动可能不同。我们收集、处理、使用的个人信息可能包括但不限于您的姓名、昵称、在我们的服务或第三方服务中的账户名称、电子邮件地址、电话号码、照片或其他图像、性别、地址、亲友关系、头像、信用卡信息、运输信息和能直接识别您的位置的信息（不能直接识别您的位置信息属于非个人信息）。\n为了分析我们的服务的使用情况、提供客户支持和技术支持、管理和提供我们的服务（包括管理广告投放）、改进我们的服务、开发我们其他的产品和服务，我们可能单独或整合地使用您的个人信息和非个人信息。我们可能合并个人信息和非个人信息。\n我们可能用您的个人信息向您发送技术和/或商业信息，让您了解我们认为您可能感兴趣的我们或第三方的产品和服务，例如新功能、新服务、特别优惠、更新等。\n请注意，我们的服务中有些功能为获得与您相关的信息可能会连接到您的社交网站。如果您的社交网站允许并经您许可，我们可能收集您社交网站账户内的信息。此类信息包括但不限于您的姓名、头像、性别、用户名、电子邮件地址、国籍、语言、时区、单位、个人主页链接、您在社交网站上的“亲友”“粉丝”的上述信息以及其他您可能放在社交网站账户中的信息。我们可能会根据本政策的规定使用、结合、关联上述信息。\n五、个人信息的披露和转移\n个人信息可能根据法律和本政策的规定披露。此外，我们可能根据本政策向我们的关联人披露个人信息。\n我们可能聘请代理人和受托人以我们的名义收集和处理个人信息。在这种情况下，我们会指示代理人和受托人遵守本政策，只为所聘请的目的使用个人信息。我们可能聘用信用卡处理商、邮件服务提供商、运输代理、数据分析商和商业信息提供商等第三方服务提供商。我们可以在必要的情况下与上述第三方共享您的个人信息，使其能够为我们服务。除非法律强制规定，我们不为第三方的作为或不作为承担责任。\n我们可能为满足执法部门或政府官员在调查欺诈、知识产权侵权或其他违法或可能使我们承担法律责任的活动时按其要求向第三方披露您的个人信息。我们向第三方披露您的个人信息还可能发生在我们合理地认为需要披露才能处理实际或可能侵害我们的权利、财产、经营、用户和其他可能受损方时，或者是在我们认为保护我们的权利、打击欺诈、遵守适用于我们的法律规定和国家命令需要披露时。如果法律允许披露，我们将尽合理努力通过我们的网站或以其他合理方式通知您相关的披露。\n虽然我们不会向第三方出售您的电子邮件、电话号码或地址，但我们将用户输入或从使用情况推断的数据整合起来，在不会识别个人的前提下自己利用或向第三方提供整合数据。\n六、数据的保存和纠正\n我们根据本政策保存数据至本政策规定的目的实现时为止，除非法律要求或允许保存更长时间。之后，如果为本政策规定的目的不再需要，我们可能在合理时间内完全删除我们所保存的数据。我们不去核实个人信息是否正确。\n虽然有上述规定，我们仍可能保存某些解决争议、执行用户协议、满足技术和法律要求和维护我们的服务的安全完整运行所需的数据。\n七、 设备标识、cookies、网络信标和跟踪\n我们的服务可能使用设备标识信息, 浏览器cookies和像素标签（pixel tags）、本地共享对象、网络信标（clear GIFs）和网络信标（web beacons）等技术。我们将类似技术收集来的信息当做非个人信息来处理。\n设备标识信息（IMEI、IDFA、IDFV、Android ID、MEID、MAC地址、OAID、IMSI、硬件序列号）、当前应用信息（应用名、应用版本号）、设备参数及系统信息（系统属性、设备型号、操作系统）：\n我们所使用高德地图相关功能，为了提供定位服务准确性和成功率，追踪、排查、诊断、统计服务中的各类问题，保障产品和服务安全正常运行\ncookies：\n“cookies”是网站经常存储于用户电脑上的少量记录信息。我们的cookies不会包括个人信息，一般用于快速识别您的设备并“记住”您。您可以取消cookies，或把您的浏览器设置成为向您发送cookies就会提示您的模式。但取消cookies可能会影响您使用我们的服务。\nFlash cookies和HTML5：\n我们可能使用Flash cookies（本地共享对象）和HTML5（本地存储对象）。本地共享对象是类似于浏览器cookies的小文件，用于记忆您的设置，从而个性化我们的服务的外观。本地共享对象只以整合的方式收集数据。您可以通过在您的浏览器取消本地存储对象或访问www.adobe.com来阻止安装本地共享对象。HTML5 Web Storage等本地存储对象与cookies作用类似，但一般比浏览器cookies的信息量更大、更多样。\n网络信标和像素标签：\n“网络信标”或“像素标签”是让我们能计算网页访问数量或广告浏览量的电子图像。类似于cookies，网络信标不包含个人信息。我们向您发送的电子邮件等电子通讯可能包含像素标签或网络标签，使我们能追踪通讯的使用情况，如是否打开过通讯、点击了哪个链接等。\n虽然有上述规定，我们仍可能保存某些解决争议、执行用户协议、满足技术和法律要求和维护我们的服务的安全完整运行所需的数据。\n八、第三方的条款和条件\n请注意，您在使用和访问我们的服务时，可能还要遵守应用商店、地图提供商、移动软件平台、网游平台、社交网站和支付中介等某些第三方的条款和条件以及隐私政策。您确认并同意，我们无需为这些第三方的条款和条件以及第三方如何使用您的个人信息承担责任。\n我们可以自主选择通过广告或其他形式让您能链接到第三方产品或服务。请注意，您所用的第三方产品和服务不是由我们所关联或控制的人和企业开发和管理的。我们不为这些人或企业的行为、产品和服务以及如何使用您提供的信息负责。我们提供它们的链接并不能让我们与其发生关联或控制关系。\n我们可能随时提供我们合作伙伴的服务，例如竞猜、调查等。它们的服务可能会要求您提供个人信息才能注册或访问。这些服务将会在您需要披露个人信息时标明合作伙伴的身份。如果您选择披露个人信息，那么这些数据则可能直接或通过我们间接提供给第三方。您将要接受它们这些第三方的隐私政策和做法。我们不为这些第三方的隐私政策和做法负责。因此，您应该在披露个人信息前审阅它们的隐私政策和做法。\n请注意，在我们的服务中，购物、社交等有些项目可能用第三方服务与网购账户、社交账户、网络账户等信息对比验证。如果您选择参加或使用这些服务，则可能自动会向这些第三方传送某些个人用户或账户数据。您在此同意我们根据本政策处理、使用、整合、披露并保存这些数据。\n九、保障措施\n我们按照行业通行标准合理保护信息的安全、完整和秘密。您个人信息的访问权限仅限于为根据本政策完成工作任务或进行技术维护工作需要处理您个人信息的人员。我们收集的个人信息保存于不向公众开放的安全运行环境之中。为避免未经授权访问您的个人信息，我们将其保存在有防火墙保护并可能加密的服务器之中。但是，没有什么系统是100%安全的。即使我们做出了合理努力，仍可能有人未经允许访问您的个人信息。此外，人们的言行可能不可靠，或具有误导性、非法性。我们无法告诉您别的用户说的是否属实。如果您使用我们的服务，您要自担以上数据失窃或被误导、被欺诈、被违法侵害的风险。\n如果您不接受本政策、提供我们要求提供的信息，那么您可能无法完全或部分使用我们的服务和我们提供的功能。但您需要了解，如果您提供了这些信息，您将承担这些信息被窃取、非法占有、滥用的风险。如果出现了上述情况，您的安全、财产和声誉可能受损。\n十、其他\n请您了解，社交网络和我们的服务可能具有开放性。您选择在创建内容的过程中向我们的服务披露关于您的信息。任何您在论坛、博客、聊天等环境下披露的数据都可能成为公开信息，不可期待隐私或保密。我们对您选择在以上场合披露的任何个人信息都不承担责任。\n如果您在您的居住地被认为是未成年人，请您取得监护人同意后再使用或访问我们的服务。我们鼓励家长和/或监护人积极辅导孩子的网上活动。如果用户在其居住地被认为是未成年人，我们不会在明知的情况下收集他们的信息。如果我们了解到不经意间收集了他们的个人信息，我们会采取合理措施立刻从我们的记录中删除他们的个人信息。\n我们可能根据法律和本政策规定保存和/或向海外的关联人和合作伙伴披露您的个人信息。我们可能在与企业并购、重组、出售全部或部分股票和/或资产等重大变化相关的情况下，包括但不限于尽职调查过程中，向第三方披露您的个人信息，但本政策将继续适用于这些个人信息。\n十一、其他信息\n您的数据由住所地位于公司地址的公司名称公司所控制。本政策以及我们对您个人信息的使用受我们住所地法律的管辖。我们的住所地不一定是您的所在地。\n十二、关于用户注销息\n您可以点击我的入口， 点击头像，在安全中心提交您的账号注销申请，经我们按照公示的流程审核通过后(包括但不限于核实信息确认 用户身份、确定用户与账号的对应关系、确定用户账号是否符合注销条件等)，予以注销 该账号并删除您的个人信息。 请您务必注意，本协议项下“账号”与竞我公司提供的其他 单项服务账号为同一账号，您注销本协议项下“账号”，意味着您无法再享受我公司提供的 其他单项服务，同时账号内所有信息、资产、虚拟货币及虚拟道具等将一并消除，无法恢 复找回。 在您主动注销账号后，我们将停止为您提供产品或服务，并根据适用法律的要求 删除您的个人信息，或对其进行匿名化处理。\n我们将努力使您能审阅、更新或更正您存在我们这里的个人信息。为了辨别您身份、核实您的请求并帮助处理您的请求，我们将需要关于您的充分信息。请注意，即使根据您的请求变更或删除了您的个人信息，我们出于解决争议、执行用户协议并遵守与安全、诚信、服务运营相关技术和法律要求的目的仍可能保留某些您的数据。\n十三、集成与第三方SDK应用\n为实现本应用的功能，需集成部分第三方应用。其中包括：\n1 高德地图\n使用SDK名称：高德开放平台定位SDK\nSDK包名：com.amap.api\n第三方名称：高德软件有限公司\n使用权限：\nandroid.permission.ACCESS_COARSE_LOCATION\nandroid.permission.ACCESS_FINE_LOCATION\nandroid.permission.ACCESS_NETWORK_STATE\nandroid.permission.ACCESS_WIFI_STATE\nandroid.permission.CHANGE_WIFI_STATE\nandroid.permission.READ_PHONE_STATE\nandroid.permission.WRITE_EXTERNAL_STORAGE\nandroid.permission.ACCESS_LOCATION_EXTRA_COMMANDS\n使用目的：为了向用户提供定位服务，以及地图查看，标记用户处于当前地图投影的位置等，当应用退回后台也可以不断通过获取定位向用户推送公交车辆与用户之间的具体位置以便提醒用户及时乘车/下车\n收集个人信息：位置信息（经纬度、精确位置、粗略位置）【通过IP 地址、GNSS信息、WiFi状态、WiFi参数、WiFi列表、基站信息、信号强度的信息、蓝牙信息、传感器信息（矢量、加速度、压力）、设备信号强度信息获取】、设备标识信息（IMEI、IDFA、IDFV、Android ID、MEID、MAC地址、OAID、IMSI、硬件序列号）、当前应用信息（应用名、应用版本号）、设备参数及系统信息（系统属性、设备型号、操作系统）。\n高德地图隐私权政策链接【链接地址为：https://lbs.amap.com/pages/privacy/】\n2 腾讯X5浏览器内核\n使用SDK名称：腾讯浏览服务SDK\nSDK包名：com.tencent.smtt、com.tencent.tbs\n第三方名称：深圳市腾讯计算机系统有限公司\n使用权限：\nandroid.permission.WRITE_EXTERNAL_STORAGE\nandroid.permission.ACCESS_NETWORK_STATE\nandroid.permission.ACCESS_WIFI_STATE\nandroid.permission.READ_PHONE_STATE\n使用目的：使用x5内核渲染webview，为了使用不同版本的手机设备体现出同样的浏览效果，解决不同版本手机系统内核的兼容性\n收集个人信息：设备信息（设备型号、操作系统、CPU类型），Wi-Fi状态和参数，位置信息、附近的Wi-Fi、CellID，通过通过去标识化、加密传输和处理的安全处理方式用来处理浏览器内核升级和禁用细化控制，判断Wi-Fi是否连接，进行网络优化，用户主动打开第三方网页且网页自身需要定位位置时触发\n腾讯X5浏览器隐私权政策链接【链接地址为：https://x5.tencent.com/docs/privacy.html】\n3 友盟\n使用SDK名称：友盟SDK\nSDK包名：com.uc.crashsdk、com.efs、com.umeng、com.ut\n第三方名称：友盟同欣（北京）科技有限公司、北京锐讯灵通科技有限公司\n使用权限：\nandroid.permission.ACCESS_NETWORK_STATE\nandroid.permission.ACCESS_WIFI_STATE\nandroid.permission.READ_PHONE_STATE\n使用目的：统计应用使用情况及应用健康情况，崩溃信息及错误日志收集\n\n收集个人信息：设备信息（IMEI、ANDROID_ID、DEVICE_ID、IMSI）、应用已安装列表、网络信息等，对应用的使用情况进行统计和了解，以便后续为我们优化应用提供参考数据。\n友盟隐私权政策链接【链接地址为：https://www.umeng.com/page/policy】\n我们会定期评估本协议的遵守情况。如果我们收到了您的正式书面投诉，我们会尝试与您直接联系解决。我们会配合国家有关部门，包括数据保护部门，解决您和我们未能友好解决的任何关于个人信息收集、使用、转移、披露的投诉。任何由本政策产生或与本政策的违反、终止、效力相关的争议、争端或主张应由我们住所地有管辖权的法庭解决。\n联系地址:北京市海淀区西小口路66号中关村东升科技园 ˙北领地B-2号楼6层C610\n联系电话：010-80771477\n2022年6月1日",
    "policy_html_source_code_clean": "用户隐私协议\n<body>\n<h2><span>北京中航讯科技股份有限公司隐私协议</span></h2>\n<p><span> </span></p>\n<h3><span>特别提醒</span></h3>\n<h5><span>北京中航讯科技股份有限公司（以下简称“我们”）为此应用‘易公交’制定本隐私政策（以下简称“本政策”），来解释我们如何收集、保存使用由我们的产品、服务和网站（以下合称“我们的服务”）收集的信息。 <br/>\n<br/>\n<br/>\n一、非个人信息<br/>\n在本政策中，“非个人信息”指的是不能直接识别您的信息。此外，非个人信息还指“整合”并“去个人化”的信息，即我们收集的关于我们的服务的使用情况已经去除了可识别个人的数据的信息。<br/>\n我们可能使用工具或第三方分析软件自动收集和使用非个人信息。我们可能收集、使用的非个人信息包括但不限于以下类型：<br/>\n（1）设备属性，包括但不限于IP地址、网卡（MAC）地址、开放性独特设备标识符和广告识别符 或其他永久性或非永久性设备标识符（“设备标识符”）；<br/>\n（2）设备软件平台和固件；<br/>\n（3）手机运营商；<br/>\n（4）邮政编码、地域码、粗略定位等地理数据；<br/>\n（5）其他我们为提升我们的服务和其他服务和产品而合理需要的非个人信息。<br/>\n我们可能使用第三方工具来开发我们的服务和分析您使用服务的情况。第三方工具将根据第三方工具隐私政策使用、处理通过我们服务搜集到的您的数据。您在安装、使用、注册或以其他方式访问我们的服务前仔细阅读第三方工具隐私政策，以了解第三方工具如何处理您的数据，以及第三方工具的名称、地址和联络方式。<br/>\n一旦您安装、使用、注册或以其他方式访问我们的服务，那就意味着您已经同意我们使用第三方工具分析工具并接受第三方工具隐私政策，并且在知情的基础上明确同意第三方工具按其隐私政策的规定处理、使用和披露您的数据。如果您不接受第三方工具的隐私政策，请不要安装、使用、注册或以其他方式访问我们的服务。<br/>\n我们可能向合作伙伴和受托人（包括信用卡处理商、邮件服务提供商、运输代理、数据分析商和商业信息提供商等第三方服务提供商，下同）披露并允许其为分析我们的服务使用情况、投放广告、管理或提供我们的服务或改进我们的服务和我们其他的产品和服务而使用您的非个人信息。<br/>\n您确认并同意我们使用的分析公司可以将通过我们的服务收集的信息与它们独立从其他产品或服务收集的有关于您的活动的其他信息结合起来。这些公司根据自己的政策收集、使用信息。<br/>\n我们、我们的合作伙伴或受托人可能用从第三方得到的有关人口学、广告、市场和其他分析调查服务的信息补充您的个人和非个人信息。<br/>\n<br/>\n二、广告投放技术<br/>\n我们保留由我们或我们的合作伙伴和受托人出于广告的目的使用和披露被收集的非个人信息的权利。我们可能采用第三方广告投放技术。该技术使用某些方法在通过我们的服务投放广告的过程中收集信息。我们或者运行广告投放技术的第三方可能使用人口学和定位信息以及从您的硬件或设备获取的日志信息来确保在我们的服务中呈现适宜的广告。我们或第三方为此可能收集包括但不限于IP地址（包括但不限于为您粗略定位的目的）、设备标识符、MAC、软件、应用、硬件、浏览器信息、互联网和在线使用信息。上述信息可根据本政策和提供广告投放技术的公司的隐私政策来使用和披露。<br/>\n您确认并接受，为我们投放广告的广告公司可以将其收集的信息与它们独立从其他服务或产品收集的信息相结合。这些公司根据它们自己的隐私政策收集和使用信息。它们的广告投放技术整合进了我们的服务中；如果您不接受该技术，请不要安装、使用、注册或以其他方式访问我们的服务。虽然我们会尽商业上合理的努力来指示这些广告公司遵守本政策的规定，但我们无法访问并控制第三方技术，因此也不为其承担责任。 <br/>\n<br/>\n三、定位数据<br/>\n如果您所使用的我们的服务支持定位，我们就可能收集并处理您的定位数据，以提供与您位置相关的服务和广告。例如，有些附加组件或优惠是针对特定地点提供的。我们可能用GPS、Wi-Fi、IP地址等网络数据或其他技术进行定位。未经您同意，我们不会访问您的GPS位置信息。除了我们的合作伙伴提供与定位相关的我们的服务，我们不会将您的GPS位置信息在未经您同意的情况下与第三方共享。如果我们根据本政策与第三方共享GPS位置信息，我们会匿名提供这些信息。请注意，我们可能与我们的合作伙伴匿名共享您的粗略定位信息。<br/>\n<br/>\n四、个人信息<br/>\n本政策中的“个人信息”指的是能直接特定识别您个人的信息。<br/>\n您可能向我们提供个人信息的情况包括但不限于：<br/>\n（1）注册我们的服务、特别活动；<br/>\n（2）用社交网站服务等第三方ID访问我们的服务；<br/>\n（3）订阅新闻通讯；<br/>\n（4）通过我们的网店购买产品或服务；<br/>\n（5）使用“与朋友共享”、“电邮本页”或类似功能；<br/>\n（6）请求技术支持；<br/>\n（7）使用要求提供个人信息才能使用和/或参加的我们的服务。<br/>\n（8）本应用可能使用您的相机和图库权限，是您在使用头像上传更新个人资料时所使用的功能<br/>\n个人信息的类型根据您参加的活动可能不同。我们收集、处理、使用的个人信息可能包括但不限于您的姓名、昵称、在我们的服务或第三方服务中的账户名称、电子邮件地址、电话号码、照片或其他图像、性别、地址、亲友关系、头像、信用卡信息、运输信息和能直接识别您的位置的信息（不能直接识别您的位置信息属于非个人信息）。<br/>\n为了分析我们的服务的使用情况、提供客户支持和技术支持、管理和提供我们的服务（包括管理广告投放）、改进我们的服务、开发我们其他的产品和服务，我们可能单独或整合地使用您的个人信息和非个人信息。我们可能合并个人信息和非个人信息。<br/>\n我们可能用您的个人信息向您发送技术和/或商业信息，让您了解我们认为您可能感兴趣的我们或第三方的产品和服务，例如新功能、新服务、特别优惠、更新等。<br/>\n请注意，我们的服务中有些功能为获得与您相关的信息可能会连接到您的社交网站。如果您的社交网站允许并经您许可，我们可能收集您社交网站账户内的信息。此类信息包括但不限于您的姓名、头像、性别、用户名、电子邮件地址、国籍、语言、时区、单位、个人主页链接、您在社交网站上的“亲友”“粉丝”的上述信息以及其他您可能放在社交网站账户中的信息。我们可能会根据本政策的规定使用、结合、关联上述信息。 <br/>\n<br/>\n五、个人信息的披露和转移<br/>\n个人信息可能根据法律和本政策的规定披露。此外，我们可能根据本政策向我们的关联人披露个人信息。<br/>\n我们可能聘请代理人和受托人以我们的名义收集和处理个人信息。在这种情况下，我们会指示代理人和受托人遵守本政策，只为所聘请的目的使用个人信息。我们可能聘用信用卡处理商、邮件服务提供商、运输代理、数据分析商和商业信息提供商等第三方服务提供商。我们可以在必要的情况下与上述第三方共享您的个人信息，使其能够为我们服务。除非法律强制规定，我们不为第三方的作为或不作为承担责任。<br/>\n我们可能为满足执法部门或政府官员在调查欺诈、知识产权侵权或其他违法或可能使我们承担法律责任的活动时按其要求向第三方披露您的个人信息。我们向第三方披露您的个人信息还可能发生在我们合理地认为需要披露才能处理实际或可能侵害我们的权利、财产、经营、用户和其他可能受损方时，或者是在我们认为保护我们的权利、打击欺诈、遵守适用于我们的法律规定和国家命令需要披露时。如果法律允许披露，我们将尽合理努力通过我们的网站或以其他合理方式通知您相关的披露。<br/>\n虽然我们不会向第三方出售您的电子邮件、电话号码或地址，但我们将用户输入或从使用情况推断的数据整合起来，在不会识别个人的前提下自己利用或向第三方提供整合数据。 <br/>\n<br/>\n六、数据的保存和纠正<br/>\n我们根据本政策保存数据至本政策规定的目的实现时为止，除非法律要求或允许保存更长时间。之后，如果为本政策规定的目的不再需要，我们可能在合理时间内完全删除我们所保存的数据。我们不去核实个人信息是否正确。<br/>\n虽然有上述规定，我们仍可能保存某些解决争议、执行用户协议、满足技术和法律要求和维护我们的服务的安全完整运行所需的数据。<br/>\n<br/>\n七、 设备标识、cookies、网络信标和跟踪<br/>\n我们的服务可能使用设备标识信息, 浏览器cookies和像素标签（pixel tags）、本地共享对象、网络信标（clear GIFs）和网络信标（web beacons）等技术。我们将类似技术收集来的信息当做非个人信息来处理。<br/>\n设备标识信息（IMEI、IDFA、IDFV、Android ID、MEID、MAC地址、OAID、IMSI、硬件序列号）、当前应用信息（应用名、应用版本号）、设备参数及系统信息（系统属性、设备型号、操作系统）：\n我们所使用高德地图相关功能，为了提供定位服务准确性和成功率，追踪、排查、诊断、统计服务中的各类问题，保障产品和服务安全正常运行<br/>\ncookies：<br/>\n“cookies”是网站经常存储于用户电脑上的少量记录信息。我们的cookies不会包括个人信息，一般用于快速识别您的设备并“记住”您。您可以取消cookies，或把您的浏览器设置成为向您发送cookies就会提示您的模式。但取消cookies可能会影响您使用我们的服务。<br/>\nFlash cookies和HTML5：<br/>\n我们可能使用Flash cookies（本地共享对象）和HTML5（本地存储对象）。本地共享对象是类似于浏览器cookies的小文件，用于记忆您的设置，从而个性化我们的服务的外观。本地共享对象只以整合的方式收集数据。您可以通过在您的浏览器取消本地存储对象或访问www.adobe.com来阻止安装本地共享对象。HTML5 Web Storage等本地存储对象与cookies作用类似，但一般比浏览器cookies的信息量更大、更多样。<br/>\n网络信标和像素标签：<br/>\n“网络信标”或“像素标签”是让我们能计算网页访问数量或广告浏览量的电子图像。类似于cookies，网络信标不包含个人信息。我们向您发送的电子邮件等电子通讯可能包含像素标签或网络标签，使我们能追踪通讯的使用情况，如是否打开过通讯、点击了哪个链接等。<br/>\n虽然有上述规定，我们仍可能保存某些解决争议、执行用户协议、满足技术和法律要求和维护我们的服务的安全完整运行所需的数据。<br/>\n<br/>\n八、第三方的条款和条件<br/>\n请注意，您在使用和访问我们的服务时，可能还要遵守应用商店、地图提供商、移动软件平台、网游平台、社交网站和支付中介等某些第三方的条款和条件以及隐私政策。您确认并同意，我们无需为这些第三方的条款和条件以及第三方如何使用您的个人信息承担责任。<br/>\n我们可以自主选择通过广告或其他形式让您能链接到第三方产品或服务。请注意，您所用的第三方产品和服务不是由我们所关联或控制的人和企业开发和管理的。我们不为这些人或企业的行为、产品和服务以及如何使用您提供的信息负责。我们提供它们的链接并不能让我们与其发生关联或控制关系。<br/>\n我们可能随时提供我们合作伙伴的服务，例如竞猜、调查等。它们的服务可能会要求您提供个人信息才能注册或访问。这些服务将会在您需要披露个人信息时标明合作伙伴的身份。如果您选择披露个人信息，那么这些数据则可能直接或通过我们间接提供给第三方。您将要接受它们这些第三方的隐私政策和做法。我们不为这些第三方的隐私政策和做法负责。因此，您应该在披露个人信息前审阅它们的隐私政策和做法。<br/>\n请注意，在我们的服务中，购物、社交等有些项目可能用第三方服务与网购账户、社交账户、网络账户等信息对比验证。如果您选择参加或使用这些服务，则可能自动会向这些第三方传送某些个人用户或账户数据。您在此同意我们根据本政策处理、使用、整合、披露并保存这些数据。 <br/>\n<br/>\n九、保障措施<br/>\n我们按照行业通行标准合理保护信息的安全、完整和秘密。您个人信息的访问权限仅限于为根据本政策完成工作任务或进行技术维护工作需要处理您个人信息的人员。我们收集的个人信息保存于不向公众开放的安全运行环境之中。为避免未经授权访问您的个人信息，我们将其保存在有防火墙保护并可能加密的服务器之中。但是，没有什么系统是100%安全的。即使我们做出了合理努力，仍可能有人未经允许访问您的个人信息。此外，人们的言行可能不可靠，或具有误导性、非法性。我们无法告诉您别的用户说的是否属实。如果您使用我们的服务，您要自担以上数据失窃或被误导、被欺诈、被违法侵害的风险。<br/>\n如果您不接受本政策、提供我们要求提供的信息，那么您可能无法完全或部分使用我们的服务和我们提供的功能。但您需要了解，如果您提供了这些信息，您将承担这些信息被窃取、非法占有、滥用的风险。如果出现了上述情况，您的安全、财产和声誉可能受损。 <br/>\n<br/>\n十、其他<br/>\n请您了解，社交网络和我们的服务可能具有开放性。您选择在创建内容的过程中向我们的服务披露关于您的信息。任何您在论坛、博客、聊天等环境下披露的数据都可能成为公开信息，不可期待隐私或保密。我们对您选择在以上场合披露的任何个人信息都不承担责任。<br/>\n如果您在您的居住地被认为是未成年人，请您取得监护人同意后再使用或访问我们的服务。我们鼓励家长和/或监护人积极辅导孩子的网上活动。如果用户在其居住地被认为是未成年人，我们不会在明知的情况下收集他们的信息。如果我们了解到不经意间收集了他们的个人信息，我们会采取合理措施立刻从我们的记录中删除他们的个人信息。<br/>\n我们可能根据法律和本政策规定保存和/或向海外的关联人和合作伙伴披露您的个人信息。我们可能在与企业并购、重组、出售全部或部分股票和/或资产等重大变化相关的情况下，包括但不限于尽职调查过程中，向第三方披露您的个人信息，但本政策将继续适用于这些个人信息。 <br/>\n<br/>\n十一、其他信息<br/>\n您的数据由住所地位于公司地址的公司名称公司所控制。本政策以及我们对您个人信息的使用受我们住所地法律的管辖。我们的住所地不一定是您的所在地。<br/>\n<br/>\n十二、关于用户注销息<br/>\n您可以点击我的入口， 点击头像，在安全中心提交您的账号注销申请，经我们按照公示的流程审核通过后(包括但不限于核实信息确认 用户身份、确定用户与账号的对应关系、确定用户账号是否符合注销条件等)，予以注销 该账号并删除您的个人信息。 请您务必注意，本协议项下“账号”与竞我公司提供的其他 单项服务账号为同一账号，您注销本协议项下“账号”，意味着您无法再享受我公司提供的 其他单项服务，同时账号内所有信息、资产、虚拟货币及虚拟道具等将一并消除，无法恢 复找回。 在您主动注销账号后，我们将停止为您提供产品或服务，并根据适用法律的要求 删除您的个人信息，或对其进行匿名化处理。<br/>\n我们将努力使您能审阅、更新或更正您存在我们这里的个人信息。为了辨别您身份、核实您的请求并帮助处理您的请求，我们将需要关于您的充分信息。请注意，即使根据您的请求变更或删除了您的个人信息，我们出于解决争议、执行用户协议并遵守与安全、诚信、服务运营相关技术和法律要求的目的仍可能保留某些您的数据。<br/>\n<br/>\n十三、集成与第三方SDK应用<br/>\n为实现本应用的功能，需集成部分第三方应用。其中包括：<br/><br/>\n1 高德地图<br/>\n使用SDK名称：高德开放平台定位SDK<br/>\nSDK包名：com.amap.api\n第三方名称：高德软件有限公司<br/>\n使用权限：<br/>\nandroid.permission.ACCESS_COARSE_LOCATION<br/>\nandroid.permission.ACCESS_FINE_LOCATION<br/>\nandroid.permission.ACCESS_NETWORK_STATE<br/>\nandroid.permission.ACCESS_WIFI_STATE<br/>\nandroid.permission.CHANGE_WIFI_STATE<br/>\nandroid.permission.READ_PHONE_STATE<br/>\nandroid.permission.WRITE_EXTERNAL_STORAGE<br/>\nandroid.permission.ACCESS_LOCATION_EXTRA_COMMANDS<br/>\n使用目的：为了向用户提供定位服务，以及地图查看，标记用户处于当前地图投影的位置等，当应用退回后台也可以不断通过获取定位向用户推送公交车辆与用户之间的具体位置以便提醒用户及时乘车/下车<br/>\n收集个人信息：位置信息（经纬度、精确位置、粗略位置）【通过IP 地址、GNSS信息、WiFi状态、WiFi参数、WiFi列表、基站信息、信号强度的信息、蓝牙信息、传感器信息（矢量、加速度、压力）、设备信号强度信息获取】、设备标识信息（IMEI、IDFA、IDFV、Android ID、MEID、MAC地址、OAID、IMSI、硬件序列号）、当前应用信息（应用名、应用版本号）、设备参数及系统信息（系统属性、设备型号、操作系统）。<br/>\n<a href=\"https://lbs.amap.com/pages/privacy/\" target=\"_blank\">高德地图隐私权政策链接</a><br/><br/>\n2 腾讯X5浏览器内核<br/>\n使用SDK名称：腾讯浏览服务SDK<br/>\nSDK包名：com.tencent.smtt、com.tencent.tbs <br/>\n第三方名称：深圳市腾讯计算机系统有限公司<br/>\n使用权限：<br/>\nandroid.permission.WRITE_EXTERNAL_STORAGE<br/>\nandroid.permission.ACCESS_NETWORK_STATE<br/>\nandroid.permission.ACCESS_WIFI_STATE<br/>\nandroid.permission.READ_PHONE_STATE<br/>\n使用目的：使用x5内核渲染webview，为了使用不同版本的手机设备体现出同样的浏览效果，解决不同版本手机系统内核的兼容性<br/>\n收集个人信息：设备信息（设备型号、操作系统、CPU类型），Wi-Fi状态和参数，位置信息、附近的Wi-Fi、CellID，通过通过去标识化、加密传输和处理的安全处理方式用来处理浏览器内核升级和禁用细化控制，判断Wi-Fi是否连接，进行网络优化，用户主动打开第三方网页且网页自身需要定位位置时触发<br/>\n<a href=\"https://x5.tencent.com/docs/privacy.html\" target=\"_blank\">腾讯X5浏览器隐私权政策链接</a><br/><br/>\n\n3 友盟<br/>\n使用SDK名称：友盟SDK <br/>\nSDK包名：com.uc.crashsdk、com.efs、com.umeng、com.ut<br/>\n第三方名称：友盟同欣（北京）科技有限公司、北京锐讯灵通科技有限公司\n使用权限：<br/>\nandroid.permission.ACCESS_NETWORK_STATE<br/>\nandroid.permission.ACCESS_WIFI_STATE<br/>\nandroid.permission.READ_PHONE_STATE<br/>\n使用目的：统计应用使用情况及应用健康情况，崩溃信息及错误日志收集<br/> \n收集个人信息：设备信息（IMEI、ANDROID_ID、DEVICE_ID、IMSI）、应用已安装列表、网络信息等，对应用的使用情况进行统计和了解，以便后续为我们优化应用提供参考数据。<br/>\n<a href=\"https://www.umeng.com/page/policy\" target=\"_blank\">友盟隐私权政策链接</a><br/><br/>\n\n我们会定期评估本协议的遵守情况。如果我们收到了您的正式书面投诉，我们会尝试与您直接联系解决。我们会配合国家有关部门，包括数据保护部门，解决您和我们未能友好解决的任何关于个人信息收集、使用、转移、披露的投诉。任何由本政策产生或与本政策的违反、终止、效力相关的争议、争端或主张应由我们住所地有管辖权的法庭解决。<p></p><br/>\n联系地址:北京市海淀区西小口路66号中关村东升科技园 ˙北领地B-2号楼6层C610<br/>\n联系电话：010-80771477<br/>\n<div>2022年6月1日</div><p></p>\n</span></h5></body>",
    "policy_text_clean": "用户隐私协议\n北京中航讯科技股份有限公司隐私协议\n\n特别提醒\n北京中航讯科技股份有限公司（以下简称“我们”）为此应用‘易公交’制定本隐私政策（以下简称“本政策”），来解释我们如何收集、保存使用由我们的产品、服务和网站（以下合称“我们的服务”）收集的信息。\n一、非个人信息\n在本政策中，“非个人信息”指的是不能直接识别您的信息。此外，非个人信息还指“整合”并“去个人化”的信息，即我们收集的关于我们的服务的使用情况已经去除了可识别个人的数据的信息。\n我们可能使用工具或第三方分析软件自动收集和使用非个人信息。我们可能收集、使用的非个人信息包括但不限于以下类型：\n（1）设备属性，包括但不限于IP地址、网卡（MAC）地址、开放性独特设备标识符和广告识别符 或其他永久性或非永久性设备标识符（“设备标识符”）；\n（2）设备软件平台和固件；\n（3）手机运营商；\n（4）邮政编码、地域码、粗略定位等地理数据；\n（5）其他我们为提升我们的服务和其他服务和产品而合理需要的非个人信息。\n我们可能使用第三方工具来开发我们的服务和分析您使用服务的情况。第三方工具将根据第三方工具隐私政策使用、处理通过我们服务搜集到的您的数据。您在安装、使用、注册或以其他方式访问我们的服务前仔细阅读第三方工具隐私政策，以了解第三方工具如何处理您的数据，以及第三方工具的名称、地址和联络方式。\n一旦您安装、使用、注册或以其他方式访问我们的服务，那就意味着您已经同意我们使用第三方工具分析工具并接受第三方工具隐私政策，并且在知情的基础上明确同意第三方工具按其隐私政策的规定处理、使用和披露您的数据。如果您不接受第三方工具的隐私政策，请不要安装、使用、注册或以其他方式访问我们的服务。\n我们可能向合作伙伴和受托人（包括信用卡处理商、邮件服务提供商、运输代理、数据分析商和商业信息提供商等第三方服务提供商，下同）披露并允许其为分析我们的服务使用情况、投放广告、管理或提供我们的服务或改进我们的服务和我们其他的产品和服务而使用您的非个人信息。\n您确认并同意我们使用的分析公司可以将通过我们的服务收集的信息与它们独立从其他产品或服务收集的有关于您的活动的其他信息结合起来。这些公司根据自己的政策收集、使用信息。\n我们、我们的合作伙伴或受托人可能用从第三方得到的有关人口学、广告、市场和其他分析调查服务的信息补充您的个人和非个人信息。\n二、广告投放技术\n我们保留由我们或我们的合作伙伴和受托人出于广告的目的使用和披露被收集的非个人信息的权利。我们可能采用第三方广告投放技术。该技术使用某些方法在通过我们的服务投放广告的过程中收集信息。我们或者运行广告投放技术的第三方可能使用人口学和定位信息以及从您的硬件或设备获取的日志信息来确保在我们的服务中呈现适宜的广告。我们或第三方为此可能收集包括但不限于IP地址（包括但不限于为您粗略定位的目的）、设备标识符、MAC、软件、应用、硬件、浏览器信息、互联网和在线使用信息。上述信息可根据本政策和提供广告投放技术的公司的隐私政策来使用和披露。\n您确认并接受，为我们投放广告的广告公司可以将其收集的信息与它们独立从其他服务或产品收集的信息相结合。这些公司根据它们自己的隐私政策收集和使用信息。它们的广告投放技术整合进了我们的服务中；如果您不接受该技术，请不要安装、使用、注册或以其他方式访问我们的服务。虽然我们会尽商业上合理的努力来指示这些广告公司遵守本政策的规定，但我们无法访问并控制第三方技术，因此也不为其承担责任。\n三、定位数据\n如果您所使用的我们的服务支持定位，我们就可能收集并处理您的定位数据，以提供与您位置相关的服务和广告。例如，有些附加组件或优惠是针对特定地点提供的。我们可能用GPS、Wi-Fi、IP地址等网络数据或其他技术进行定位。未经您同意，我们不会访问您的GPS位置信息。除了我们的合作伙伴提供与定位相关的我们的服务，我们不会将您的GPS位置信息在未经您同意的情况下与第三方共享。如果我们根据本政策与第三方共享GPS位置信息，我们会匿名提供这些信息。请注意，我们可能与我们的合作伙伴匿名共享您的粗略定位信息。\n四、个人信息\n本政策中的“个人信息”指的是能直接特定识别您个人的信息。\n您可能向我们提供个人信息的情况包括但不限于：\n（1）注册我们的服务、特别活动；\n（2）用社交网站服务等第三方ID访问我们的服务；\n（3）订阅新闻通讯；\n（4）通过我们的网店购买产品或服务；\n（5）使用“与朋友共享”、“电邮本页”或类似功能；\n（6）请求技术支持；\n（7）使用要求提供个人信息才能使用和/或参加的我们的服务。\n（8）本应用可能使用您的相机和图库权限，是您在使用头像上传更新个人资料时所使用的功能\n个人信息的类型根据您参加的活动可能不同。我们收集、处理、使用的个人信息可能包括但不限于您的姓名、昵称、在我们的服务或第三方服务中的账户名称、电子邮件地址、电话号码、照片或其他图像、性别、地址、亲友关系、头像、信用卡信息、运输信息和能直接识别您的位置的信息（不能直接识别您的位置信息属于非个人信息）。\n为了分析我们的服务的使用情况、提供客户支持和技术支持、管理和提供我们的服务（包括管理广告投放）、改进我们的服务、开发我们其他的产品和服务，我们可能单独或整合地使用您的个人信息和非个人信息。我们可能合并个人信息和非个人信息。\n我们可能用您的个人信息向您发送技术和/或商业信息，让您了解我们认为您可能感兴趣的我们或第三方的产品和服务，例如新功能、新服务、特别优惠、更新等。\n请注意，我们的服务中有些功能为获得与您相关的信息可能会连接到您的社交网站。如果您的社交网站允许并经您许可，我们可能收集您社交网站账户内的信息。此类信息包括但不限于您的姓名、头像、性别、用户名、电子邮件地址、国籍、语言、时区、单位、个人主页链接、您在社交网站上的“亲友”“粉丝”的上述信息以及其他您可能放在社交网站账户中的信息。我们可能会根据本政策的规定使用、结合、关联上述信息。\n五、个人信息的披露和转移\n个人信息可能根据法律和本政策的规定披露。此外，我们可能根据本政策向我们的关联人披露个人信息。\n我们可能聘请代理人和受托人以我们的名义收集和处理个人信息。在这种情况下，我们会指示代理人和受托人遵守本政策，只为所聘请的目的使用个人信息。我们可能聘用信用卡处理商、邮件服务提供商、运输代理、数据分析商和商业信息提供商等第三方服务提供商。我们可以在必要的情况下与上述第三方共享您的个人信息，使其能够为我们服务。除非法律强制规定，我们不为第三方的作为或不作为承担责任。\n我们可能为满足执法部门或政府官员在调查欺诈、知识产权侵权或其他违法或可能使我们承担法律责任的活动时按其要求向第三方披露您的个人信息。我们向第三方披露您的个人信息还可能发生在我们合理地认为需要披露才能处理实际或可能侵害我们的权利、财产、经营、用户和其他可能受损方时，或者是在我们认为保护我们的权利、打击欺诈、遵守适用于我们的法律规定和国家命令需要披露时。如果法律允许披露，我们将尽合理努力通过我们的网站或以其他合理方式通知您相关的披露。\n虽然我们不会向第三方出售您的电子邮件、电话号码或地址，但我们将用户输入或从使用情况推断的数据整合起来，在不会识别个人的前提下自己利用或向第三方提供整合数据。\n六、数据的保存和纠正\n我们根据本政策保存数据至本政策规定的目的实现时为止，除非法律要求或允许保存更长时间。之后，如果为本政策规定的目的不再需要，我们可能在合理时间内完全删除我们所保存的数据。我们不去核实个人信息是否正确。\n虽然有上述规定，我们仍可能保存某些解决争议、执行用户协议、满足技术和法律要求和维护我们的服务的安全完整运行所需的数据。\n七、 设备标识、cookies、网络信标和跟踪\n我们的服务可能使用设备标识信息, 浏览器cookies和像素标签（pixel tags）、本地共享对象、网络信标（clear GIFs）和网络信标（web beacons）等技术。我们将类似技术收集来的信息当做非个人信息来处理。\n设备标识信息（IMEI、IDFA、IDFV、Android ID、MEID、MAC地址、OAID、IMSI、硬件序列号）、当前应用信息（应用名、应用版本号）、设备参数及系统信息（系统属性、设备型号、操作系统）：\n我们所使用高德地图相关功能，为了提供定位服务准确性和成功率，追踪、排查、诊断、统计服务中的各类问题，保障产品和服务安全正常运行\ncookies：\n“cookies”是网站经常存储于用户电脑上的少量记录信息。我们的cookies不会包括个人信息，一般用于快速识别您的设备并“记住”您。您可以取消cookies，或把您的浏览器设置成为向您发送cookies就会提示您的模式。但取消cookies可能会影响您使用我们的服务。\nFlash cookies和HTML5：\n我们可能使用Flash cookies（本地共享对象）和HTML5（本地存储对象）。本地共享对象是类似于浏览器cookies的小文件，用于记忆您的设置，从而个性化我们的服务的外观。本地共享对象只以整合的方式收集数据。您可以通过在您的浏览器取消本地存储对象或访问www.adobe.com来阻止安装本地共享对象。HTML5 Web Storage等本地存储对象与cookies作用类似，但一般比浏览器cookies的信息量更大、更多样。\n网络信标和像素标签：\n“网络信标”或“像素标签”是让我们能计算网页访问数量或广告浏览量的电子图像。类似于cookies，网络信标不包含个人信息。我们向您发送的电子邮件等电子通讯可能包含像素标签或网络标签，使我们能追踪通讯的使用情况，如是否打开过通讯、点击了哪个链接等。\n虽然有上述规定，我们仍可能保存某些解决争议、执行用户协议、满足技术和法律要求和维护我们的服务的安全完整运行所需的数据。\n八、第三方的条款和条件\n请注意，您在使用和访问我们的服务时，可能还要遵守应用商店、地图提供商、移动软件平台、网游平台、社交网站和支付中介等某些第三方的条款和条件以及隐私政策。您确认并同意，我们无需为这些第三方的条款和条件以及第三方如何使用您的个人信息承担责任。\n我们可以自主选择通过广告或其他形式让您能链接到第三方产品或服务。请注意，您所用的第三方产品和服务不是由我们所关联或控制的人和企业开发和管理的。我们不为这些人或企业的行为、产品和服务以及如何使用您提供的信息负责。我们提供它们的链接并不能让我们与其发生关联或控制关系。\n我们可能随时提供我们合作伙伴的服务，例如竞猜、调查等。它们的服务可能会要求您提供个人信息才能注册或访问。这些服务将会在您需要披露个人信息时标明合作伙伴的身份。如果您选择披露个人信息，那么这些数据则可能直接或通过我们间接提供给第三方。您将要接受它们这些第三方的隐私政策和做法。我们不为这些第三方的隐私政策和做法负责。因此，您应该在披露个人信息前审阅它们的隐私政策和做法。\n请注意，在我们的服务中，购物、社交等有些项目可能用第三方服务与网购账户、社交账户、网络账户等信息对比验证。如果您选择参加或使用这些服务，则可能自动会向这些第三方传送某些个人用户或账户数据。您在此同意我们根据本政策处理、使用、整合、披露并保存这些数据。\n九、保障措施\n我们按照行业通行标准合理保护信息的安全、完整和秘密。您个人信息的访问权限仅限于为根据本政策完成工作任务或进行技术维护工作需要处理您个人信息的人员。我们收集的个人信息保存于不向公众开放的安全运行环境之中。为避免未经授权访问您的个人信息，我们将其保存在有防火墙保护并可能加密的服务器之中。但是，没有什么系统是100%安全的。即使我们做出了合理努力，仍可能有人未经允许访问您的个人信息。此外，人们的言行可能不可靠，或具有误导性、非法性。我们无法告诉您别的用户说的是否属实。如果您使用我们的服务，您要自担以上数据失窃或被误导、被欺诈、被违法侵害的风险。\n如果您不接受本政策、提供我们要求提供的信息，那么您可能无法完全或部分使用我们的服务和我们提供的功能。但您需要了解，如果您提供了这些信息，您将承担这些信息被窃取、非法占有、滥用的风险。如果出现了上述情况，您的安全、财产和声誉可能受损。\n十、其他\n请您了解，社交网络和我们的服务可能具有开放性。您选择在创建内容的过程中向我们的服务披露关于您的信息。任何您在论坛、博客、聊天等环境下披露的数据都可能成为公开信息，不可期待隐私或保密。我们对您选择在以上场合披露的任何个人信息都不承担责任。\n如果您在您的居住地被认为是未成年人，请您取得监护人同意后再使用或访问我们的服务。我们鼓励家长和/或监护人积极辅导孩子的网上活动。如果用户在其居住地被认为是未成年人，我们不会在明知的情况下收集他们的信息。如果我们了解到不经意间收集了他们的个人信息，我们会采取合理措施立刻从我们的记录中删除他们的个人信息。\n我们可能根据法律和本政策规定保存和/或向海外的关联人和合作伙伴披露您的个人信息。我们可能在与企业并购、重组、出售全部或部分股票和/或资产等重大变化相关的情况下，包括但不限于尽职调查过程中，向第三方披露您的个人信息，但本政策将继续适用于这些个人信息。\n十一、其他信息\n您的数据由住所地位于公司地址的公司名称公司所控制。本政策以及我们对您个人信息的使用受我们住所地法律的管辖。我们的住所地不一定是您的所在地。\n十二、关于用户注销息\n您可以点击我的入口， 点击头像，在安全中心提交您的账号注销申请，经我们按照公示的流程审核通过后(包括但不限于核实信息确认 用户身份、确定用户与账号的对应关系、确定用户账号是否符合注销条件等)，予以注销 该账号并删除您的个人信息。 请您务必注意，本协议项下“账号”与竞我公司提供的其他 单项服务账号为同一账号，您注销本协议项下“账号”，意味着您无法再享受我公司提供的 其他单项服务，同时账号内所有信息、资产、虚拟货币及虚拟道具等将一并消除，无法恢 复找回。 在您主动注销账号后，我们将停止为您提供产品或服务，并根据适用法律的要求 删除您的个人信息，或对其进行匿名化处理。\n我们将努力使您能审阅、更新或更正您存在我们这里的个人信息。为了辨别您身份、核实您的请求并帮助处理您的请求，我们将需要关于您的充分信息。请注意，即使根据您的请求变更或删除了您的个人信息，我们出于解决争议、执行用户协议并遵守与安全、诚信、服务运营相关技术和法律要求的目的仍可能保留某些您的数据。\n十三、集成与第三方SDK应用\n为实现本应用的功能，需集成部分第三方应用。其中包括：\n1 高德地图\n使用SDK名称：高德开放平台定位SDK\nSDK包名：com.amap.api\n第三方名称：高德软件有限公司\n使用权限：\nandroid.permission.ACCESS_COARSE_LOCATION\nandroid.permission.ACCESS_FINE_LOCATION\nandroid.permission.ACCESS_NETWORK_STATE\nandroid.permission.ACCESS_WIFI_STATE\nandroid.permission.CHANGE_WIFI_STATE\nandroid.permission.READ_PHONE_STATE\nandroid.permission.WRITE_EXTERNAL_STORAGE\nandroid.permission.ACCESS_LOCATION_EXTRA_COMMANDS\n使用目的：为了向用户提供定位服务，以及地图查看，标记用户处于当前地图投影的位置等，当应用退回后台也可以不断通过获取定位向用户推送公交车辆与用户之间的具体位置以便提醒用户及时乘车/下车\n收集个人信息：位置信息（经纬度、精确位置、粗略位置）【通过IP 地址、GNSS信息、WiFi状态、WiFi参数、WiFi列表、基站信息、信号强度的信息、蓝牙信息、传感器信息（矢量、加速度、压力）、设备信号强度信息获取】、设备标识信息（IMEI、IDFA、IDFV、Android ID、MEID、MAC地址、OAID、IMSI、硬件序列号）、当前应用信息（应用名、应用版本号）、设备参数及系统信息（系统属性、设备型号、操作系统）。\n高德地图隐私权政策链接【链接地址为：https://lbs.amap.com/pages/privacy/】\n2 腾讯X5浏览器内核\n使用SDK名称：腾讯浏览服务SDK\nSDK包名：com.tencent.smtt、com.tencent.tbs\n第三方名称：深圳市腾讯计算机系统有限公司\n使用权限：\nandroid.permission.WRITE_EXTERNAL_STORAGE\nandroid.permission.ACCESS_NETWORK_STATE\nandroid.permission.ACCESS_WIFI_STATE\nandroid.permission.READ_PHONE_STATE\n使用目的：使用x5内核渲染webview，为了使用不同版本的手机设备体现出同样的浏览效果，解决不同版本手机系统内核的兼容性\n收集个人信息：设备信息（设备型号、操作系统、CPU类型），Wi-Fi状态和参数，位置信息、附近的Wi-Fi、CellID，通过通过去标识化、加密传输和处理的安全处理方式用来处理浏览器内核升级和禁用细化控制，判断Wi-Fi是否连接，进行网络优化，用户主动打开第三方网页且网页自身需要定位位置时触发\n腾讯X5浏览器隐私权政策链接【链接地址为：https://x5.tencent.com/docs/privacy.html】\n3 友盟\n使用SDK名称：友盟SDK\nSDK包名：com.uc.crashsdk、com.efs、com.umeng、com.ut\n第三方名称：友盟同欣（北京）科技有限公司、北京锐讯灵通科技有限公司\n使用权限：\nandroid.permission.ACCESS_NETWORK_STATE\nandroid.permission.ACCESS_WIFI_STATE\nandroid.permission.READ_PHONE_STATE\n使用目的：统计应用使用情况及应用健康情况，崩溃信息及错误日志收集\n\n收集个人信息：设备信息（IMEI、ANDROID_ID、DEVICE_ID、IMSI）、应用已安装列表、网络信息等，对应用的使用情况进行统计和了解，以便后续为我们优化应用提供参考数据。\n友盟隐私权政策链接【链接地址为：https://www.umeng.com/page/policy】\n我们会定期评估本协议的遵守情况。如果我们收到了您的正式书面投诉，我们会尝试与您直接联系解决。我们会配合国家有关部门，包括数据保护部门，解决您和我们未能友好解决的任何关于个人信息收集、使用、转移、披露的投诉。任何由本政策产生或与本政策的违反、终止、效力相关的争议、争端或主张应由我们住所地有管辖权的法庭解决。\n联系地址:北京市海淀区西小口路66号中关村东升科技园 ˙北领地B-2号楼6层C610\n联系电话：010-80771477\n2022年6月1日"
}