{
    "app_id": "C100392715",
    "app_name": "美亚航旅",
    "app_version": "2.6.3",
    "app_download_num_description": "3 万次安装",
    "app_package_name": "com.meiya.airprice",
    "app_score": 0.0,
    "app_package_size": "62 MB",
    "app_package_size_precise": 65033159,
    "app_icon_url": "https://appimg.dbankcdn.com/application/icon144/7d3b7bfa63644e2f8da39ccc23154849.png",
    "app_developer": "广东美亚旅游科技集团股份有限公司",
    "app_update_time": "2022-11-08",
    "app_update_description": "1.机票产品票证类型说明调整\n2.修复已知问题",
    "app_description": "美亚航旅APP，专为航旅同业客户、机票代理打造的机票预订工具。\n【一键注册，轻松采购】全新美亚航旅APP同步了美亚航旅网的全球机票资源及优惠政策，一键注册，即享随时随地查价，极速出票，助您轻松采购；\n【转发报价，一步到位】订单信息准确校对后，即可一键生成报价单，航班信息、个人资料、费用情况，一目了然，让客户安心出行。\n【订单动态，一手在握】支持出票、退改签信息及优惠信息实时推送，让您随时掌控订单动态，不错过任何交易与优惠，是机票代理必备航旅小管家；\n【一键支付，快捷还款】支持额度、支付宝余额、储蓄卡、企业网银、通联快捷支付等多种支付方式，安全快捷（国内机票也支持授信额度支付）；App还支持随时随地还款，缓解资金突发事件，省心省事。\n【财务报表，一目了然】资金余额、未还款金额、订单数量等等，一键统计，清晰明了。智能化操作，让工作更高效，助力您的经营决策。",
    "app_policy_url": "http://apk.meiya.com/Policy.html",
    "app_listed_permission": "1.完全的网络访问权限\n2.修改或删除存储卡中的内容\n3.访问大致位置信息（使用网络进行定位）\n4.访问确切位置信息（使用 GPS 和网络进行定位）\n5.查看 Wi-Fi 连接\n6.拨打电话\n7.发送短信\n8.读取通话状态和移动网络信息\n9.读取联系人\n10.新建/修改/删除联系人\n11.连接 Wi-Fi 或断开连接\n12.读取短信/彩信\n13.读取日历\n14.新建/修改/删除日历\n15.接收短信\n16.读取存储卡中的内容",
    "app_listed_permission_description": "1.允许该应用创建网络套接字和使用自定义网络协议。浏览器和其他某些应用提供了向互联网发送数据的途径，因此应用无需该权限即可向互联网发送数据。\n2.允许应用修改或删除存储卡上的照片、媒体内容和文件。\n3.允许应用基于基站、 Wi-Fi 等网络源获取位置信息。\n4.允许应用基于GPS、基站、 Wi-Fi 等网络源获取位置信息。这可能会增加耗电量。\n5.允许该应用查看 Wi-Fi 网络的相关信息，例如是否开启 Wi-Fi 及已连接的 Wi-Fi 设备名称。\n6.允许应用自动拨打电话。\n7.允许应用自动发送短信。\n8.允许应用获取本机号码、通话状态以及拨打的号码。\n9.允许应用读取、保存、分享电话及邮件联系人的相关数据。\n10.允许应用新建、修改、删除电话及邮件联系人的相关数据。\n11.允许应用与 Wi-Fi 接入点建立和断开连接，并更改 Wi-Fi 网络的设备配置。\n12.允许应用读取本机或 SIM 卡上存储的短信。\n13.允许应用读取、保存、分享本机存储的您或他人发起的所有日历数据。\n14.允许应用新建、修改、删除或发起邀请他人的日历活动。\n15.允许应用接收或删除短信。\n16.允许应用读取存储卡上的照片、媒体内容和文件。",
    "app_category": [
        "出行导航"
    ],
    "app_subcategory": [
        "交通票务"
    ],
    "app_APK_url": "https://appgallery.cloud.huawei.com/appdl/C100392715",
    "app_APK_name": "C100392715-2.6.3.apk",
    "app_policy_name": "C100392715-2.6.3.txt",
    "policy_html_source_code": "<html><head><meta http-equiv=\"Content-Type\" content=\"text/html; charset=UTF-8\">\n\n\n</head>\n\n<body>\n<div style=\"padding:10px;color:#666;font-size:1rem;\">\n    <h3>引言</h3>\n    <br>\n    美亚航旅APP（以下简称“美亚航旅”）各项服务的所有权与运作权归广东美亚旅游科技集团股份有限公司所有，涉及具体的产品服务将由有资质的服务商提供。<br>\n    美亚航旅重视用户的隐私，隐私权是您重要的权利。您在使用美亚航旅的服务时，美亚航旅可能会收集和使用您的相关信息。美亚航旅希望通过本《隐私政策》向您说明，在使用美亚航旅的服务时，美亚航旅如何收集使用、储存和披露这些信息，以及美亚航旅为您提供的访问、更新、控制和保护信息的方式。本《隐私政策》与您所使用的美亚航旅服务息息相关，希望您务必审慎阅读、充分理解相关条款内容，在需要时，按照本《隐私政策》的指引，作出您认为适当的选择。本《隐私政策》中涉及的相关技术词汇，美亚航旅尽量以简明扼要的表述，以便您的理解。<br>\n    <br>\n    <h4>您使用或继续使用美亚航旅的服务，即意味着同意美亚航旅按照本《《隐私政策》》收集、使用、储存和披露您的相关信息。</h4>\n    <br>\n    美亚航旅尊重并保护所有使用服务用户的个人隐私权。为了给您提供更准确、更有个性化的服务，美亚航旅会按照本隐私权政策的规定使用和披露您的个人信息。但美亚航旅将以高度的勤勉、审慎义务对待这些信息。除本隐私权政策另有规定外，在未征得您事先许可的情况下，美亚航旅不会将这些信息对外披露或向第三方提供。美亚航旅会不时更新本隐私权政策。<br>\n    <br>\n    <h3>1. 适用范围</h3>\n    (a) 在您注册美亚航旅帐号时，您根据美亚航旅要求提供的个人注册信息；<br>\n    (b) 在您使用美亚航旅网络服务，或访问美亚航旅平台网页时，美亚航旅自动接收并记录的您的浏览器和设备上的信息，包括但不限于您的IP地址、浏览器的类型、使用的语言、访问日期和时间、软硬件特征信息及您需求的网页记录等数据；<br>\n    (c) 美亚航旅通过合法途径从商业伙伴处取得的用户个人数据。<br>\n    <br>\n    <h4>您了解并同意，以下信息不适用本隐私权政策：</h4>\n    (a) 您在使用美亚航旅平台提供的搜索服务时输入的关键字信息；<br>\n    (b) 美亚航旅收集到的您在美亚航旅发布的有关信息数据，包括但不限于参与活动、成交信息及评价详情；<br>\n    (c) 违反法律规定或违反美亚航旅规则行为及美亚航旅已对您采取的措施。<br>\n    <br>\n    <h3>2. 信息使用</h3>\n    (a)除以下情形外，未经您同意美亚航旅以及美亚航旅的关联公司不会与任何第三方披露您的个人信息。美亚航旅以及美亚航旅的关联公司，可能将您的个人信息与美亚航旅的关联公司、合作伙伴及第三方服务供应商、承包商及代理（例如代表美亚航旅发出电子邮件、短信和推送通知的通讯服务提供商、为美亚航旅提供位置数据的地图服务供应商）披露（他们可能并非位于您所在的法域），用作下列用途：①向您提供美亚航旅的服务；②实现本《隐私政策》所述目的；③履行美亚航旅在《航旅客户合作协议》或本《隐私政策》中的义务和行使美亚航旅的权利。④理解、维护和改善美亚航旅的服务。如果美亚航旅或美亚航旅的关联公司与任何上述第三方披露您的个人信息，美亚航旅将努力确保该等第三方在使用您的个人信息时，遵守本《隐私政策》及美亚航旅要求其遵守的其他适当的保密和安全措施。<br>\n    (b) 美亚航旅不会向任何无关第三方提供、出售、出租、披露或交易您的个人信息，除非事先得到您的许可，或该第三方和美亚航旅（含美亚航旅关联公司）单独或共同为您提供服务，且在该服务结束后，其将被禁止访问包括其以前能够访问的所有这些资料。<br>\n    (c) 美亚航旅亦不允许任何第三方以任何手段收集、编辑、出售或者无偿传播您的个人信息。任何美亚航旅平台用户如从事上述活动，一经发现，美亚航旅有权立即终止与该用户的服务协议。<br>\n    <span style=\"display: none;\">(d) 为服务用户的目的，美亚航旅可能通过使用您的个人信息，向您推送相关信息，包括但不限于向您发出产品和服务信息，或者与美亚航旅合作伙伴共享信息以便他们向您发送有关其产品和服务的信息（您可通过\"个人中心-设置\"路径进行推送的开关设置）。<br></span>\n    <br>\n    <h3>3. 信息披露</h3>\n    在如下情况下，美亚航旅将依据您的个人意愿或法律的规定全部或部分的披露您的个人信息：<br>\n    (a) 经您事先同意，向第三方披露；<br>\n    (b)为提供您所要求的产品和服务，而必须和第三方披露您的个人信息；<br>\n    (c) 根据法律的有关规定，或者行政或司法机构的要求，向第三方或者行政、司法机构披露；<br>\n    (d) 如您出现违反中国有关法律、法规或者美亚航旅服务协议或相关规则的情况，需要向第三方披露；<br>\n    (e) 如您是适格的知识产权投诉人并已提起投诉，应被投诉人要求，向被投诉人披露，以便双方处理可能的权利纠纷；<br>\n    (f) 在美亚航旅平台上创建的某一交易中，如交易任何一方履行或部分履行了交易义务并提出信息披露请求的，美亚航旅有权决定向该用户提供其交易对方的联络方式等必要信息，以促成交易的完成或纠纷的解决。<br>\n    (g) 其它美亚航旅根据法律、法规或者网站政策认为合适的披露。<br>\n    <br>\n    <h3>4. 信息存储和交换</h3>\n    美亚航旅收集的有关您的信息和资料将保存在美亚航旅及（或）其关联公司的服务器上，这些信息和资料可能传送至您所在国家、地区或美亚航旅收集信息和资料所在地的境外并在境外被访问、存储和展示。<br>\n    美亚航旅接入的第三方SDK信息包括：<br>\n    SDK名称：极光推送<br>\n    使用目的：用于实现消息推送（或其他推送）功能<br>\n    收集数据类型：设备标识符（IMEI、IDFA、Android ID、MAC、OAID等相关信息）、应用信息（应用崩溃信息、通知开关状态、软件列表等相关信息）、设备参数及系统信息（设备类型、设备型号、操作系统及硬件相关信息）。网络信息（IP地址，WiFi信息，基站信息等相关信息）<br>\n    官网链接：https://www.jiguang.cn/license/privacy<br>\n    SDK名称：华为推送<br>\n    使用目的：用于在华为设备上实现消息推送（或其他推送）功能<br>\n    收集数据类型：设备标识信息、网络状态信息、已安装软件列表<br>\n    官网链接：https://developer.huawei.com/consumer/cn/doc/development/HMSCore-Guides-V5/privacy-statement-0000001050042021 <br>\n    SDK名称：新浪微博开放平台<br>\n   使用目的：登录即分享内容到新浪微博<br>\n   收集数据类型：设备标识信息、网络状态信息<br>\n   官网链接：https://m.weibo.cn/c/privacy<br>\n   SDK名称：支付宝<br>\n   使用目的：使用支付宝支付<br>\n   收集数据类型：设备标识信息、网络状态信息<br>\n   官网链接：https://opendocs.alipay.com/open/54<br>\n   SDK名称：微信开放平台<br>功能：登录即分享内容到微信，提供微信支付功能<br>\n   收集数据类型：设备标识信息、网络状态信息<br>\n   官网链接：https://weixin.qq.com/cgi-bin/readtemplate?lang=zh_CN&amp;t=weixin_agreement&amp;s=privacy<br>\n   SDK名称：腾讯QQ<br>\n   功能：登录即分享内容到QQ<br>\n   收集数据类型：设备标识信息、网络状态信息<br>\n   官网链接：https://privacy.qq.com/<br>\n    <br>\n    <h3>5. Cookie的使用</h3>\n    (a) 在您未拒绝接受cookies的情况下，美亚航旅会在您的设备上设定或取用cookies ，以便您能登录或使用依赖于cookies的美亚航旅平台服务或功能。美亚航旅使用cookies可为您提供更加周到的个性化服务，包括推广服务。<br>\n    (b) 您有权选择接受或拒绝接受cookies。您可以通过修改浏览器设置的方式拒绝接受cookies。但如果您选择拒绝接受cookies，则您可能无法登录或使用依赖于cookies的美亚航旅网络服务或功能。<br>\n    (c) 通过美亚航旅所设cookies所取得的有关信息，将适用本政策。<br>\n    <br>\n    <h3>6. 信息安全</h3>\n    (a) 美亚航旅帐号均有安全保护功能，请妥善保管您的用户名及密码信息。美亚航旅将通过对用户密码进行加密等安全措施确保您的信息不丢失，不被滥用和变造。尽管有前述安全措施，但同时也请您注意在信息网络上不存在“完善的安全措施”。<br>\n    (b) 在使用美亚航旅网络服务进行网上交易时，您不可避免的要向交易对方或潜在的交易对象提供。<br>\n    (C) 账号的注销，美亚在接收到您的账号注销申请，表示您将放弃以下权益：<br>\n    &nbsp; &nbsp; &nbsp;历史订单将无法查询<br>\n    &nbsp; &nbsp; &nbsp;账号将会无法登录<br>\n    &nbsp; &nbsp; &nbsp;不再收到美亚的系统推送通知<br>\n    &nbsp; &nbsp; &nbsp;放弃所有积分及优惠券权益<br>\n    &nbsp; &nbsp; &nbsp;账号如有余额不能直接提现，需通过美亚客服申请线下退款<br>\n    &nbsp; &nbsp; &nbsp;注销账号，美亚航旅APP和美亚航旅网账号将同步注销。<br>\n    <br>\n    请确保所有订单已完结并且无纠纷，账号注销后，历史订单产生的积分、优惠券等权益视为自动放弃。<br>\n    注销路径:您可通过\"个人中心-头像-账户注销\"路径注销您的账号。<br>\n    <br>\n    <h3>7.本《隐私政策》的更改</h3>\n    (a)如果决定更改《隐私政策》，美亚航旅会在本政策中以及美亚航旅认为适当的位置发布这些更改，以便您了解美亚航旅如何收集、使用您的个人信息，哪些人可以访问这些信息，以及在什么情况下美亚航旅会透露这些信息。<br>\n    (b)美亚保留随时修改本政策的权利，因此请经常查看。如对本政策作出重大更改，美亚会通过网站通知的形式告知。<br>\n    为防止向第三方披露自己的个人信息，如联络方式或者邮政地址。请您妥善保护自己的个人信息，仅在必要的情形下向他人提供。如您发现自己的个人信息泄密，尤其是美亚航旅用户名及密码发生泄露，请您立即联络美亚航旅客服，以便美亚航旅采取相应措施。<br>\n    <br>\n    <h4>*本《隐私政策》最终解释权归广东美亚旅游科技集团股份有限公司所有</h4>\n\n</div>\n\n\n</body></html>",
    "policy_text": "引言\n美亚航旅APP（以下简称“美亚航旅”）各项服务的所有权与运作权归广东美亚旅游科技集团股份有限公司所有，涉及具体的产品服务将由有资质的服务商提供。\n美亚航旅重视用户的隐私，隐私权是您重要的权利。您在使用美亚航旅的服务时，美亚航旅可能会收集和使用您的相关信息。美亚航旅希望通过本《隐私政策》向您说明，在使用美亚航旅的服务时，美亚航旅如何收集使用、储存和披露这些信息，以及美亚航旅为您提供的访问、更新、控制和保护信息的方式。本《隐私政策》与您所使用的美亚航旅服务息息相关，希望您务必审慎阅读、充分理解相关条款内容，在需要时，按照本《隐私政策》的指引，作出您认为适当的选择。本《隐私政策》中涉及的相关技术词汇，美亚航旅尽量以简明扼要的表述，以便您的理解。\n您使用或继续使用美亚航旅的服务，即意味着同意美亚航旅按照本《《隐私政策》》收集、使用、储存和披露您的相关信息。\n美亚航旅尊重并保护所有使用服务用户的个人隐私权。为了给您提供更准确、更有个性化的服务，美亚航旅会按照本隐私权政策的规定使用和披露您的个人信息。但美亚航旅将以高度的勤勉、审慎义务对待这些信息。除本隐私权政策另有规定外，在未征得您事先许可的情况下，美亚航旅不会将这些信息对外披露或向第三方提供。美亚航旅会不时更新本隐私权政策。\n1. 适用范围\n(a) 在您注册美亚航旅帐号时，您根据美亚航旅要求提供的个人注册信息；\n(b) 在您使用美亚航旅网络服务，或访问美亚航旅平台网页时，美亚航旅自动接收并记录的您的浏览器和设备上的信息，包括但不限于您的IP地址、浏览器的类型、使用的语言、访问日期和时间、软硬件特征信息及您需求的网页记录等数据；\n(c) 美亚航旅通过合法途径从商业伙伴处取得的用户个人数据。\n您了解并同意，以下信息不适用本隐私权政策：\n(a) 您在使用美亚航旅平台提供的搜索服务时输入的关键字信息；\n(b) 美亚航旅收集到的您在美亚航旅发布的有关信息数据，包括但不限于参与活动、成交信息及评价详情；\n(c) 违反法律规定或违反美亚航旅规则行为及美亚航旅已对您采取的措施。\n2. 信息使用\n(a)除以下情形外，未经您同意美亚航旅以及美亚航旅的关联公司不会与任何第三方披露您的个人信息。美亚航旅以及美亚航旅的关联公司，可能将您的个人信息与美亚航旅的关联公司、合作伙伴及第三方服务供应商、承包商及代理（例如代表美亚航旅发出电子邮件、短信和推送通知的通讯服务提供商、为美亚航旅提供位置数据的地图服务供应商）披露（他们可能并非位于您所在的法域），用作下列用途：①向您提供美亚航旅的服务；②实现本《隐私政策》所述目的；③履行美亚航旅在《航旅客户合作协议》或本《隐私政策》中的义务和行使美亚航旅的权利。④理解、维护和改善美亚航旅的服务。如果美亚航旅或美亚航旅的关联公司与任何上述第三方披露您的个人信息，美亚航旅将努力确保该等第三方在使用您的个人信息时，遵守本《隐私政策》及美亚航旅要求其遵守的其他适当的保密和安全措施。\n(b) 美亚航旅不会向任何无关第三方提供、出售、出租、披露或交易您的个人信息，除非事先得到您的许可，或该第三方和美亚航旅（含美亚航旅关联公司）单独或共同为您提供服务，且在该服务结束后，其将被禁止访问包括其以前能够访问的所有这些资料。\n(c) 美亚航旅亦不允许任何第三方以任何手段收集、编辑、出售或者无偿传播您的个人信息。任何美亚航旅平台用户如从事上述活动，一经发现，美亚航旅有权立即终止与该用户的服务协议。\n(d) 为服务用户的目的，美亚航旅可能通过使用您的个人信息，向您推送相关信息，包括但不限于向您发出产品和服务信息，或者与美亚航旅合作伙伴共享信息以便他们向您发送有关其产品和服务的信息（您可通过\"个人中心-设置\"路径进行推送的开关设置）。\n3. 信息披露\n在如下情况下，美亚航旅将依据您的个人意愿或法律的规定全部或部分的披露您的个人信息：\n(a) 经您事先同意，向第三方披露；\n(b)为提供您所要求的产品和服务，而必须和第三方披露您的个人信息；\n(c) 根据法律的有关规定，或者行政或司法机构的要求，向第三方或者行政、司法机构披露；\n(d) 如您出现违反中国有关法律、法规或者美亚航旅服务协议或相关规则的情况，需要向第三方披露；\n(e) 如您是适格的知识产权投诉人并已提起投诉，应被投诉人要求，向被投诉人披露，以便双方处理可能的权利纠纷；\n(f) 在美亚航旅平台上创建的某一交易中，如交易任何一方履行或部分履行了交易义务并提出信息披露请求的，美亚航旅有权决定向该用户提供其交易对方的联络方式等必要信息，以促成交易的完成或纠纷的解决。\n(g) 其它美亚航旅根据法律、法规或者网站政策认为合适的披露。\n4. 信息存储和交换\n美亚航旅收集的有关您的信息和资料将保存在美亚航旅及（或）其关联公司的服务器上，这些信息和资料可能传送至您所在国家、地区或美亚航旅收集信息和资料所在地的境外并在境外被访问、存储和展示。\n美亚航旅接入的第三方SDK信息包括：\nSDK名称：极光推送\n使用目的：用于实现消息推送（或其他推送）功能\n收集数据类型：设备标识符（IMEI、IDFA、Android ID、MAC、OAID等相关信息）、应用信息（应用崩溃信息、通知开关状态、软件列表等相关信息）、设备参数及系统信息（设备类型、设备型号、操作系统及硬件相关信息）。网络信息（IP地址，WiFi信息，基站信息等相关信息）\n官网链接：https://www.jiguang.cn/license/privacy\nSDK名称：华为推送\n使用目的：用于在华为设备上实现消息推送（或其他推送）功能\n收集数据类型：设备标识信息、网络状态信息、已安装软件列表\n官网链接：https://developer.huawei.com/consumer/cn/doc/development/HMSCore-Guides-V5/privacy-statement-0000001050042021\nSDK名称：新浪微博开放平台\n使用目的：登录即分享内容到新浪微博\n收集数据类型：设备标识信息、网络状态信息\n官网链接：https://m.weibo.cn/c/privacy\nSDK名称：支付宝\n使用目的：使用支付宝支付\n收集数据类型：设备标识信息、网络状态信息\n官网链接：https://opendocs.alipay.com/open/54\nSDK名称：微信开放平台\n功能：登录即分享内容到微信，提供微信支付功能\n收集数据类型：设备标识信息、网络状态信息\n官网链接：https://weixin.qq.com/cgi-bin/readtemplate?lang=zh_CN&t=weixin_agreement&s=privacy\nSDK名称：腾讯QQ\n功能：登录即分享内容到QQ\n收集数据类型：设备标识信息、网络状态信息\n官网链接：https://privacy.qq.com/\n5. Cookie的使用\n(a) 在您未拒绝接受cookies的情况下，美亚航旅会在您的设备上设定或取用cookies ，以便您能登录或使用依赖于cookies的美亚航旅平台服务或功能。美亚航旅使用cookies可为您提供更加周到的个性化服务，包括推广服务。\n(b) 您有权选择接受或拒绝接受cookies。您可以通过修改浏览器设置的方式拒绝接受cookies。但如果您选择拒绝接受cookies，则您可能无法登录或使用依赖于cookies的美亚航旅网络服务或功能。\n(c) 通过美亚航旅所设cookies所取得的有关信息，将适用本政策。\n6. 信息安全\n(a) 美亚航旅帐号均有安全保护功能，请妥善保管您的用户名及密码信息。美亚航旅将通过对用户密码进行加密等安全措施确保您的信息不丢失，不被滥用和变造。尽管有前述安全措施，但同时也请您注意在信息网络上不存在“完善的安全措施”。\n(b) 在使用美亚航旅网络服务进行网上交易时，您不可避免的要向交易对方或潜在的交易对象提供。\n(C) 账号的注销，美亚在接收到您的账号注销申请，表示您将放弃以下权益：\n历史订单将无法查询\n账号将会无法登录\n不再收到美亚的系统推送通知\n放弃所有积分及优惠券权益\n账号如有余额不能直接提现，需通过美亚客服申请线下退款\n注销账号，美亚航旅APP和美亚航旅网账号将同步注销。\n请确保所有订单已完结并且无纠纷，账号注销后，历史订单产生的积分、优惠券等权益视为自动放弃。\n注销路径:您可通过\"个人中心-头像-账户注销\"路径注销您的账号。\n7.本《隐私政策》的更改\n(a)如果决定更改《隐私政策》，美亚航旅会在本政策中以及美亚航旅认为适当的位置发布这些更改，以便您了解美亚航旅如何收集、使用您的个人信息，哪些人可以访问这些信息，以及在什么情况下美亚航旅会透露这些信息。\n(b)美亚保留随时修改本政策的权利，因此请经常查看。如对本政策作出重大更改，美亚会通过网站通知的形式告知。\n为防止向第三方披露自己的个人信息，如联络方式或者邮政地址。请您妥善保护自己的个人信息，仅在必要的情形下向他人提供。如您发现自己的个人信息泄密，尤其是美亚航旅用户名及密码发生泄露，请您立即联络美亚航旅客服，以便美亚航旅采取相应措施。\n*本《隐私政策》最终解释权归广东美亚旅游科技集团股份有限公司所有",
    "policy_html_source_code_clean": "\n<div>\n<h3>引言</h3>\n<br/>\n    美亚航旅APP（以下简称“美亚航旅”）各项服务的所有权与运作权归广东美亚旅游科技集团股份有限公司所有，涉及具体的产品服务将由有资质的服务商提供。<br/>\n    美亚航旅重视用户的隐私，隐私权是您重要的权利。您在使用美亚航旅的服务时，美亚航旅可能会收集和使用您的相关信息。美亚航旅希望通过本《隐私政策》向您说明，在使用美亚航旅的服务时，美亚航旅如何收集使用、储存和披露这些信息，以及美亚航旅为您提供的访问、更新、控制和保护信息的方式。本《隐私政策》与您所使用的美亚航旅服务息息相关，希望您务必审慎阅读、充分理解相关条款内容，在需要时，按照本《隐私政策》的指引，作出您认为适当的选择。本《隐私政策》中涉及的相关技术词汇，美亚航旅尽量以简明扼要的表述，以便您的理解。<br/>\n<br/>\n<h4>您使用或继续使用美亚航旅的服务，即意味着同意美亚航旅按照本《《隐私政策》》收集、使用、储存和披露您的相关信息。</h4>\n<br/>\n    美亚航旅尊重并保护所有使用服务用户的个人隐私权。为了给您提供更准确、更有个性化的服务，美亚航旅会按照本隐私权政策的规定使用和披露您的个人信息。但美亚航旅将以高度的勤勉、审慎义务对待这些信息。除本隐私权政策另有规定外，在未征得您事先许可的情况下，美亚航旅不会将这些信息对外披露或向第三方提供。美亚航旅会不时更新本隐私权政策。<br/>\n<br/>\n<h3>1. 适用范围</h3>\n    (a) 在您注册美亚航旅帐号时，您根据美亚航旅要求提供的个人注册信息；<br/>\n    (b) 在您使用美亚航旅网络服务，或访问美亚航旅平台网页时，美亚航旅自动接收并记录的您的浏览器和设备上的信息，包括但不限于您的IP地址、浏览器的类型、使用的语言、访问日期和时间、软硬件特征信息及您需求的网页记录等数据；<br/>\n    (c) 美亚航旅通过合法途径从商业伙伴处取得的用户个人数据。<br/>\n<br/>\n<h4>您了解并同意，以下信息不适用本隐私权政策：</h4>\n    (a) 您在使用美亚航旅平台提供的搜索服务时输入的关键字信息；<br/>\n    (b) 美亚航旅收集到的您在美亚航旅发布的有关信息数据，包括但不限于参与活动、成交信息及评价详情；<br/>\n    (c) 违反法律规定或违反美亚航旅规则行为及美亚航旅已对您采取的措施。<br/>\n<br/>\n<h3>2. 信息使用</h3>\n    (a)除以下情形外，未经您同意美亚航旅以及美亚航旅的关联公司不会与任何第三方披露您的个人信息。美亚航旅以及美亚航旅的关联公司，可能将您的个人信息与美亚航旅的关联公司、合作伙伴及第三方服务供应商、承包商及代理（例如代表美亚航旅发出电子邮件、短信和推送通知的通讯服务提供商、为美亚航旅提供位置数据的地图服务供应商）披露（他们可能并非位于您所在的法域），用作下列用途：①向您提供美亚航旅的服务；②实现本《隐私政策》所述目的；③履行美亚航旅在《航旅客户合作协议》或本《隐私政策》中的义务和行使美亚航旅的权利。④理解、维护和改善美亚航旅的服务。如果美亚航旅或美亚航旅的关联公司与任何上述第三方披露您的个人信息，美亚航旅将努力确保该等第三方在使用您的个人信息时，遵守本《隐私政策》及美亚航旅要求其遵守的其他适当的保密和安全措施。<br/>\n    (b) 美亚航旅不会向任何无关第三方提供、出售、出租、披露或交易您的个人信息，除非事先得到您的许可，或该第三方和美亚航旅（含美亚航旅关联公司）单独或共同为您提供服务，且在该服务结束后，其将被禁止访问包括其以前能够访问的所有这些资料。<br/>\n    (c) 美亚航旅亦不允许任何第三方以任何手段收集、编辑、出售或者无偿传播您的个人信息。任何美亚航旅平台用户如从事上述活动，一经发现，美亚航旅有权立即终止与该用户的服务协议。<br/>\n\n<br/>\n<h3>3. 信息披露</h3>\n    在如下情况下，美亚航旅将依据您的个人意愿或法律的规定全部或部分的披露您的个人信息：<br/>\n    (a) 经您事先同意，向第三方披露；<br/>\n    (b)为提供您所要求的产品和服务，而必须和第三方披露您的个人信息；<br/>\n    (c) 根据法律的有关规定，或者行政或司法机构的要求，向第三方或者行政、司法机构披露；<br/>\n    (d) 如您出现违反中国有关法律、法规或者美亚航旅服务协议或相关规则的情况，需要向第三方披露；<br/>\n    (e) 如您是适格的知识产权投诉人并已提起投诉，应被投诉人要求，向被投诉人披露，以便双方处理可能的权利纠纷；<br/>\n    (f) 在美亚航旅平台上创建的某一交易中，如交易任何一方履行或部分履行了交易义务并提出信息披露请求的，美亚航旅有权决定向该用户提供其交易对方的联络方式等必要信息，以促成交易的完成或纠纷的解决。<br/>\n    (g) 其它美亚航旅根据法律、法规或者网站政策认为合适的披露。<br/>\n<br/>\n<h3>4. 信息存储和交换</h3>\n    美亚航旅收集的有关您的信息和资料将保存在美亚航旅及（或）其关联公司的服务器上，这些信息和资料可能传送至您所在国家、地区或美亚航旅收集信息和资料所在地的境外并在境外被访问、存储和展示。<br/>\n    美亚航旅接入的第三方SDK信息包括：<br/>\n    SDK名称：极光推送<br/>\n    使用目的：用于实现消息推送（或其他推送）功能<br/>\n    收集数据类型：设备标识符（IMEI、IDFA、Android ID、MAC、OAID等相关信息）、应用信息（应用崩溃信息、通知开关状态、软件列表等相关信息）、设备参数及系统信息（设备类型、设备型号、操作系统及硬件相关信息）。网络信息（IP地址，WiFi信息，基站信息等相关信息）<br/>\n    官网链接：https://www.jiguang.cn/license/privacy<br/>\n    SDK名称：华为推送<br/>\n    使用目的：用于在华为设备上实现消息推送（或其他推送）功能<br/>\n    收集数据类型：设备标识信息、网络状态信息、已安装软件列表<br/>\n    官网链接：https://developer.huawei.com/consumer/cn/doc/development/HMSCore-Guides-V5/privacy-statement-0000001050042021 <br/>\n    SDK名称：新浪微博开放平台<br/>\n   使用目的：登录即分享内容到新浪微博<br/>\n   收集数据类型：设备标识信息、网络状态信息<br/>\n   官网链接：https://m.weibo.cn/c/privacy<br/>\n   SDK名称：支付宝<br/>\n   使用目的：使用支付宝支付<br/>\n   收集数据类型：设备标识信息、网络状态信息<br/>\n   官网链接：https://opendocs.alipay.com/open/54<br/>\n   SDK名称：微信开放平台<br/>功能：登录即分享内容到微信，提供微信支付功能<br/>\n   收集数据类型：设备标识信息、网络状态信息<br/>\n   官网链接：https://weixin.qq.com/cgi-bin/readtemplate?lang=zh_CN&amp;t=weixin_agreement&amp;s=privacy<br/>\n   SDK名称：腾讯QQ<br/>\n   功能：登录即分享内容到QQ<br/>\n   收集数据类型：设备标识信息、网络状态信息<br/>\n   官网链接：https://privacy.qq.com/<br/>\n<br/>\n<h3>5. Cookie的使用</h3>\n    (a) 在您未拒绝接受cookies的情况下，美亚航旅会在您的设备上设定或取用cookies ，以便您能登录或使用依赖于cookies的美亚航旅平台服务或功能。美亚航旅使用cookies可为您提供更加周到的个性化服务，包括推广服务。<br/>\n    (b) 您有权选择接受或拒绝接受cookies。您可以通过修改浏览器设置的方式拒绝接受cookies。但如果您选择拒绝接受cookies，则您可能无法登录或使用依赖于cookies的美亚航旅网络服务或功能。<br/>\n    (c) 通过美亚航旅所设cookies所取得的有关信息，将适用本政策。<br/>\n<br/>\n<h3>6. 信息安全</h3>\n    (a) 美亚航旅帐号均有安全保护功能，请妥善保管您的用户名及密码信息。美亚航旅将通过对用户密码进行加密等安全措施确保您的信息不丢失，不被滥用和变造。尽管有前述安全措施，但同时也请您注意在信息网络上不存在“完善的安全措施”。<br/>\n    (b) 在使用美亚航旅网络服务进行网上交易时，您不可避免的要向交易对方或潜在的交易对象提供。<br/>\n    (C) 账号的注销，美亚在接收到您的账号注销申请，表示您将放弃以下权益：<br/>\n         历史订单将无法查询<br/>\n         账号将会无法登录<br/>\n         不再收到美亚的系统推送通知<br/>\n         放弃所有积分及优惠券权益<br/>\n         账号如有余额不能直接提现，需通过美亚客服申请线下退款<br/>\n         注销账号，美亚航旅APP和美亚航旅网账号将同步注销。<br/>\n<br/>\n    请确保所有订单已完结并且无纠纷，账号注销后，历史订单产生的积分、优惠券等权益视为自动放弃。<br/>\n    注销路径:您可通过&quot;个人中心-头像-账户注销&quot;路径注销您的账号。<br/>\n<br/>\n<h3>7.本《隐私政策》的更改</h3>\n    (a)如果决定更改《隐私政策》，美亚航旅会在本政策中以及美亚航旅认为适当的位置发布这些更改，以便您了解美亚航旅如何收集、使用您的个人信息，哪些人可以访问这些信息，以及在什么情况下美亚航旅会透露这些信息。<br/>\n    (b)美亚保留随时修改本政策的权利，因此请经常查看。如对本政策作出重大更改，美亚会通过网站通知的形式告知。<br/>\n    为防止向第三方披露自己的个人信息，如联络方式或者邮政地址。请您妥善保护自己的个人信息，仅在必要的情形下向他人提供。如您发现自己的个人信息泄密，尤其是美亚航旅用户名及密码发生泄露，请您立即联络美亚航旅客服，以便美亚航旅采取相应措施。<br/>\n<br/>\n<h4>*本《隐私政策》最终解释权归广东美亚旅游科技集团股份有限公司所有</h4>\n</div>",
    "policy_text_clean": "引言\n美亚航旅APP（以下简称“美亚航旅”）各项服务的所有权与运作权归广东美亚旅游科技集团股份有限公司所有，涉及具体的产品服务将由有资质的服务商提供。\n美亚航旅重视用户的隐私，隐私权是您重要的权利。您在使用美亚航旅的服务时，美亚航旅可能会收集和使用您的相关信息。美亚航旅希望通过本《隐私政策》向您说明，在使用美亚航旅的服务时，美亚航旅如何收集使用、储存和披露这些信息，以及美亚航旅为您提供的访问、更新、控制和保护信息的方式。本《隐私政策》与您所使用的美亚航旅服务息息相关，希望您务必审慎阅读、充分理解相关条款内容，在需要时，按照本《隐私政策》的指引，作出您认为适当的选择。本《隐私政策》中涉及的相关技术词汇，美亚航旅尽量以简明扼要的表述，以便您的理解。\n您使用或继续使用美亚航旅的服务，即意味着同意美亚航旅按照本《《隐私政策》》收集、使用、储存和披露您的相关信息。\n美亚航旅尊重并保护所有使用服务用户的个人隐私权。为了给您提供更准确、更有个性化的服务，美亚航旅会按照本隐私权政策的规定使用和披露您的个人信息。但美亚航旅将以高度的勤勉、审慎义务对待这些信息。除本隐私权政策另有规定外，在未征得您事先许可的情况下，美亚航旅不会将这些信息对外披露或向第三方提供。美亚航旅会不时更新本隐私权政策。\n1. 适用范围\n(a) 在您注册美亚航旅帐号时，您根据美亚航旅要求提供的个人注册信息；\n(b) 在您使用美亚航旅网络服务，或访问美亚航旅平台网页时，美亚航旅自动接收并记录的您的浏览器和设备上的信息，包括但不限于您的IP地址、浏览器的类型、使用的语言、访问日期和时间、软硬件特征信息及您需求的网页记录等数据；\n(c) 美亚航旅通过合法途径从商业伙伴处取得的用户个人数据。\n您了解并同意，以下信息不适用本隐私权政策：\n(a) 您在使用美亚航旅平台提供的搜索服务时输入的关键字信息；\n(b) 美亚航旅收集到的您在美亚航旅发布的有关信息数据，包括但不限于参与活动、成交信息及评价详情；\n(c) 违反法律规定或违反美亚航旅规则行为及美亚航旅已对您采取的措施。\n2. 信息使用\n(a)除以下情形外，未经您同意美亚航旅以及美亚航旅的关联公司不会与任何第三方披露您的个人信息。美亚航旅以及美亚航旅的关联公司，可能将您的个人信息与美亚航旅的关联公司、合作伙伴及第三方服务供应商、承包商及代理（例如代表美亚航旅发出电子邮件、短信和推送通知的通讯服务提供商、为美亚航旅提供位置数据的地图服务供应商）披露（他们可能并非位于您所在的法域），用作下列用途：①向您提供美亚航旅的服务；②实现本《隐私政策》所述目的；③履行美亚航旅在《航旅客户合作协议》或本《隐私政策》中的义务和行使美亚航旅的权利。④理解、维护和改善美亚航旅的服务。如果美亚航旅或美亚航旅的关联公司与任何上述第三方披露您的个人信息，美亚航旅将努力确保该等第三方在使用您的个人信息时，遵守本《隐私政策》及美亚航旅要求其遵守的其他适当的保密和安全措施。\n(b) 美亚航旅不会向任何无关第三方提供、出售、出租、披露或交易您的个人信息，除非事先得到您的许可，或该第三方和美亚航旅（含美亚航旅关联公司）单独或共同为您提供服务，且在该服务结束后，其将被禁止访问包括其以前能够访问的所有这些资料。\n(c) 美亚航旅亦不允许任何第三方以任何手段收集、编辑、出售或者无偿传播您的个人信息。任何美亚航旅平台用户如从事上述活动，一经发现，美亚航旅有权立即终止与该用户的服务协议。\n3. 信息披露\n在如下情况下，美亚航旅将依据您的个人意愿或法律的规定全部或部分的披露您的个人信息：\n(a) 经您事先同意，向第三方披露；\n(b)为提供您所要求的产品和服务，而必须和第三方披露您的个人信息；\n(c) 根据法律的有关规定，或者行政或司法机构的要求，向第三方或者行政、司法机构披露；\n(d) 如您出现违反中国有关法律、法规或者美亚航旅服务协议或相关规则的情况，需要向第三方披露；\n(e) 如您是适格的知识产权投诉人并已提起投诉，应被投诉人要求，向被投诉人披露，以便双方处理可能的权利纠纷；\n(f) 在美亚航旅平台上创建的某一交易中，如交易任何一方履行或部分履行了交易义务并提出信息披露请求的，美亚航旅有权决定向该用户提供其交易对方的联络方式等必要信息，以促成交易的完成或纠纷的解决。\n(g) 其它美亚航旅根据法律、法规或者网站政策认为合适的披露。\n4. 信息存储和交换\n美亚航旅收集的有关您的信息和资料将保存在美亚航旅及（或）其关联公司的服务器上，这些信息和资料可能传送至您所在国家、地区或美亚航旅收集信息和资料所在地的境外并在境外被访问、存储和展示。\n美亚航旅接入的第三方SDK信息包括：\nSDK名称：极光推送\n使用目的：用于实现消息推送（或其他推送）功能\n收集数据类型：设备标识符（IMEI、IDFA、Android ID、MAC、OAID等相关信息）、应用信息（应用崩溃信息、通知开关状态、软件列表等相关信息）、设备参数及系统信息（设备类型、设备型号、操作系统及硬件相关信息）。网络信息（IP地址，WiFi信息，基站信息等相关信息）\n官网链接：https://www.jiguang.cn/license/privacy\nSDK名称：华为推送\n使用目的：用于在华为设备上实现消息推送（或其他推送）功能\n收集数据类型：设备标识信息、网络状态信息、已安装软件列表\n官网链接：https://developer.huawei.com/consumer/cn/doc/development/HMSCore-Guides-V5/privacy-statement-0000001050042021\nSDK名称：新浪微博开放平台\n使用目的：登录即分享内容到新浪微博\n收集数据类型：设备标识信息、网络状态信息\n官网链接：https://m.weibo.cn/c/privacy\nSDK名称：支付宝\n使用目的：使用支付宝支付\n收集数据类型：设备标识信息、网络状态信息\n官网链接：https://opendocs.alipay.com/open/54\nSDK名称：微信开放平台\n功能：登录即分享内容到微信，提供微信支付功能\n收集数据类型：设备标识信息、网络状态信息\n官网链接：https://weixin.qq.com/cgi-bin/readtemplate?lang=zh_CN&t=weixin_agreement&s=privacy\nSDK名称：腾讯QQ\n功能：登录即分享内容到QQ\n收集数据类型：设备标识信息、网络状态信息\n官网链接：https://privacy.qq.com/\n5. Cookie的使用\n(a) 在您未拒绝接受cookies的情况下，美亚航旅会在您的设备上设定或取用cookies ，以便您能登录或使用依赖于cookies的美亚航旅平台服务或功能。美亚航旅使用cookies可为您提供更加周到的个性化服务，包括推广服务。\n(b) 您有权选择接受或拒绝接受cookies。您可以通过修改浏览器设置的方式拒绝接受cookies。但如果您选择拒绝接受cookies，则您可能无法登录或使用依赖于cookies的美亚航旅网络服务或功能。\n(c) 通过美亚航旅所设cookies所取得的有关信息，将适用本政策。\n6. 信息安全\n(a) 美亚航旅帐号均有安全保护功能，请妥善保管您的用户名及密码信息。美亚航旅将通过对用户密码进行加密等安全措施确保您的信息不丢失，不被滥用和变造。尽管有前述安全措施，但同时也请您注意在信息网络上不存在“完善的安全措施”。\n(b) 在使用美亚航旅网络服务进行网上交易时，您不可避免的要向交易对方或潜在的交易对象提供。\n(C) 账号的注销，美亚在接收到您的账号注销申请，表示您将放弃以下权益：\n历史订单将无法查询\n账号将会无法登录\n不再收到美亚的系统推送通知\n放弃所有积分及优惠券权益\n账号如有余额不能直接提现，需通过美亚客服申请线下退款\n注销账号，美亚航旅APP和美亚航旅网账号将同步注销。\n请确保所有订单已完结并且无纠纷，账号注销后，历史订单产生的积分、优惠券等权益视为自动放弃。\n注销路径:您可通过\"个人中心-头像-账户注销\"路径注销您的账号。\n7.本《隐私政策》的更改\n(a)如果决定更改《隐私政策》，美亚航旅会在本政策中以及美亚航旅认为适当的位置发布这些更改，以便您了解美亚航旅如何收集、使用您的个人信息，哪些人可以访问这些信息，以及在什么情况下美亚航旅会透露这些信息。\n(b)美亚保留随时修改本政策的权利，因此请经常查看。如对本政策作出重大更改，美亚会通过网站通知的形式告知。\n为防止向第三方披露自己的个人信息，如联络方式或者邮政地址。请您妥善保护自己的个人信息，仅在必要的情形下向他人提供。如您发现自己的个人信息泄密，尤其是美亚航旅用户名及密码发生泄露，请您立即联络美亚航旅客服，以便美亚航旅采取相应措施。\n*本《隐私政策》最终解释权归广东美亚旅游科技集团股份有限公司所有"
}