{
    "app_id": "C100618933",
    "app_name": "得间小说",
    "app_version": "4.9.0.4",
    "app_download_num_description": "2 亿次安装",
    "app_package_name": "com.chaozh.iReader.dj",
    "app_score": 4.6,
    "app_package_size": "45.9 MB",
    "app_package_size_precise": 48108513,
    "app_icon_url": "https://appimg.dbankcdn.com/application/icon144/1a75e12d17ff4209b65ad026766b2df4.png",
    "app_developer": "北京得间科技有限公司",
    "app_update_time": "2023-03-03",
    "app_update_description": "新增功能改进和性能优化，让你的使用体验更流畅。",
    "app_description": "得间小说！畅读不花钱！\n找不到想看的小说，就来下载得间！\n得间小说是一款主打正版、品质阅读的追书神器，书库就是全，海量书籍满足你不同的阅读需求，给你带来不一样的阅读体验！身边的小伙伴都在用，你还在等什么！\n【书库升级】持续每周上新，还想看什么？您说！\n【书库升级】持续每周上新，还想看什么？您说！\n【分类齐全】全类别热门图书随心看，都市、玄幻、古言、现情、仙侠、武侠、历史、游戏、科幻、二次元等，给你想要的一切！\n【金币系统】\n看小说还能赚零花钱？没错！签到福利、阅读福利、睡前福利…..前方福利高能，只要你来，我们就送不停！\n【品质阅读】\n背景、字体、排版持续优化，更舒适更护眼，只为带给你，更好的阅读体验！\n【语音朗读】\n细腻的人声朗读，提供多种音色供你选择，解放双眼，随时随地听小说！\n………………得间小说 • 随心阅读………………\n【影视原著】\n《斗罗大陆》唐家三少代表作！肖战、吴宣仪主演电视剧，重温原著，寻找最初的感动！\n《斗破苍穹》天蚕土豆高燃玄幻神作！这里是属于斗气的世界，没有花俏艳丽的魔法，有的，仅仅是繁衍的斗气！\n《雪中悍刀行》张若昀、李庚希、胡军领衔主演古装励志剧同名原著小说，烽火戏诸侯人气力作！试问天上仙人，谁敢来此人间？\n《庆余年》猫腻经典力作！张若昀、李沁倾情演绎，原著在手，追剧不愁！\n《元龙》同名火爆动漫原著！狙击手王胜穿越到元魂的世界，且看他如何鲤鱼跃龙门！\n《九州•斛珠夫人》：鲛珠散落满地，辉映着每个人的旋动命运。杨幂、陈伟霆主演同名影视剧，即将热映！\n【热门小说】\n《一切从退婚开始》开局五份婚书，天才少年顾辰入世寻妻，左手金针度世，右手长剑破敌，这世上没有我治不好的病，更没有我打不倒的敌人！\n《九龙归一诀》获混沌宝物，修九龙归一。斩日月星河，诛万古妖魔。陆沉一出风云动，诸天万界鬼神惊。醉卧鸾凤美人笑，三千大道渡众生。\n《超级弃婿》华夏第一家族少主，天下第一奇门传人楚尘，学成下山途中，意外封印了自己的双魂五魄，当了五年的傻子上门女婿。\n《我的七个姐姐绝色倾城》我有七个绝色倾城的姐姐，她们都是宠弟狂魔，却不知我早已成为了令世界颤抖的王！\n《神秘酷宝：爹地，大佬妈咪飒爆了》沦为养女，姐姐设计，未婚夫背叛，她借酒浇愁，他走错房间，三个神秘酷宝横空出世。\n《阮小姐的前夫又来求婚了》离婚前——阮星晚在周辞深眼里就是一个心思歹毒，为达目的不折手段的女人。离婚后——周辞深冷静道：“如果你反悔了，我可以考虑再给你一次机会。\n《权倾天下：王妃狠绝色》前世，她辜负了宠她如命的男人。一朝重生，她紧抱夫君大腿，大喊夫君我错了。\n《入骨宠婚：误惹天价老公》第四次见，他们的第一张合照，印在了结婚证上，素年相识，嫁娶未晚。她是安之素，他是叶澜成，这是她和他的故事。",
    "app_policy_url": "https://dj.palmestore.com/fe3/zybook/other/statement/privacy_v9.html",
    "app_listed_permission": "1.读取通话状态和移动网络信息\n2.完全的网络访问权限\n3.修改或删除存储卡中的内容\n4.更改网络连接性\n5.修改系统设置\n6.查看 Wi-Fi 连接\n7.连接 Wi-Fi 或断开连接\n8.相机\n9.读取存储卡中的内容\n10.显示在其他应用上面\n11.读取日历\n12.新建/修改/删除日历\n13.与蓝牙设备配对\n14.查找设备上的帐户\n15.安装快捷方式\n16.读取已安装应用软件列表\n17.访问大致位置信息（使用网络进行定位）\n18.访问确切位置信息（使用 GPS 和网络进行定位）",
    "app_listed_permission_description": "1.允许应用获取本机号码、通话状态以及拨打的号码。\n2.允许该应用创建网络套接字和使用自定义网络协议。浏览器和其他某些应用提供了向互联网发送数据的途径，因此应用无需该权限即可向互联网发送数据。\n3.允许应用修改或删除存储卡上的照片、媒体内容和文件。\n4.允许该应用更改网络连接的状态。\n5.修改设置应用中的设置项\n6.允许该应用查看 Wi-Fi 网络的相关信息，例如是否开启 Wi-Fi 及已连接的 Wi-Fi 设备名称。\n7.允许应用与 Wi-Fi 接入点建立和断开连接，并更改 Wi-Fi 网络的设备配置。\n8.允许应用拍摄照片和视频。\n9.允许应用读取存储卡上的照片、媒体内容和文件。\n10.显示弹框、全屏界面到其他应用上面\n11.允许应用读取、保存、分享本机存储的您或他人发起的所有日历数据。\n12.允许应用新建、修改、删除或发起邀请他人的日历活动。\n13.允许应用查看手机上的蓝牙配置，以及建立和接受与配对设备的连接。\n14.允许应用获取设备已安装应用的帐户列表。\n15.允许应用自行添加主屏幕快捷方式。\n16.允许应用读取设备上的已安装应用软件列表。\n17.允许应用基于基站、 Wi-Fi 等网络源获取位置信息。\n18.允许应用基于GPS、基站、 Wi-Fi 等网络源获取位置信息。这可能会增加耗电量。",
    "app_category": [
        "新闻阅读"
    ],
    "app_subcategory": [
        "热门",
        "电子书"
    ],
    "app_APK_url": "https://appgallery.cloud.huawei.com/appdl/C100618933",
    "is_popular": true,
    "app_APK_name": "C100618933-4.9.0.4.apk",
    "app_policy_name": "C100618933-4.9.0.4.txt",
    "policy_html_source_code": "<html><head>\n    <meta charset=\"utf-8\">\n    <meta name=\"viewport\" content=\" initial-scale=1, minimum-scale=1, maximum-scale=1, user-scalable=no\">\n    <title>隐私政策</title>\n    \n    <style type=\"text/css\">@charset \"utf-8\";body{background:#f6f6f6;color:#333;font-size:14px;margin:0;padding-bottom:10px;font-family:Tahoma,\"microsoft yahei\",Geneva,sans-serif;line-height:150%;-webkit-tap-highlight-color:rgba(0,0,0,0);-webkit-touch-callout:none}img{border:0}h1,h2,img{padding:0;margin:0;font-weight:400}.p1520{padding:15px 20px}.ios_tit1{font-size:20px;font-weight:700}.ios_con{color:#555}.ios_con p{margin:5px 0}.ios_tit2{font-size:14px;margin-bottom:10px}.ios_tit3{font-size:15px;margin-bottom:10px;color:#000;font-weight:700}.ios_tit4{font-size:14px;margin-bottom:10px}.ios_img{margin:30px 0}.ios_img img{width:100%}.img_d_x{text-align:center;width:100%}.color_js{color:#ed7f14}.color_gray{color:#777}.v_android{display:none}.v_ios{display:none}.is_ios .v_ios{display:block}.is_android .v_android{display:block}.go_history_tit{padding:20px 20px 10px}.go_history{padding:0 20px 10px;color:#69f}.go_history_content{padding:0 20px 10px}.g_table{width:100%;margin:1em 0;font-size:12px;table-layout:fixed;border-collapse:collapse}.g_table th{padding:4px;border:#ccc 1px solid}.g_table td{padding:4px;border:#ccc 1px solid;word-wrap:break-word}.g_table td:first-child{text-align:center}a{word-break:break-all}</style>\n</head>\n<body class=\"is_ios\">\n\n<div class=\"p1520 v11\">\n\n    <div class=\"ios_con\"><strong>尊敬的得间免费小说用户：我们对《隐私政策》进行了更新。此版本《隐私政策》的更新内容主要为：完善了第三方账号登录；账号基本信息填写；订购、支付与提现；运营与安全管理功能收集的个人信息表述。</strong></div>\n    <br><br>\n    <h1 class=\"ios_tit1\">隐私政策</h1>\n    <br>\n    <div class=\"ios_con\">本政策仅适用于北京得间科技有限公司（以下简称“得间科技”）的“得间免费小说”产品。</div>\n    <div class=\"ios_con\">运营者：北京得间科技有限公司</div>\n    <div class=\"ios_con\">版本更新日期：【2022】年【11】月【25】日</div>\n    <div class=\"ios_con\">版本生效日期：【2022】年【11】月【25】日</div>\n\n\n    <br>\n    <div class=\"ios_con\">本政策将帮助您了解以下内容：</div>\n    <div class=\"ios_con\">\n    &nbsp;&nbsp;&nbsp; 1、我们如何收集和使用您的个人信息<br>\n    &nbsp;&nbsp;&nbsp; 2、我们如何使用Cookie和同类技术<br>\n    &nbsp;&nbsp;&nbsp; 3、我们如何共享、转让、公开披露您的个人信息<br>\n    &nbsp;&nbsp;&nbsp; 4、我们如何保护您的个人信息<br>\n    &nbsp;&nbsp;&nbsp; 5、您的权利<br>\n    &nbsp;&nbsp;&nbsp; 6、我们如何处理儿童的个人信息<br>\n    &nbsp;&nbsp;&nbsp; 7、您的个人信息如何在全球范围转移<br>\n    &nbsp;&nbsp;&nbsp; 8、本政策如何更新<br>\n    &nbsp;&nbsp;&nbsp; 9、本政策的适用<br>\n    &nbsp;&nbsp;&nbsp; 10、如何联系我们\n    </div>\n    <br>\n    <div class=\"ios_con\">得间科技深知个人信息对您的重要性，并会尽全力保护您的个人信息安全可靠。我们致力于维持您对我们的信任，恪守以下原则，保护您的个人信息：权责一致原则、目的明确原则、选择同意原则、最小必要原则、确保安全原则、主体参与原则、公开透明原则等。同时，得间科技承诺，我们将按业界成熟的安全标准，采取相应的安全保护措施来保护您的个人信息。</div>\n    <br>\n    <div class=\"ios_con\">请在使用我们的产品前，仔细阅读并了解本《隐私政策》，并特别重点阅读我们以粗体/下划线等显著标识的条款，确保您充分理解和同意之后再开始使用。<strong>如果您未满14周岁，在完成账号注册前，请您的父母或其他监护人（以下统称“监护人”）仔细阅读<a class=\"go_page\" data-url=\"/fe3/zybook/other/statement/privacy_teenagers.html\" href=\"javascript:void(0);\">《儿童隐私政策》</a>，在您的监护人同意该政策后，您方可使用我们的产品。</strong></div>\n\n    <br>\n    <h1 class=\"ios_tit3\">一、我们如何收集和使用您的个人信息</h1>\n    <div class=\"ios_con\">个人信息是指以电子或者其他方式记录的能够单独或者与其他信息结合识别特定自然人身份或者反映特定自然人活动情况的各种信息，不包括匿名化处理后的信息。个人敏感信息是指一旦泄露、非法提供或者滥用可能危害人身和财产安全，极易导致个人名誉、身心健康受到损害或歧视性待遇等的个人信息。<br>\n        <strong>得间科技仅会出于本政策所述的以下目的，在为您提供阅读服务时收集和使用您的个人信息：</strong>\n    </div>\n    <br>\n    <div class=\"ios_con\">\n        <strong>一、基本业务功能</strong><br>\n        本软件属于电子图书类应用程序，基本业务功能为电子图书搜索、阅读，您无需提供个人信息，即可使用基本业务功能。但因版权方要求和本软件运营需要，基本业务功能模式（即未登录状态/游客模式）下，您可使用的电子图书范围不包含会员书籍、付费书籍和广告解锁章节内容，您不能使用注册/登录、订购/支付、个性化推荐、活动参与等扩展业务功能。<br>\n        <strong>二、扩展业务功能</strong><br>\n        <strong>1、业务功能一：账号注册与登录</strong><br>\n        为完成创建账号，您需提供以下信息：您的<strong>手机号</strong>、创建的用户名和密码。<br>\n        您也可以使用第三方账号（QQ、微信、抖音、Apple ID）登录得间小说。您未登录不会影响您使用基本业务功能，但可能会影响您订购/支付、发表评论、参与活动等扩展业务功能。<br>\n        您提供的上述信息，将在您使用本服务期间持续授权我们使用。在您注销账号时，我们将停止使用并删除上述信息。<br>\n        <strong>2、业务功能二：用户画像、个性化推荐、广告功能</strong><br>\n        您使用我们服务时，本软件会记录您的<strong>操作日志</strong>，包括搜索关键字、累计使用时长、书架、阅读记录、书籍评分。<br>\n        您还可以根据自身需求更换头像，填写昵称、性别、生日、签名，选择阅读阅读偏好来完善您的信息，这些信息是为了更好的给您定制专属个性化推荐。<br>\n        当您通过拍照的方式设置头像时，我们将申请使用您的<strong>相机（摄像头）权限</strong>；当您通过从相册选择照片上传的方式设置头像时，我们将申请使用您的<strong>相册（照片）权限</strong>。这是实现该功能所必需的，如您拒绝开启上述权限，将无法使用相应功能，但不会影响其他业务功能的正常使用。<br>\n        我们会基于前述信息以及您的操作数据提取您的偏好特征，并基于偏好特征产出间接用户画像，以便为您提供更适合您的定制化服务，向您展现或推荐相关程度更高的搜索结果。如您不同意提供前述信息，或对我们推荐的个性化内容不感兴趣，希望关闭个性化推荐时，您可以通过本软件页面“我的—设置—阅读设置—个性化推荐”路径选择关闭。关闭后，我们将不再向您展示“猜你喜欢”“喜欢这本书的人也喜欢”，您无法享受个性化推荐服务，但不影响您使用其他业务功能，您仍可继续浏览“今日力荐”“男生”“女生”等非个性化推荐内容。<br>\n        <strong>3、业务功能三：订购、支付与提现</strong><br>\n        您通过得间小说进行账号充值（购买墨宝）、订购会员、电子书时，我们会记录您的相关信息，包括虚拟货币<strong>充值记录</strong>、<strong>获得记录</strong>、<strong>消费记录</strong>、<strong>余额</strong>和<strong>会员订购记录</strong>，这些信息会存储于我们的服务器中。以上信息为业务功能必须的信息，如您不同意我们记录前述信息，我们将无法为您提供会员和付费书籍阅读服务。如您使用订购与支付功能，第三方向您提供支付服务的公司将直接收集与支付相关的信息。<br>\n        如您使用金币提现功能，我们会记录您的<strong>金币余额和明细</strong>；如您将账号内的金币提现，我们需要收集你的<strong>微信账号</strong>。这些信息是提现功能所必需的信息，拒绝提供我们将无法为您提供提现服务，但不影响其他业务功能的正常使用。<br>\n        <strong>4、业务功能四：与其他用户沟通交流</strong><br>\n您通过我们的服务分享的内容所包含的信息，包括您的评论和想法，您的这些信息会存储于我们的服务器中。您可以随时删除以上信息，删除以上信息不会影响您正常使用本软件。<br>\n        <strong>5、业务功能五：运营与安全管理</strong><br>\n        为向您提供安全稳定的服务、保证本软件的运营质量和效率、保障您的账号财产安全、预防冒名登录，我们会获取您的操作系统、设备型号、设备厂商、<strong>IP地址</strong>、<strong>唯一设备识别码</strong>（ICCID、设备序列号、MAC地址；Android设备：IMEI、IMSI、MEID、OAID、Android lD；iOS设备：IDFA、IDFV）、SIM卡状态、<strong>位置信息</strong>、<strong>运行中进程信息</strong>和<strong>App应用列表</strong>。如果您不同意我们收集上述信息，不会影响您使用本软件的基本业务功能，但可能因无法完成风控验证而无法使用扩展业务功能。<br>\n\n        6、您在使用本软件时，为提供给您服务之目的，<strong>本软件可能获取您终端设备的如下权限，当然您可以拒绝开启以下权限，</strong>或在终端设备的设置中关闭本软件的以下权限，关闭以下权限不会影响您对本软件其他功能的使用：<br>\n            <strong>访问相机：</strong>您可以使用摄像头扫码进行扫一扫、直接拍摄并上传图片进行晒图或分享；<br>\n            <strong>访问本地存储：</strong>通过开启本地存储权限，实现下载本软件内的书籍、音频到您的设备存储，以及通过设备存储将您的本地文件上传到本软件；<br>\n            <strong>访问照片：</strong>您可以直接选择设备内的照片或图片进行上传评论或与客服沟通时提供证明；<br>\n            <strong>开启推送：</strong>您可以通过开启推送权限来接收得间推送的消息；<br>\n            <strong>开启无线数据/蜂窝网络：</strong>您可以通过连接无线网络或开启蜂窝网络来实现本软件需要的联网功能；<br>\n            <strong>访问电话：</strong>通过获取您的电话状态权限我们记录您的设备识别码（即IMEI或IMSI码）进行匿名化处理，用于统计及安全校验和一键登录。但该权限不会监听、获取您的通讯内容和信息。<br>\n            <strong>访问安装程序列表：</strong>通过获取您的安装程序列表我们可以确认您是否安装了我们所推广的软件，以便我们及时向您发放相应奖励。<br>\n            <strong>开启Siri与搜索：</strong>您可以通过开启Siri与搜索功能直接检索到本软件的内容；<br>\n            <strong>开启麦克风和语音识别：</strong>您可以通过语音来控制本软件的语音朗读功能及语音控制功能；<br>\n            <strong>开启后台应用刷新：</strong>开启后可以实现听书、语音朗读不受App切换到后台的影响而暂停播放；<br>\n            <strong>开启护眼模式：</strong>您在开启护眼模式后会添加护眼模式的悬浮窗，并需要获取您的进程列表保证悬浮窗的状态。<br>\n            <strong>访问日历：</strong>您可以通过开启日历权限来接收得间小说的日历提醒。<br>\n            <strong>访问剪切板：</strong>当您使用邀请好友并复制邀请码、使用“帮助与反馈”“第三方活动”时（为判断您是否参与我们与第三方展开的特定活动），我们需要读取您的剪切板信息，用于验证是否有相关口令信息。剪切板信息仅会在设备上本地处理，我们不会上传和存储您的剪切板信息用于其他用途。<br>\n            <strong>使用传感器：</strong>当您在互动广告页面使用“摇一摇”跳转详情页或第三方应用时，我们需要使用您的陀螺仪、加速度传感器和重力传感器。<br>\n\n    7、第三方SDK接入服务所需开通的权限。我们的产品和服务可能包括第三方的产品和服务，以及第三方网站的链接。当您使用这些产品或服务时，运行中的进程也可能收集您的个人信息。<strong> <a class=\"go_page\" data-url=\"/zyuc/info/sdk\" href=\"javascript:void(0);\">（点击查看目前我们接入的第三方SDK列表）</a></strong><br>\n    \n\n    </div>\n\n    <br>\n    <h1 class=\"ios_tit3\">二、我们如何使用Cookie和同类技术</h1>\n    <div class=\"ios_con\">为确保得间小说的正常运转，我们会在您的终端设备上存储名为<strong>Cookie</strong>的小数据文件。<strong>Cookie</strong>通常包含标识符、站点名称以及一些号码和字符。借助于<strong>Cookie</strong>我们将记录您的登录信息及在得间小说中的操作信息，以便我们存储您的偏好及使用习惯，帮您省去重复输入注册信息的步骤，并帮助判断您的账号安全状态，以为您提供更轻松的用户体验和服务。</div>\n    <div class=\"ios_con\">我们不会将<strong>Cookie</strong>用于本政策所述目的之外的任何用途。您可根据自己的偏好管理或停用<strong>Cookie</strong>。</div>\n\n    <br>\n    <h1 class=\"ios_tit3\">三、我们如何委托处理、共享、转让、公开披露您的个人信息</h1>\n    <div class=\"ios_con\">\n        <strong>(一)委托处理</strong><br>\n        本业务功能中某些具体的模块或功能由外部供应商提供。例如我们会聘请服务提供商来协助我们提供客户支持。对我们委托处理个人信息的公司、组织和个人，我们会与其签署严格的保密协定，要求他们按照我们的要求、本隐私政策以及其他任何相关的保密和安全措施来处理个人信息。<br>\n        <strong>(二)共享</strong><br>\n        我们不会与得间科技以外的任何公司、组织和个人分享您的个人信息，但以下情况除外：<br>\n        1、在获取明确同意的情况下共享：获得您的明确同意后，我们会与其他方共享您的个人信息。<br>\n        2、我们可能会根据法律法规规定，或按政府主管部门的强制性要求，对外共享您的个人信息。<br>\n        3、<strong>与授权合作伙伴必要共享：</strong>请您理解并同意，为了必要/合理的业务功能的实现、满足您的要求，本软件中可能会包含第三方SDK或其他第三方应用。因此，我们需要与部分合作伙伴共享您的某些个人信息，以提供更好的客户服务和用户体验。我们仅会出于合法、正当、必要、特定、明确且本政策已明确声明的目的共享您的个人信息，并且只会共享提供服务所必要的个人信息。我们的合作伙伴无权将共享的个人信息用于任何其他用途。<br>\n目前，我们的授权合作伙伴包括以下几大类型：<br>\n1)广告、分析服务类的授权合作伙伴。除非得到您的许可，否则我们不会将您的个人身份信息(指可以识别您身份的信息，通过这些信息可以联系到您或识别您的身份)与提供广告、分析服务的合作伙伴分享。但我们可能会将您的匿名化的用户画像与广告、分析服务类的授权合作伙伴共享，以帮助其在不识别您的个人的前提下提升广告有效触达率。<br>\n2)供应商、服务提供商和其他合作伙伴。我们将信息发送给在全球范围内支持我们业务的供应商、服务提供商和其他合作伙伴，这些支持包括提供技术基础设施服务、分析我们服务的使用方式、衡量广告和服务的有效性、提供客户服务、支付便利或进行学术研究和调查。 对我们与之共享个人信息的公司、组织和个人，我们会与其签署严格的保密协定，要求他们按照我们的说明、本隐私政策以及其他任何相关的保密和安全措施来处理个人信息。<br>\n\n\n        <strong>(三)转让</strong><br>\n我们不会将您的个人信息转让给任何公司、组织和个人，但以下情况除外：<br>\n1、在获取明确同意的情况下转让：获得您的明确同意后，我们会向其他方转让您的个人信息；<br>\n2、在涉及合并、收购或破产清算时，如涉及到个人信息转让，我们会在要求新的持有您个人信息的公司、组织继续受此隐私政策的约束，否则我们将要求该公司、组织重新向您征求授权同意。<br>\n        <strong>(四)公开披露</strong><br>\n我们仅会在以下情况下，公开披露您的个人信息：<br>\n&nbsp;1、获得您明确同意后；<br>\n&nbsp;2、基于法律的披露：在法律、法律程序、诉讼或政府主管部门强制性要求的情况下，我们可能会公开披露您的个人信息。<br>\n    <strong>(五)对外共享可能涉及的个人信息类型：设备识别码、软件版本信息；对外公开披露可能涉及的个人信息类型：阅读记录、阅读时长、评论、想法、书籍评分。</strong><br>\n我们已知晓对外共享、转让、公开披露个人信息所承担的相应法律责任，并将采取合理措施保障个人信息安全。\n    </div>\n\n    <br>\n    <h1 class=\"ios_tit3\">四、我们如何保护您的个人信息</h1>\n    <div class=\"ios_con\">(一)我们已使用符合业界标准的安全防护措施保护您提供的个人信息，防止数据遭到未经授权访问、公开披露、使用、修改、损坏或丢失。我们会采取一切合理可行的措施，保护您的个人信息。例如，在您的浏览器与“服务”之间交换数据(如信用卡信息)时受SSL加密保护；我们会使用加密技术确保数据的保密性；我们会使用受信赖的保护机制防止数据遭到恶意攻击；我们会部署访问控制机制，确保只有授权人员才可访问个人信息；以及我们会举办安全和隐私保护培训课程，加强员工对于保护个人信息重要性的认识。</div>\n    <div class=\"ios_con\">(二)<strong>保存期限：我们仅在中国大陆地区存放您的个人信息</strong>。我们会采取一切合理可行的措施，确保未收集无关的个人信息。<strong>我们只会在达成本政策所述目的所需的且法律规定的最短期限内保留您的个人信息，除非需要延长保留期或受到法律的允许。<br>\n    在您的个人信息超出保留期间后，我们会根据法律法规的要求删除您的个人信息、或进行匿名化处理</strong>。</div>\n    <div class=\"ios_con\">(三)互联网并非绝对安全的环境，而且电子邮件、即时通讯、及与其他用户的交流方式并未加密，我们强烈建议您不要通过此类方式发送个人信息。请使用复杂密码，协助我们保证您的账号安全。</div>\n    <div class=\"ios_con\">(四)互联网环境并非百分之百安全，我们将尽力确保或担保您发送给我们的任何信息的安全性。如果我们的物理、技术、或管理防护设施遭到破坏，导致信息被非授权访问、公开披露、篡改、或毁坏，导致您的合法权益受损，我们将承担相应的法律责任。</div>\n    <div class=\"ios_con\">(五)<strong>在不幸发生个人信息安全事件后，我们将按照法律法规的要求，及时向您告知：安全事件的基本情况和可能的影响、我们已采取或将要采取的处置措施、您可自主防范和降低风险的建议、对您的补救措施等。我们将及时将事件相关情况以邮件、信函、电话、推送通知等方式告知您，难以逐一告知个人信息主体时，我们会采取合理、有效的方式发布公告</strong>。<br>\n    同时，我们还将按照监管部门要求，主动上报个人信息安全事件的处置情况。</div>\n\n    <br>\n    <h1 class=\"ios_tit3\">五、您的权利</h1>\n    <div class=\"ios_con\">按照中国相关的法律、法规、标准，以及其他国家、地区的通行做法，我们保障您对自己的个人信息行使以下权利：</div>\n    <div class=\"ios_con\"><strong>（一）访问您的个人信息</strong><br>\n您有权访问您的个人信息，法律法规规定的例外情况除外。如果您想行使数据访问权，可以通过以下方式自行访问：<br>\n1、基本信息：您可以通过点击“我的-头像栏”访问您的基本信息，包括：昵称、头像、个人简介、关注、粉丝、累计阅读时长、阅读记录、阅读偏好。<br>\n2、手机号：您可以通过点击“我的-设置-绑定手机”查询您已经绑定的手机号。<br>\n3、阅读的书籍：进入得间小说后，您可以通过点击“我的-书架”访问您的书架和阅读记录。<br>\n除此之外，您还可以通过《已收集个人信息清单》查看我们已经收集的您的个人信息的情况。<br>\n    </div>\n    <div class=\"ios_con\"><strong>（二）更正您的个人信息</strong><br>\n当您发现我们处理的关于您的个人信息有错误时，您有权要求我们做出更正。您可以通过“(一)访问您的个人信息”中罗列的方式提出更正申请。\n    </div>\n    <div class=\"ios_con\"><strong>（三）删除您的个人信息</strong>\n在以下情形中，您可以向我们提出删除个人信息的请求：<br>\n1、如果我们处理个人信息的行为违反法律法规；<br>\n2、如果我们收集、使用您的个人信息，却未征得您的同意；<br>\n3、如果我们处理个人信息的行为违反了与您的约定；<br>\n4、如果您不再使用我们的产品或服务，或您注销了账号；<br>\n5、如果我们不再为您提供产品或服务。<br>\n若我们决定响应您的删除请求，我们还将同时通知从我们获得您的个人信息的实体，要求其及时删除，除非法律法规另有规定，或这些实体获得您的独立授权。<br>\n当您从我们的服务中删除信息后，我们可能不会立即备份系统中删除相应的信息，但会在备份更新时删除这些信息。\n    </div>\n    <div class=\"ios_con\"><strong>（四）改变您授权的范围</strong><br>\n    每个业务功能需要一些基本的个人信息才能得以完成。对于额外收集的个人信息的收集和使用，您可以随时给予或收回您的授权同意。 当您收回同意后，我们将不再处理相应的个人信息。但您收回同意的决定，不会影响此前基于您的授权而开展的个人信息处理。 如果您打算改变授权范围或者不想接受我们给您发送的商业广告，您可以根据我们提供的联系方式联系我们。</div>\n    <div class=\"ios_con\"><strong>（五）注销账户</strong><br>\n您随时可注销此前注册的账号，您可以通过点击“我的-设置-注销账号”完成账号注销。<br>\n在注销账号之后，我们将停止为您提供产品或服务，并依据您的要求，删除您的个人信息，法律法规另有规定的除外。<br>\n    <div class=\"ios_con\"><strong>（六）个人信息主体获取个人信息副本</strong><br>\n您有权获取您的个人信息副本，您可以通过我们提供的联系方式联系我们。 在技术可行的前提下，例如数据接口匹配，我们还可按您的要求，直接将您的个人信息副本传输给您指定的第三方。</div>\n<div class=\"ios_con\"><strong>（七）约束信息系统自动决策</strong><br>\n在某些业务功能中，我们可能仅依据信息系统、算法等在内的非人工自动决策机制作出决定。如果这些决定显著影响您的合法权益，您有权要求我们作出解释，我们也将提供适当的救济方式。</div>\n<div class=\"ios_con\"><strong>（八）响应您的上述请求</strong><br>\n为保障安全，您可能需要提供书面请求，或以其他方式证明您的身份。我们可能会先要求您验证自己的身份，然后再处理您的请求。\n我们将在验证您身份后的十五（15）个工作日内作出答复。如您不满意，还可以依法向政府或者行业主管部门投诉。<br>\n对于您合理的请求，我们原则上不收取费用，但对多次重复、超出合理限度的请求，我们将视情收取一定成本费用。对于那些无端重复、需要过多技术手段（例如，需要开发新系统或从根本上改变现行惯例）、给他人合法权益带来风险或者非常不切实际（例如，涉及备份磁带上存放的信息）的请求，我们可能会予以拒绝。<br>\n在以下情形中，我们将无法响应您的请求：<br>\n1、与个人信息控制者履行法律法规规定的义务相关的；<br>\n2、与国家安全、国防安全直接相关的；<br>\n3、与公共安全、公共卫生、重大公共利益直接相关的；<br>\n4、与刑事侦查、起诉、审判和执行判决等直接相关的；<br>\n5、个人信息控制者有充分证据表明个人信息主体存在主观恶意或滥用权利的；<br>\n6、出于维护个人信息主体或其他个人的生命、财产等重大合法权益但又很难得到本人同意的；<br>\n7、响应个人信息主体的请求将导致个人信息主体或其他个人、组织的合法权益受到严重损害的；<br>\n8、涉及商业秘密的。</div>\n\n    <br>\n    <h1 class=\"ios_tit3\">六、我们如何处理儿童的个人信息</h1>\n    <div class=\"ios_con\">我们深知儿童（指未满14周岁的未成年人）个人信息的重要性，并会尽全力采取相应的安全措施对儿童个人信息进行保护。<br>\n    我们的产品、网站和服务主要面向成人。未经监护人的同意，儿童不得创建自己的用户账号。<strong>如果您是儿童，请务必通知您的监护人阅读《儿童隐私政策》，并在您使用我们的产品或服务、以及提交您的个人信息之前，征得您的监护人的同意，或在监护人的指导下操作。</strong><br>\n    如果我们发现在未事先获得监护人同意的情况下收集了儿童的个人信息，则会设法尽快删除相关数据。\n    </div>\n    <br>\n    <h1 class=\"ios_tit3\">七、您的个人信息如何在全球范围转移</h1>\n    <div class=\"ios_con\"><strong>目前我们不会跨境传输或存储您的个人信息。将来如需跨境传输或存储的，我们会向您告知信息出境的目的、接收方、安全保障措施和安全风险，并征得您的同意。</strong></div>\n    <br>\n    <h1 class=\"ios_tit3\">八、本政策如何更新</h1>\n    <div class=\"ios_con\">我们的隐私政策可能变更。<br>\n未经您明确同意，我们不会削减您按照本隐私政策所应享有的权利。我们会在本页面上发布对本政策所做的任何变更。我们会通过在得间移动端或得间官方网站发出更新版本或以其他适当方式提醒您相关内容的更新。<br>\n对于重大变更，我们还会提供更为显著的通知（我们会通过包括但不限于APP推送通知或在浏览页面做特别提示的方式，说明隐私政策的具体变更内容）。<br>\n本政策所指的重大变更包括但不限于：<br>\n1、我们的服务模式发生重大变化。如处理个人信息的目的、处理的个人信息类型、个人信息的使用方式等；<br>\n2、我们在所有权结构、组织架构等方面发生重大变化。如业务调整、破产并购等引起的所有者变更等；<br>\n3、个人信息共享、转让或公开披露的主要对象发生变化；<br>\n4、您参与个人信息处理方面的权利及其行使方式发生重大变化；<br>\n5、我们负责处理个人信息安全的责任部门、联络方式及投诉渠道发生变化时；<br>\n6、个人信息安全影响评估报告表明存在高风险时。<br>\n我们还会将本政策的旧版本存档，供您查阅。\n    </div>\n    <br>\n    <h1 class=\"ios_tit3\">九、本政策的适用</h1>\n    <div class=\"ios_con\">本软件的所有服务均适用本政策。<br>\n        当您在首次登录本软件时，我们会提示您进行阅读本政策，并征得您的同意。<strong>若您拒绝，不会影响您继续使用本软件的基本业务功能，但部分扩展业务功能将无法使用，请您了解并予以理解</strong>。\n    </div>\n    <br>\n    <h1 class=\"ios_tit3\">十、如何联系我们</h1>\n    <div class=\"ios_con\">我们的联系方式：北京得间科技有限公司<br>\n注册地址：北京市朝阳区高碑店乡半壁店村惠河南街1008B号4层东区4319<br>\n个人信息保护相关负责人联系方式：【010-59231388 转 827】<br>\n客服电子邮件：dejiankefu@163.com<br>\n客服电话：4008813311<br>\n您在软件使用的过程中及对本隐私政策有任何疑问、意见和建议的，均可通过以上联系方式与我们联系。\n    </div>\n\n\n</div>\n\n\n\n<div class=\"go_history_tit\">历史版本：</div>\n<div class=\"go_history\" data-url=\"/fe3/zybook/other/statement/privacy_v8.html\">隐私政策（2022年10月版）</div>\n<div class=\"go_history\" data-url=\"/fe3/zybook/other/statement/privacy_v7.html\">隐私政策（2022年9月版）</div>\n<div class=\"go_history\" data-url=\"/fe3/zybook/other/statement/privacy_v6.html\">隐私政策（2022年3月版）</div>\n<div class=\"go_history\" data-url=\"/fe3/zybook/other/statement/privacy_v5.html\">隐私政策（2020年12月版）</div>\n\n\n\n<script src=\"//static-dj.palmestore.com/fe3/static/zepto.min_50fe9e5.js\"></script>\n<script src=\"//static-dj.palmestore.com/fe3/static/zybridge_39ec5de.js\"></script>\n<script>\n$(function () {\n    if(zy.url.platform != 'android') {\n        $('body').addClass('is_ios');\n        if(zy.url.get(\"p3\") < 17110107) {\n            showLowVersion();\n            return;\n        }\n    } else {\n        $('body').addClass('is_android');\n        if(zy.url.get(\"p3\") < 17110003) {\n            showLowVersion();\n        }\n    }\n\n\n    function showLowVersion() {\n        $(\".v11\").hide();\n        $(\".v10\").show();\n        $(\"title\").text('隐私策略');\n    }\n\n    $('.go_history').on('click', function() {\n        zy.url.goUrl({uri: $(this).data('url')});\n    })\n\n    $('.go_page').on('click', function() {\n        zy.url.goUrl({uri: $(this).data('url')});\n    })\n})\n</script>\n\n</div></body></html>",
    "policy_text": "尊敬的得间免费小说用户：我们对《隐私政策》进行了更新。此版本《隐私政策》的更新内容主要为：完善了第三方账号登录；账号基本信息填写；订购、支付与提现；运营与安全管理功能收集的个人信息表述。\n隐私政策\n本政策仅适用于北京得间科技有限公司（以下简称“得间科技”）的“得间免费小说”产品。\n运营者：北京得间科技有限公司\n版本更新日期：【2022】年【11】月【25】日\n版本生效日期：【2022】年【11】月【25】日\n本政策将帮助您了解以下内容：\n1、我们如何收集和使用您的个人信息\n2、我们如何使用Cookie和同类技术\n3、我们如何共享、转让、公开披露您的个人信息\n4、我们如何保护您的个人信息\n5、您的权利\n6、我们如何处理儿童的个人信息\n7、您的个人信息如何在全球范围转移\n8、本政策如何更新\n9、本政策的适用\n10、如何联系我们\n\n得间科技深知个人信息对您的重要性，并会尽全力保护您的个人信息安全可靠。我们致力于维持您对我们的信任，恪守以下原则，保护您的个人信息：权责一致原则、目的明确原则、选择同意原则、最小必要原则、确保安全原则、主体参与原则、公开透明原则等。同时，得间科技承诺，我们将按业界成熟的安全标准，采取相应的安全保护措施来保护您的个人信息。\n请在使用我们的产品前，仔细阅读并了解本《隐私政策》，并特别重点阅读我们以粗体/下划线等显著标识的条款，确保您充分理解和同意之后再开始使用。如果您未满14周岁，在完成账号注册前，请您的父母或其他监护人（以下统称“监护人”）仔细阅读《儿童隐私政策》【链接地址为：javascript:void(0);】，在您的监护人同意该政策后，您方可使用我们的产品。\n一、我们如何收集和使用您的个人信息\n个人信息是指以电子或者其他方式记录的能够单独或者与其他信息结合识别特定自然人身份或者反映特定自然人活动情况的各种信息，不包括匿名化处理后的信息。个人敏感信息是指一旦泄露、非法提供或者滥用可能危害人身和财产安全，极易导致个人名誉、身心健康受到损害或歧视性待遇等的个人信息。\n得间科技仅会出于本政策所述的以下目的，在为您提供阅读服务时收集和使用您的个人信息：\n一、基本业务功能\n本软件属于电子图书类应用程序，基本业务功能为电子图书搜索、阅读，您无需提供个人信息，即可使用基本业务功能。但因版权方要求和本软件运营需要，基本业务功能模式（即未登录状态/游客模式）下，您可使用的电子图书范围不包含会员书籍、付费书籍和广告解锁章节内容，您不能使用注册/登录、订购/支付、个性化推荐、活动参与等扩展业务功能。\n二、扩展业务功能\n1、业务功能一：账号注册与登录\n为完成创建账号，您需提供以下信息：您的手机号、创建的用户名和密码。\n您也可以使用第三方账号（QQ、微信、抖音、Apple ID）登录得间小说。您未登录不会影响您使用基本业务功能，但可能会影响您订购/支付、发表评论、参与活动等扩展业务功能。\n您提供的上述信息，将在您使用本服务期间持续授权我们使用。在您注销账号时，我们将停止使用并删除上述信息。\n2、业务功能二：用户画像、个性化推荐、广告功能\n您使用我们服务时，本软件会记录您的操作日志，包括搜索关键字、累计使用时长、书架、阅读记录、书籍评分。\n您还可以根据自身需求更换头像，填写昵称、性别、生日、签名，选择阅读阅读偏好来完善您的信息，这些信息是为了更好的给您定制专属个性化推荐。\n当您通过拍照的方式设置头像时，我们将申请使用您的相机（摄像头）权限；当您通过从相册选择照片上传的方式设置头像时，我们将申请使用您的相册（照片）权限。这是实现该功能所必需的，如您拒绝开启上述权限，将无法使用相应功能，但不会影响其他业务功能的正常使用。\n我们会基于前述信息以及您的操作数据提取您的偏好特征，并基于偏好特征产出间接用户画像，以便为您提供更适合您的定制化服务，向您展现或推荐相关程度更高的搜索结果。如您不同意提供前述信息，或对我们推荐的个性化内容不感兴趣，希望关闭个性化推荐时，您可以通过本软件页面“我的—设置—阅读设置—个性化推荐”路径选择关闭。关闭后，我们将不再向您展示“猜你喜欢”“喜欢这本书的人也喜欢”，您无法享受个性化推荐服务，但不影响您使用其他业务功能，您仍可继续浏览“今日力荐”“男生”“女生”等非个性化推荐内容。\n3、业务功能三：订购、支付与提现\n您通过得间小说进行账号充值（购买墨宝）、订购会员、电子书时，我们会记录您的相关信息，包括虚拟货币充值记录、获得记录、消费记录、余额和会员订购记录，这些信息会存储于我们的服务器中。以上信息为业务功能必须的信息，如您不同意我们记录前述信息，我们将无法为您提供会员和付费书籍阅读服务。如您使用订购与支付功能，第三方向您提供支付服务的公司将直接收集与支付相关的信息。\n如您使用金币提现功能，我们会记录您的金币余额和明细；如您将账号内的金币提现，我们需要收集你的微信账号。这些信息是提现功能所必需的信息，拒绝提供我们将无法为您提供提现服务，但不影响其他业务功能的正常使用。\n4、业务功能四：与其他用户沟通交流\n您通过我们的服务分享的内容所包含的信息，包括您的评论和想法，您的这些信息会存储于我们的服务器中。您可以随时删除以上信息，删除以上信息不会影响您正常使用本软件。\n5、业务功能五：运营与安全管理\n为向您提供安全稳定的服务、保证本软件的运营质量和效率、保障您的账号财产安全、预防冒名登录，我们会获取您的操作系统、设备型号、设备厂商、IP地址、唯一设备识别码（ICCID、设备序列号、MAC地址；Android设备：IMEI、IMSI、MEID、OAID、Android lD；iOS设备：IDFA、IDFV）、SIM卡状态、位置信息、运行中进程信息和App应用列表。如果您不同意我们收集上述信息，不会影响您使用本软件的基本业务功能，但可能因无法完成风控验证而无法使用扩展业务功能。\n6、您在使用本软件时，为提供给您服务之目的，本软件可能获取您终端设备的如下权限，当然您可以拒绝开启以下权限，或在终端设备的设置中关闭本软件的以下权限，关闭以下权限不会影响您对本软件其他功能的使用：\n访问相机：您可以使用摄像头扫码进行扫一扫、直接拍摄并上传图片进行晒图或分享；\n访问本地存储：通过开启本地存储权限，实现下载本软件内的书籍、音频到您的设备存储，以及通过设备存储将您的本地文件上传到本软件；\n访问照片：您可以直接选择设备内的照片或图片进行上传评论或与客服沟通时提供证明；\n开启推送：您可以通过开启推送权限来接收得间推送的消息；\n开启无线数据/蜂窝网络：您可以通过连接无线网络或开启蜂窝网络来实现本软件需要的联网功能；\n访问电话：通过获取您的电话状态权限我们记录您的设备识别码（即IMEI或IMSI码）进行匿名化处理，用于统计及安全校验和一键登录。但该权限不会监听、获取您的通讯内容和信息。\n访问安装程序列表：通过获取您的安装程序列表我们可以确认您是否安装了我们所推广的软件，以便我们及时向您发放相应奖励。\n开启Siri与搜索：您可以通过开启Siri与搜索功能直接检索到本软件的内容；\n开启麦克风和语音识别：您可以通过语音来控制本软件的语音朗读功能及语音控制功能；\n开启后台应用刷新：开启后可以实现听书、语音朗读不受App切换到后台的影响而暂停播放；\n开启护眼模式：您在开启护眼模式后会添加护眼模式的悬浮窗，并需要获取您的进程列表保证悬浮窗的状态。\n访问日历：您可以通过开启日历权限来接收得间小说的日历提醒。\n访问剪切板：当您使用邀请好友并复制邀请码、使用“帮助与反馈”“第三方活动”时（为判断您是否参与我们与第三方展开的特定活动），我们需要读取您的剪切板信息，用于验证是否有相关口令信息。剪切板信息仅会在设备上本地处理，我们不会上传和存储您的剪切板信息用于其他用途。\n使用传感器：当您在互动广告页面使用“摇一摇”跳转详情页或第三方应用时，我们需要使用您的陀螺仪、加速度传感器和重力传感器。\n7、第三方SDK接入服务所需开通的权限。我们的产品和服务可能包括第三方的产品和服务，以及第三方网站的链接。当您使用这些产品或服务时，运行中的进程也可能收集您的个人信息。 （点击查看目前我们接入的第三方SDK列表）【链接地址为：javascript:void(0);】\n二、我们如何使用Cookie和同类技术\n为确保得间小说的正常运转，我们会在您的终端设备上存储名为Cookie的小数据文件。Cookie通常包含标识符、站点名称以及一些号码和字符。借助于Cookie我们将记录您的登录信息及在得间小说中的操作信息，以便我们存储您的偏好及使用习惯，帮您省去重复输入注册信息的步骤，并帮助判断您的账号安全状态，以为您提供更轻松的用户体验和服务。\n我们不会将Cookie用于本政策所述目的之外的任何用途。您可根据自己的偏好管理或停用Cookie。\n三、我们如何委托处理、共享、转让、公开披露您的个人信息\n(一)委托处理\n本业务功能中某些具体的模块或功能由外部供应商提供。例如我们会聘请服务提供商来协助我们提供客户支持。对我们委托处理个人信息的公司、组织和个人，我们会与其签署严格的保密协定，要求他们按照我们的要求、本隐私政策以及其他任何相关的保密和安全措施来处理个人信息。\n(二)共享\n我们不会与得间科技以外的任何公司、组织和个人分享您的个人信息，但以下情况除外：\n1、在获取明确同意的情况下共享：获得您的明确同意后，我们会与其他方共享您的个人信息。\n2、我们可能会根据法律法规规定，或按政府主管部门的强制性要求，对外共享您的个人信息。\n3、与授权合作伙伴必要共享：请您理解并同意，为了必要/合理的业务功能的实现、满足您的要求，本软件中可能会包含第三方SDK或其他第三方应用。因此，我们需要与部分合作伙伴共享您的某些个人信息，以提供更好的客户服务和用户体验。我们仅会出于合法、正当、必要、特定、明确且本政策已明确声明的目的共享您的个人信息，并且只会共享提供服务所必要的个人信息。我们的合作伙伴无权将共享的个人信息用于任何其他用途。\n目前，我们的授权合作伙伴包括以下几大类型：\n1)广告、分析服务类的授权合作伙伴。除非得到您的许可，否则我们不会将您的个人身份信息(指可以识别您身份的信息，通过这些信息可以联系到您或识别您的身份)与提供广告、分析服务的合作伙伴分享。但我们可能会将您的匿名化的用户画像与广告、分析服务类的授权合作伙伴共享，以帮助其在不识别您的个人的前提下提升广告有效触达率。\n2)供应商、服务提供商和其他合作伙伴。我们将信息发送给在全球范围内支持我们业务的供应商、服务提供商和其他合作伙伴，这些支持包括提供技术基础设施服务、分析我们服务的使用方式、衡量广告和服务的有效性、提供客户服务、支付便利或进行学术研究和调查。 对我们与之共享个人信息的公司、组织和个人，我们会与其签署严格的保密协定，要求他们按照我们的说明、本隐私政策以及其他任何相关的保密和安全措施来处理个人信息。\n(三)转让\n我们不会将您的个人信息转让给任何公司、组织和个人，但以下情况除外：\n1、在获取明确同意的情况下转让：获得您的明确同意后，我们会向其他方转让您的个人信息；\n2、在涉及合并、收购或破产清算时，如涉及到个人信息转让，我们会在要求新的持有您个人信息的公司、组织继续受此隐私政策的约束，否则我们将要求该公司、组织重新向您征求授权同意。\n(四)公开披露\n我们仅会在以下情况下，公开披露您的个人信息：\n1、获得您明确同意后；\n2、基于法律的披露：在法律、法律程序、诉讼或政府主管部门强制性要求的情况下，我们可能会公开披露您的个人信息。\n(五)对外共享可能涉及的个人信息类型：设备识别码、软件版本信息；对外公开披露可能涉及的个人信息类型：阅读记录、阅读时长、评论、想法、书籍评分。\n我们已知晓对外共享、转让、公开披露个人信息所承担的相应法律责任，并将采取合理措施保障个人信息安全。\n\n四、我们如何保护您的个人信息\n(一)我们已使用符合业界标准的安全防护措施保护您提供的个人信息，防止数据遭到未经授权访问、公开披露、使用、修改、损坏或丢失。我们会采取一切合理可行的措施，保护您的个人信息。例如，在您的浏览器与“服务”之间交换数据(如信用卡信息)时受SSL加密保护；我们会使用加密技术确保数据的保密性；我们会使用受信赖的保护机制防止数据遭到恶意攻击；我们会部署访问控制机制，确保只有授权人员才可访问个人信息；以及我们会举办安全和隐私保护培训课程，加强员工对于保护个人信息重要性的认识。\n(二)保存期限：我们仅在中国大陆地区存放您的个人信息。我们会采取一切合理可行的措施，确保未收集无关的个人信息。我们只会在达成本政策所述目的所需的且法律规定的最短期限内保留您的个人信息，除非需要延长保留期或受到法律的允许。\n在您的个人信息超出保留期间后，我们会根据法律法规的要求删除您的个人信息、或进行匿名化处理。\n(三)互联网并非绝对安全的环境，而且电子邮件、即时通讯、及与其他用户的交流方式并未加密，我们强烈建议您不要通过此类方式发送个人信息。请使用复杂密码，协助我们保证您的账号安全。\n(四)互联网环境并非百分之百安全，我们将尽力确保或担保您发送给我们的任何信息的安全性。如果我们的物理、技术、或管理防护设施遭到破坏，导致信息被非授权访问、公开披露、篡改、或毁坏，导致您的合法权益受损，我们将承担相应的法律责任。\n(五)在不幸发生个人信息安全事件后，我们将按照法律法规的要求，及时向您告知：安全事件的基本情况和可能的影响、我们已采取或将要采取的处置措施、您可自主防范和降低风险的建议、对您的补救措施等。我们将及时将事件相关情况以邮件、信函、电话、推送通知等方式告知您，难以逐一告知个人信息主体时，我们会采取合理、有效的方式发布公告。\n同时，我们还将按照监管部门要求，主动上报个人信息安全事件的处置情况。\n五、您的权利\n按照中国相关的法律、法规、标准，以及其他国家、地区的通行做法，我们保障您对自己的个人信息行使以下权利：\n（一）访问您的个人信息\n您有权访问您的个人信息，法律法规规定的例外情况除外。如果您想行使数据访问权，可以通过以下方式自行访问：\n1、基本信息：您可以通过点击“我的-头像栏”访问您的基本信息，包括：昵称、头像、个人简介、关注、粉丝、累计阅读时长、阅读记录、阅读偏好。\n2、手机号：您可以通过点击“我的-设置-绑定手机”查询您已经绑定的手机号。\n3、阅读的书籍：进入得间小说后，您可以通过点击“我的-书架”访问您的书架和阅读记录。\n除此之外，您还可以通过《已收集个人信息清单》查看我们已经收集的您的个人信息的情况。\n（二）更正您的个人信息\n当您发现我们处理的关于您的个人信息有错误时，您有权要求我们做出更正。您可以通过“(一)访问您的个人信息”中罗列的方式提出更正申请。\n\n（三）删除您的个人信息\n在以下情形中，您可以向我们提出删除个人信息的请求：\n1、如果我们处理个人信息的行为违反法律法规；\n2、如果我们收集、使用您的个人信息，却未征得您的同意；\n3、如果我们处理个人信息的行为违反了与您的约定；\n4、如果您不再使用我们的产品或服务，或您注销了账号；\n5、如果我们不再为您提供产品或服务。\n若我们决定响应您的删除请求，我们还将同时通知从我们获得您的个人信息的实体，要求其及时删除，除非法律法规另有规定，或这些实体获得您的独立授权。\n当您从我们的服务中删除信息后，我们可能不会立即备份系统中删除相应的信息，但会在备份更新时删除这些信息。\n\n（四）改变您授权的范围\n每个业务功能需要一些基本的个人信息才能得以完成。对于额外收集的个人信息的收集和使用，您可以随时给予或收回您的授权同意。 当您收回同意后，我们将不再处理相应的个人信息。但您收回同意的决定，不会影响此前基于您的授权而开展的个人信息处理。 如果您打算改变授权范围或者不想接受我们给您发送的商业广告，您可以根据我们提供的联系方式联系我们。\n（五）注销账户\n您随时可注销此前注册的账号，您可以通过点击“我的-设置-注销账号”完成账号注销。\n在注销账号之后，我们将停止为您提供产品或服务，并依据您的要求，删除您的个人信息，法律法规另有规定的除外。\n（六）个人信息主体获取个人信息副本\n您有权获取您的个人信息副本，您可以通过我们提供的联系方式联系我们。 在技术可行的前提下，例如数据接口匹配，我们还可按您的要求，直接将您的个人信息副本传输给您指定的第三方。\n（七）约束信息系统自动决策\n在某些业务功能中，我们可能仅依据信息系统、算法等在内的非人工自动决策机制作出决定。如果这些决定显著影响您的合法权益，您有权要求我们作出解释，我们也将提供适当的救济方式。\n（八）响应您的上述请求\n为保障安全，您可能需要提供书面请求，或以其他方式证明您的身份。我们可能会先要求您验证自己的身份，然后再处理您的请求。\n我们将在验证您身份后的十五（15）个工作日内作出答复。如您不满意，还可以依法向政府或者行业主管部门投诉。\n对于您合理的请求，我们原则上不收取费用，但对多次重复、超出合理限度的请求，我们将视情收取一定成本费用。对于那些无端重复、需要过多技术手段（例如，需要开发新系统或从根本上改变现行惯例）、给他人合法权益带来风险或者非常不切实际（例如，涉及备份磁带上存放的信息）的请求，我们可能会予以拒绝。\n在以下情形中，我们将无法响应您的请求：\n1、与个人信息控制者履行法律法规规定的义务相关的；\n2、与国家安全、国防安全直接相关的；\n3、与公共安全、公共卫生、重大公共利益直接相关的；\n4、与刑事侦查、起诉、审判和执行判决等直接相关的；\n5、个人信息控制者有充分证据表明个人信息主体存在主观恶意或滥用权利的；\n6、出于维护个人信息主体或其他个人的生命、财产等重大合法权益但又很难得到本人同意的；\n7、响应个人信息主体的请求将导致个人信息主体或其他个人、组织的合法权益受到严重损害的；\n8、涉及商业秘密的。\n六、我们如何处理儿童的个人信息\n我们深知儿童（指未满14周岁的未成年人）个人信息的重要性，并会尽全力采取相应的安全措施对儿童个人信息进行保护。\n我们的产品、网站和服务主要面向成人。未经监护人的同意，儿童不得创建自己的用户账号。如果您是儿童，请务必通知您的监护人阅读《儿童隐私政策》，并在您使用我们的产品或服务、以及提交您的个人信息之前，征得您的监护人的同意，或在监护人的指导下操作。\n如果我们发现在未事先获得监护人同意的情况下收集了儿童的个人信息，则会设法尽快删除相关数据。\n\n七、您的个人信息如何在全球范围转移\n目前我们不会跨境传输或存储您的个人信息。将来如需跨境传输或存储的，我们会向您告知信息出境的目的、接收方、安全保障措施和安全风险，并征得您的同意。\n八、本政策如何更新\n我们的隐私政策可能变更。\n未经您明确同意，我们不会削减您按照本隐私政策所应享有的权利。我们会在本页面上发布对本政策所做的任何变更。我们会通过在得间移动端或得间官方网站发出更新版本或以其他适当方式提醒您相关内容的更新。\n对于重大变更，我们还会提供更为显著的通知（我们会通过包括但不限于APP推送通知或在浏览页面做特别提示的方式，说明隐私政策的具体变更内容）。\n本政策所指的重大变更包括但不限于：\n1、我们的服务模式发生重大变化。如处理个人信息的目的、处理的个人信息类型、个人信息的使用方式等；\n2、我们在所有权结构、组织架构等方面发生重大变化。如业务调整、破产并购等引起的所有者变更等；\n3、个人信息共享、转让或公开披露的主要对象发生变化；\n4、您参与个人信息处理方面的权利及其行使方式发生重大变化；\n5、我们负责处理个人信息安全的责任部门、联络方式及投诉渠道发生变化时；\n6、个人信息安全影响评估报告表明存在高风险时。\n我们还会将本政策的旧版本存档，供您查阅。\n\n九、本政策的适用\n本软件的所有服务均适用本政策。\n当您在首次登录本软件时，我们会提示您进行阅读本政策，并征得您的同意。若您拒绝，不会影响您继续使用本软件的基本业务功能，但部分扩展业务功能将无法使用，请您了解并予以理解。\n\n十、如何联系我们\n我们的联系方式：北京得间科技有限公司\n注册地址：北京市朝阳区高碑店乡半壁店村惠河南街1008B号4层东区4319\n个人信息保护相关负责人联系方式：【010-59231388 转 827】\n客服电子邮件：dejiankefu@163.com\n客服电话：4008813311\n您在软件使用的过程中及对本隐私政策有任何疑问、意见和建议的，均可通过以上联系方式与我们联系。\n\n历史版本：\n隐私政策（2022年10月版）\n隐私政策（2022年9月版）\n隐私政策（2022年3月版）\n隐私政策（2020年12月版）",
    "policy_html_source_code_clean": "一、我们如何收集和使用您的个人信息\n<div>\n<strong>一、基本业务功能</strong><br/>\n        本软件属于电子图书类应用程序，基本业务功能为电子图书搜索、阅读，您无需提供个人信息，即可使用基本业务功能。但因版权方要求和本软件运营需要，基本业务功能模式（即未登录状态/游客模式）下，您可使用的电子图书范围不包含会员书籍、付费书籍和广告解锁章节内容，您不能使用注册/登录、订购/支付、个性化推荐、活动参与等扩展业务功能。<br/>\n<strong>二、扩展业务功能</strong><br/>\n<strong>1、业务功能一：账号注册与登录</strong><br/>\n        为完成创建账号，您需提供以下信息：您的<strong>手机号</strong>、创建的用户名和密码。<br/>\n        您也可以使用第三方账号（QQ、微信、抖音、Apple ID）登录得间小说。您未登录不会影响您使用基本业务功能，但可能会影响您订购/支付、发表评论、参与活动等扩展业务功能。<br/>\n        您提供的上述信息，将在您使用本服务期间持续授权我们使用。在您注销账号时，我们将停止使用并删除上述信息。<br/>\n<strong>2、业务功能二：用户画像、个性化推荐、广告功能</strong><br/>\n        您使用我们服务时，本软件会记录您的<strong>操作日志</strong>，包括搜索关键字、累计使用时长、书架、阅读记录、书籍评分。<br/>\n        您还可以根据自身需求更换头像，填写昵称、性别、生日、签名，选择阅读阅读偏好来完善您的信息，这些信息是为了更好的给您定制专属个性化推荐。<br/>\n        当您通过拍照的方式设置头像时，我们将申请使用您的<strong>相机（摄像头）权限</strong>；当您通过从相册选择照片上传的方式设置头像时，我们将申请使用您的<strong>相册（照片）权限</strong>。这是实现该功能所必需的，如您拒绝开启上述权限，将无法使用相应功能，但不会影响其他业务功能的正常使用。<br/>\n        我们会基于前述信息以及您的操作数据提取您的偏好特征，并基于偏好特征产出间接用户画像，以便为您提供更适合您的定制化服务，向您展现或推荐相关程度更高的搜索结果。如您不同意提供前述信息，或对我们推荐的个性化内容不感兴趣，希望关闭个性化推荐时，您可以通过本软件页面“我的—设置—阅读设置—个性化推荐”路径选择关闭。关闭后，我们将不再向您展示“猜你喜欢”“喜欢这本书的人也喜欢”，您无法享受个性化推荐服务，但不影响您使用其他业务功能，您仍可继续浏览“今日力荐”“男生”“女生”等非个性化推荐内容。<br/>\n<strong>3、业务功能三：订购、支付与提现</strong><br/>\n        您通过得间小说进行账号充值（购买墨宝）、订购会员、电子书时，我们会记录您的相关信息，包括虚拟货币<strong>充值记录</strong>、<strong>获得记录</strong>、<strong>消费记录</strong>、<strong>余额</strong>和<strong>会员订购记录</strong>，这些信息会存储于我们的服务器中。以上信息为业务功能必须的信息，如您不同意我们记录前述信息，我们将无法为您提供会员和付费书籍阅读服务。如您使用订购与支付功能，第三方向您提供支付服务的公司将直接收集与支付相关的信息。<br/>\n        如您使用金币提现功能，我们会记录您的<strong>金币余额和明细</strong>；如您将账号内的金币提现，我们需要收集你的<strong>微信账号</strong>。这些信息是提现功能所必需的信息，拒绝提供我们将无法为您提供提现服务，但不影响其他业务功能的正常使用。<br/>\n<strong>4、业务功能四：与其他用户沟通交流</strong><br/>\n您通过我们的服务分享的内容所包含的信息，包括您的评论和想法，您的这些信息会存储于我们的服务器中。您可以随时删除以上信息，删除以上信息不会影响您正常使用本软件。<br/>\n<strong>5、业务功能五：运营与安全管理</strong><br/>\n        为向您提供安全稳定的服务、保证本软件的运营质量和效率、保障您的账号财产安全、预防冒名登录，我们会获取您的操作系统、设备型号、设备厂商、<strong>IP地址</strong>、<strong>唯一设备识别码</strong>（ICCID、设备序列号、MAC地址；Android设备：IMEI、IMSI、MEID、OAID、Android lD；iOS设备：IDFA、IDFV）、SIM卡状态、<strong>位置信息</strong>、<strong>运行中进程信息</strong>和<strong>App应用列表</strong>。如果您不同意我们收集上述信息，不会影响您使用本软件的基本业务功能，但可能因无法完成风控验证而无法使用扩展业务功能。<br/>\n\n        6、您在使用本软件时，为提供给您服务之目的，<strong>本软件可能获取您终端设备的如下权限，当然您可以拒绝开启以下权限，</strong>或在终端设备的设置中关闭本软件的以下权限，关闭以下权限不会影响您对本软件其他功能的使用：<br/>\n<strong>访问相机：</strong>您可以使用摄像头扫码进行扫一扫、直接拍摄并上传图片进行晒图或分享；<br/>\n<strong>访问本地存储：</strong>通过开启本地存储权限，实现下载本软件内的书籍、音频到您的设备存储，以及通过设备存储将您的本地文件上传到本软件；<br/>\n<strong>访问照片：</strong>您可以直接选择设备内的照片或图片进行上传评论或与客服沟通时提供证明；<br/>\n<strong>开启推送：</strong>您可以通过开启推送权限来接收得间推送的消息；<br/>\n<strong>开启无线数据/蜂窝网络：</strong>您可以通过连接无线网络或开启蜂窝网络来实现本软件需要的联网功能；<br/>\n<strong>访问电话：</strong>通过获取您的电话状态权限我们记录您的设备识别码（即IMEI或IMSI码）进行匿名化处理，用于统计及安全校验和一键登录。但该权限不会监听、获取您的通讯内容和信息。<br/>\n<strong>访问安装程序列表：</strong>通过获取您的安装程序列表我们可以确认您是否安装了我们所推广的软件，以便我们及时向您发放相应奖励。<br/>\n<strong>开启Siri与搜索：</strong>您可以通过开启Siri与搜索功能直接检索到本软件的内容；<br/>\n<strong>开启麦克风和语音识别：</strong>您可以通过语音来控制本软件的语音朗读功能及语音控制功能；<br/>\n<strong>开启后台应用刷新：</strong>开启后可以实现听书、语音朗读不受App切换到后台的影响而暂停播放；<br/>\n<strong>开启护眼模式：</strong>您在开启护眼模式后会添加护眼模式的悬浮窗，并需要获取您的进程列表保证悬浮窗的状态。<br/>\n<strong>访问日历：</strong>您可以通过开启日历权限来接收得间小说的日历提醒。<br/>\n<strong>访问剪切板：</strong>当您使用邀请好友并复制邀请码、使用“帮助与反馈”“第三方活动”时（为判断您是否参与我们与第三方展开的特定活动），我们需要读取您的剪切板信息，用于验证是否有相关口令信息。剪切板信息仅会在设备上本地处理，我们不会上传和存储您的剪切板信息用于其他用途。<br/>\n<strong>使用传感器：</strong>当您在互动广告页面使用“摇一摇”跳转详情页或第三方应用时，我们需要使用您的陀螺仪、加速度传感器和重力传感器。<br/>\n\n    7、第三方SDK接入服务所需开通的权限。我们的产品和服务可能包括第三方的产品和服务，以及第三方网站的链接。当您使用这些产品或服务时，运行中的进程也可能收集您的个人信息。<strong> <a href=\"javascript:void(0);\" target=\"_blank\">（点击查看目前我们接入的第三方SDK列表）</a></strong><br/>\n</div>",
    "policy_text_clean": "一、我们如何收集和使用您的个人信息\n一、基本业务功能\n本软件属于电子图书类应用程序，基本业务功能为电子图书搜索、阅读，您无需提供个人信息，即可使用基本业务功能。但因版权方要求和本软件运营需要，基本业务功能模式（即未登录状态/游客模式）下，您可使用的电子图书范围不包含会员书籍、付费书籍和广告解锁章节内容，您不能使用注册/登录、订购/支付、个性化推荐、活动参与等扩展业务功能。\n二、扩展业务功能\n1、业务功能一：账号注册与登录\n为完成创建账号，您需提供以下信息：您的手机号、创建的用户名和密码。\n您也可以使用第三方账号（QQ、微信、抖音、Apple ID）登录得间小说。您未登录不会影响您使用基本业务功能，但可能会影响您订购/支付、发表评论、参与活动等扩展业务功能。\n您提供的上述信息，将在您使用本服务期间持续授权我们使用。在您注销账号时，我们将停止使用并删除上述信息。\n2、业务功能二：用户画像、个性化推荐、广告功能\n您使用我们服务时，本软件会记录您的操作日志，包括搜索关键字、累计使用时长、书架、阅读记录、书籍评分。\n您还可以根据自身需求更换头像，填写昵称、性别、生日、签名，选择阅读阅读偏好来完善您的信息，这些信息是为了更好的给您定制专属个性化推荐。\n当您通过拍照的方式设置头像时，我们将申请使用您的相机（摄像头）权限；当您通过从相册选择照片上传的方式设置头像时，我们将申请使用您的相册（照片）权限。这是实现该功能所必需的，如您拒绝开启上述权限，将无法使用相应功能，但不会影响其他业务功能的正常使用。\n我们会基于前述信息以及您的操作数据提取您的偏好特征，并基于偏好特征产出间接用户画像，以便为您提供更适合您的定制化服务，向您展现或推荐相关程度更高的搜索结果。如您不同意提供前述信息，或对我们推荐的个性化内容不感兴趣，希望关闭个性化推荐时，您可以通过本软件页面“我的—设置—阅读设置—个性化推荐”路径选择关闭。关闭后，我们将不再向您展示“猜你喜欢”“喜欢这本书的人也喜欢”，您无法享受个性化推荐服务，但不影响您使用其他业务功能，您仍可继续浏览“今日力荐”“男生”“女生”等非个性化推荐内容。\n3、业务功能三：订购、支付与提现\n您通过得间小说进行账号充值（购买墨宝）、订购会员、电子书时，我们会记录您的相关信息，包括虚拟货币充值记录、获得记录、消费记录、余额和会员订购记录，这些信息会存储于我们的服务器中。以上信息为业务功能必须的信息，如您不同意我们记录前述信息，我们将无法为您提供会员和付费书籍阅读服务。如您使用订购与支付功能，第三方向您提供支付服务的公司将直接收集与支付相关的信息。\n如您使用金币提现功能，我们会记录您的金币余额和明细；如您将账号内的金币提现，我们需要收集你的微信账号。这些信息是提现功能所必需的信息，拒绝提供我们将无法为您提供提现服务，但不影响其他业务功能的正常使用。\n4、业务功能四：与其他用户沟通交流\n您通过我们的服务分享的内容所包含的信息，包括您的评论和想法，您的这些信息会存储于我们的服务器中。您可以随时删除以上信息，删除以上信息不会影响您正常使用本软件。\n5、业务功能五：运营与安全管理\n为向您提供安全稳定的服务、保证本软件的运营质量和效率、保障您的账号财产安全、预防冒名登录，我们会获取您的操作系统、设备型号、设备厂商、IP地址、唯一设备识别码（ICCID、设备序列号、MAC地址；Android设备：IMEI、IMSI、MEID、OAID、Android lD；iOS设备：IDFA、IDFV）、SIM卡状态、位置信息、运行中进程信息和App应用列表。如果您不同意我们收集上述信息，不会影响您使用本软件的基本业务功能，但可能因无法完成风控验证而无法使用扩展业务功能。\n6、您在使用本软件时，为提供给您服务之目的，本软件可能获取您终端设备的如下权限，当然您可以拒绝开启以下权限，或在终端设备的设置中关闭本软件的以下权限，关闭以下权限不会影响您对本软件其他功能的使用：\n访问相机：您可以使用摄像头扫码进行扫一扫、直接拍摄并上传图片进行晒图或分享；\n访问本地存储：通过开启本地存储权限，实现下载本软件内的书籍、音频到您的设备存储，以及通过设备存储将您的本地文件上传到本软件；\n访问照片：您可以直接选择设备内的照片或图片进行上传评论或与客服沟通时提供证明；\n开启推送：您可以通过开启推送权限来接收得间推送的消息；\n开启无线数据/蜂窝网络：您可以通过连接无线网络或开启蜂窝网络来实现本软件需要的联网功能；\n访问电话：通过获取您的电话状态权限我们记录您的设备识别码（即IMEI或IMSI码）进行匿名化处理，用于统计及安全校验和一键登录。但该权限不会监听、获取您的通讯内容和信息。\n访问安装程序列表：通过获取您的安装程序列表我们可以确认您是否安装了我们所推广的软件，以便我们及时向您发放相应奖励。\n开启Siri与搜索：您可以通过开启Siri与搜索功能直接检索到本软件的内容；\n开启麦克风和语音识别：您可以通过语音来控制本软件的语音朗读功能及语音控制功能；\n开启后台应用刷新：开启后可以实现听书、语音朗读不受App切换到后台的影响而暂停播放；\n开启护眼模式：您在开启护眼模式后会添加护眼模式的悬浮窗，并需要获取您的进程列表保证悬浮窗的状态。\n访问日历：您可以通过开启日历权限来接收得间小说的日历提醒。\n访问剪切板：当您使用邀请好友并复制邀请码、使用“帮助与反馈”“第三方活动”时（为判断您是否参与我们与第三方展开的特定活动），我们需要读取您的剪切板信息，用于验证是否有相关口令信息。剪切板信息仅会在设备上本地处理，我们不会上传和存储您的剪切板信息用于其他用途。\n使用传感器：当您在互动广告页面使用“摇一摇”跳转详情页或第三方应用时，我们需要使用您的陀螺仪、加速度传感器和重力传感器。\n7、第三方SDK接入服务所需开通的权限。我们的产品和服务可能包括第三方的产品和服务，以及第三方网站的链接。当您使用这些产品或服务时，运行中的进程也可能收集您的个人信息。 （点击查看目前我们接入的第三方SDK列表）【链接地址为：javascript:void(0);】"
}