{
    "app_id": "C101924885",
    "app_name": "滴亣亣司机",
    "app_version": "2.1.3",
    "app_download_num_description": "22 万次安装",
    "app_package_name": "com.yicai.yxdriver",
    "app_score": 4.5,
    "app_package_size": "23.5 MB",
    "app_package_size_precise": 24647191,
    "app_icon_url": "https://appimg.dbankcdn.com/application/icon144/b46075d42f6c4718abaca1751af26955.png",
    "app_developer": "安徽义翔代驾有限公司",
    "app_update_time": "2022-02-22",
    "app_update_description": "账号：13855812998,密码：111111",
    "app_description": "滴亣亣司机软件是一款能为您提供方便，快捷，安全的代驾服务，准确定位，随叫随到，全方位解决您的需求。\n司机专业上岗，安全诚可贵，代驾心周全。代您驾驶，舒适又安全。\n平价收费，优质服务，车稳人稳，安全到达。\n滴亣亣代驾竭诚为您提供更好的代驾体验，贴心服务，安全不打折。\n滴亣亣代驾专注代驾，值得信赖。",
    "app_policy_url": "https://api.didadadj.com/Static/rule_android?id=9",
    "app_listed_permission": "1.拨打电话\n2.显示在其他应用上面\n3.开机启动\n4.修改或删除存储卡中的内容\n5.访问确切位置信息（使用 GPS 和网络进行定位）\n6.访问大致位置信息（使用网络进行定位）\n7.查看 Wi-Fi 连接\n8.连接 Wi-Fi 或断开连接\n9.完全的网络访问权限\n10.相机\n11.读取存储卡中的内容\n12.修改系统设置\n13.获取额外的位置信息提供程序命令\n14.读取通话状态和移动网络信息",
    "app_listed_permission_description": "1.允许应用自动拨打电话。\n2.显示弹框、全屏界面到其他应用上面\n3.允许应用在系统完成引导后立即自动启动。这样可能会延长手机的启动时间，并允许应用始终运行，从而导致手机总体运行速度减慢。\n4.允许应用修改或删除存储卡上的照片、媒体内容和文件。\n5.允许应用基于GPS、基站、 Wi-Fi 等网络源获取位置信息。这可能会增加耗电量。\n6.允许应用基于基站、 Wi-Fi 等网络源获取位置信息。\n7.允许该应用查看 Wi-Fi 网络的相关信息，例如是否开启 Wi-Fi 及已连接的 Wi-Fi 设备名称。\n8.允许应用与 Wi-Fi 接入点建立和断开连接，并更改 Wi-Fi 网络的设备配置。\n9.允许该应用创建网络套接字和使用自定义网络协议。浏览器和其他某些应用提供了向互联网发送数据的途径，因此应用无需该权限即可向互联网发送数据。\n10.允许应用拍摄照片和视频。\n11.允许应用读取存储卡上的照片、媒体内容和文件。\n12.修改设置应用中的设置项\n13.允许应用访问额外的位置提供程序命令。此权限可让该应用干扰 GPS 或其他位置源的运行。\n14.允许应用获取本机号码、通话状态以及拨打的号码。",
    "app_category": [
        "出行导航"
    ],
    "app_subcategory": [
        "导航"
    ],
    "app_APK_url": "https://appgallery.cloud.huawei.com/appdl/C101924885",
    "app_APK_name": "C101924885-2.1.3.apk",
    "app_policy_name": "C101924885-2.1.3.txt",
    "policy_html_source_code": "<html class=\"js cssanimations\"><head>\n    \n\n<meta charset=\"utf-8\">\n<meta name=\"robots\" content=\"noindex,nofollow\">\n<meta http-equiv=\"X-UA-Compatible\" content=\"IE=edge\">\n<meta name=\"description\" content=\"\">\n<meta name=\"keywords\" content=\"\">\n<meta name=\"viewport\" content=\"width=device-width, initial-scale=1\">\n<!-- Set render engine for 360 browser -->\n<meta name=\"renderer\" content=\"webkit\">\n\n<!-- No Baidu Siteapp-->\n<meta http-equiv=\"Cache-Control\" content=\"no-siteapp\">\n\n<link rel=\"icon\" type=\"image/png\" href=\"/static/home/favicon.ico\">\n\n<!-- Add to homescreen for Chrome on Android -->\n<meta name=\"mobile-web-app-capable\" content=\"yes\">\n<link rel=\"icon\" sizes=\"192x192\" href=\"/static/Api/Amaze/i/app-icon72x72@2x.png\">\n\n<!-- Add to homescreen for Safari on iOS -->\n<meta name=\"apple-mobile-web-app-capable\" content=\"yes\">\n<meta name=\"apple-mobile-web-app-status-bar-style\" content=\"black\">\n<meta name=\"apple-mobile-web-app-title\" content=\"Amaze UI\">\n<link rel=\"apple-touch-icon-precomposed\" href=\"/static/Api/Amaze/i/app-icon72x72@2x.png\">\n\n<!-- Tile icon for Win8 (144x144 + tile color) -->\n<meta name=\"msapplication-TileImage\" content=\"/static/Api/Amaze/i/app-icon72x72@2x.png\">\n<meta name=\"msapplication-TileColor\" content=\"#0e90d2\">\n\n<link rel=\"stylesheet\" type=\"text/css\" href=\"/static/Api/Amaze/css/amazeui.css\">\n<link rel=\"stylesheet\" type=\"text/css\" href=\"/static/Api/iconfont/iconfont.css\">\n<link rel=\"stylesheet\" type=\"text/css\" href=\"/static/Api/Amaze/css/app.css\">\n\n<script type=\"text/javascript\" src=\"/static/Api/js/jquery-1.10.2.min.js\"></script>\n<script type=\"text/javascript\" src=\"/static/Api/Amaze/js/amazeui.min.js\"></script>\n<script type=\"text/javascript\" src=\"https://res.wx.qq.com/open/js/jweixin-1.3.2.js\"></script>\n\n<style>\n    body{max-width: 720px;width: 100%;margin: 0 auto;font-size: 1.6em;}\n</style>\n\n<meta name=\"__hash__\" content=\"9d492a52fa9daa50a1475306e0275070_bd63aec21678c2b79643f65fd9e17141\"></head>\n\n\n<body>\n\n\n\n\n\n    <title>使用规则及代驾协议</title>\n<meta name=\"__hash__\" content=\"9d492a52fa9daa50a1475306e0275070_bd63aec21678c2b79643f65fd9e17141\">\n\n\n<div class=\"am-container \">\n    <div class=\"mt-10\">\n        <div class=\"c000 am-text-center\" style=\"\"><strong>软件使用隐私政策（滴亣亣司机）</strong></div>\n        <hr>\n        <div>\n            <p><span style=\"font-family: &quot;Microsoft YaHei&quot;; font-size: medium; font-weight: bold;\"><span style=\"color: rgb(51, 51, 51); font-family: &quot;Microsoft YaHei&quot;, Arial, &quot;Hiragino Sans GB&quot;, sans-serif; font-size: 18px; background-color: rgb(255, 255, 255);\">滴亣亣司机</span>隐私政策</span></p><p><span style=\"font-family:Microsoft YaHei;font-size:16px\">更新日期：2022年02月18日</span></p><p><span style=\"font-family:Microsoft YaHei;font-size:16px\">生效日期：2022年02月18日</span></p><p><span style=\"font-family:Microsoft YaHei;font-size:16px\">开发者:安徽义翔代驾有限公司</span></p><p class=\"text\" style=\"font-size: 15px; font-family: &quot;Microsoft YaHei&quot;; white-space: normal;\"><span style=\"font-family: &quot;Microsoft YaHei&quot;; font-size: 15px;\">滴亣亣司机</span>非常重视对您的个人隐私保护，我们将按照本隐私政策（以下称“本政策”)收集、使用、共享和保护您的个人信息。在您使用<span style=\"font-family: &quot;Microsoft YaHei&quot;; font-size: 15px;\">滴亣亣司机</span>的产品及服务前，请您仔细阅读并全面了解本政策。如果您是未成年人，您的监护人需要仔细阅读本政策并同意您依照本政策使用我们的产品及服务。对于本政策中与您的权益存在重大关系的条款，我们已提示或将字体加粗以提示您注意。当您浏览、访问<span style=\"font-family: &quot;Microsoft YaHei&quot;; font-size: 15px;\"><span style=\"font-family: &quot;Microsoft YaHei&quot;; font-size: 15px;\">滴亣亣司机</span></span>平台及/或使用<span style=\"font-family: &quot;Microsoft YaHei&quot;; font-size: 15px;\"><span style=\"font-family: &quot;Microsoft YaHei&quot;; font-size: 15px;\">滴亣亣司机</span></span>的服务时，即表示您已经同意我们按照本政策来收集、使用、共享和保护您的个人信息。</p><p class=\"text\" style=\"font-size: 15px; font-family: &quot;Microsoft YaHei&quot;; white-space: normal;\">我们收集、使用、共享和保护您的个人信息，是在遵守国家法律法规规定的前提下，出于向您提供<span style=\"font-family: &quot;Microsoft YaHei&quot;; font-size: 15px;\"><span style=\"font-family: &quot;Microsoft YaHei&quot;; font-size: 15px;\">滴亣亣司机</span></span>的产品及服务并不断提升产品及服务质量的目的，包括但不限于支持我们开展<span style=\"font-family: &quot;Microsoft YaHei&quot;; font-size: 15px;\"><span style=\"font-family: &quot;Microsoft YaHei&quot;; font-size: 15px;\">滴亣亣司机</span></span>产品及服务相关的市场活动、完善现有产品及服务功能。</p><p><strong>您在使用滴亣亣司机端服务时，相关权限收集和用途：</strong></p><p>1、定位权限：</p><p>用途：为了能确保您的代驾行驶里程准确，避免里程公里数纠纷，我们还将收集您的行踪轨迹、精准定位信息以及经纬度信息。</p><p>2、通知栏权限：</p><p>用途：打开app会创建一个通知，使app进程处于前台进程，不易于被kill，确保息屏状态下还能上传您位置信息。</p><p>账号注销处理时效：本应用在账号注销后24小时内处理；</p><p><strong>App集成的第三方SDK列表以及用途</strong></p><p><strong>1、集成百度鹰眼轨迹SDK，主要收集代驾司机的实时位置信息，用于驾驶轨迹的实时纠偏以及实际行驶里程的计算；</strong></p><p><strong>2、集成腾讯Bugly SDK，主要收集上传app异常崩溃的日志信息，方便开发者在bugly的pc端远程的查看app崩溃的原因，快速的定位和解决app问题；</strong></p><p><strong>3、集成微信和支付宝支付SDK，调用支付sdk主要用于代驾司机的账户充值；</strong></p><p><strong>4、集成小米和OPPO推送，主要用于订单及时推送给代驾司机，及时接单处理；</strong></p><p><span class=\"title\" style=\"font-weight: bold; font-family: &quot;Microsoft YaHei&quot;; font-size: medium;\">信息的收集范围</span><br style=\"font-family: &quot;Microsoft YaHei&quot;; font-size: medium; white-space: normal;\"></p><p class=\"text\" style=\"font-size: 15px; font-family: &quot;Microsoft YaHei&quot;; white-space: normal;\">您授权我们收集您的以下个人信息：</p><p class=\"text\" style=\"font-size: 15px; font-family: &quot;Microsoft YaHei&quot;; white-space: normal;\">身份识别信息，包括但不限于您的姓名、身份证明、联系地址、电话号码、生物特征信息；</p><p class=\"text\" style=\"font-size: 15px; font-family: &quot;Microsoft YaHei&quot;; white-space: normal;\">对于司机类用户，除身份识别信息以外，我们还会收集您的公司、车辆、行驶证、驾驶证以及监督卡信息；</p><p class=\"text\" style=\"font-size: 15px; font-family: &quot;Microsoft YaHei&quot;; white-space: normal;\">您所处的地理位置及目的地信息；</p><p class=\"text\" style=\"font-size: 15px; font-family: &quot;Microsoft YaHei&quot;; white-space: normal;\">平台操作信息，包括但不限于您的IP地址、设备型号、设备标识符、操作系统版本信息；</p><p class=\"text\" style=\"font-size: 15px; font-family: &quot;Microsoft YaHei&quot;; white-space: normal;\">行程信息，包括但不限于您的出发地、到达地、路线、途经地点及里程数信息；</p><p class=\"text\" style=\"font-size: 15px; font-family: &quot;Microsoft YaHei&quot;; white-space: normal;\">支付信息，包括但不限于您的支付时间、支付金额、支付工具、银行账户及支付账户信息；</p><p class=\"text\" style=\"font-size: 15px; font-family: &quot;Microsoft YaHei&quot;; white-space: normal;\">个人信用信息，包括但不限于关于您的任何信用状况、信用分、信用报告信息；</p><p class=\"text\" style=\"font-size: 15px; font-family: &quot;Microsoft YaHei&quot;; white-space: normal;\">其他根据我们具体产品及服务的需要而收集的您的个人信息，包括但不限于您对我们及我们的产品或服务的意见、建议、您曾经使用或经常使用的移动应用软件以及使用场景和使用习惯等信息。</p><p><span class=\"title\" style=\"font-weight: bold; font-family: &quot;Microsoft YaHei&quot;; font-size: medium;\">信息的收集方法</span><br style=\"font-family: &quot;Microsoft YaHei&quot;; font-size: medium; white-space: normal;\"></p><p class=\"text\" style=\"font-size: 15px; font-family: &quot;Microsoft YaHei&quot;; white-space: normal;\">您授权我们通过以下方法收集您的个人信息：</p><p class=\"text\" style=\"font-size: 15px; font-family: &quot;Microsoft YaHei&quot;; white-space: normal;\">我们将收集和储存在您使用<span style=\"font-family: &quot;Microsoft YaHei&quot;; font-size: 15px;\"><span style=\"font-family: &quot;Microsoft YaHei&quot;; font-size: 15px;\">滴亣亣司机</span></span>的产品时主动向我们提供的信息；</p><p class=\"text\" style=\"font-size: 15px; font-family: &quot;Microsoft YaHei&quot;; white-space: normal;\">我们将收集和储存我们在向您提供<span style=\"font-family: &quot;Microsoft YaHei&quot;; font-size: 15px;\"><span style=\"font-family: &quot;Microsoft YaHei&quot;; font-size: 15px;\">滴亣亣司机</span></span>的服务的过程中记录的与您有关的信息；</p><p class=\"text\" style=\"font-size: 15px; font-family: &quot;Microsoft YaHei&quot;; white-space: normal;\">我们将收集和储存您通过我们的客服人员及/或其他渠道主动提交或反馈的信息；</p><p><span class=\"title\" style=\"font-weight: bold; font-family: &quot;Microsoft YaHei&quot;; font-size: medium;\">信息的用途</span><br style=\"font-family: &quot;Microsoft YaHei&quot;; font-size: medium; white-space: normal;\"></p><p class=\"text\" style=\"font-size: 15px; font-family: &quot;Microsoft YaHei&quot;; white-space: normal;\">您授权我们出于以下用途使用您的个人信息：</p><p class=\"text\" style=\"font-size: 15px; font-family: &quot;Microsoft YaHei&quot;; white-space: normal;\">向您提供<span style=\"font-family: &quot;Microsoft YaHei&quot;; font-size: 15px;\"><span style=\"font-family: &quot;Microsoft YaHei&quot;; font-size: 15px;\">滴亣亣司机</span></span>的产品及服务，并进行<span style=\"font-family: &quot;Microsoft YaHei&quot;; font-size: 15px;\"><span style=\"font-family: &quot;Microsoft YaHei&quot;; font-size: 15px;\">滴亣亣司机</span></span>相关网站及APP的管理和优化；</p><p class=\"text\" style=\"font-size: 15px; font-family: &quot;Microsoft YaHei&quot;; white-space: normal;\">提升和改<span style=\"font-family: &quot;Microsoft YaHei&quot;; font-size: 15px;\"><span style=\"font-family: &quot;Microsoft YaHei&quot;; font-size: 15px;\">滴亣亣司机</span></span>产品及服务的功能和质量，包括但不限于产品及服务内容的更新；</p><p class=\"text\" style=\"font-size: 15px; font-family: &quot;Microsoft YaHei&quot;; white-space: normal;\">开展<span style=\"font-family: &quot;Microsoft YaHei&quot;; font-size: 15px;\"><span style=\"font-family: &quot;Microsoft YaHei&quot;; font-size: 15px;\">滴亣亣司机</span></span>产品及服务相关的市场活动，向您推送最新的市场活动信息及优惠方案；</p><p class=\"text\" style=\"font-size: 15px; font-family: &quot;Microsoft YaHei&quot;; white-space: normal;\">设计、开发、推广全新的产品及服务；</p><p class=\"text\" style=\"font-size: 15px; font-family: &quot;Microsoft YaHei&quot;; white-space: normal;\">提高<span style=\"font-family: &quot;Microsoft YaHei&quot;; font-size: 15px;\"><span style=\"font-family: &quot;Microsoft YaHei&quot;; font-size: 15px;\">滴亣亣司机</span></span>产品及服务安全性，包括但不限于身份验证、客户服务、安全防范、诈骗监测、存档和备份；</p><p class=\"text\" style=\"font-size: 15px; font-family: &quot;Microsoft YaHei&quot;; white-space: normal;\">协助行政机关、司法机构等有权机关开展调査，并遵守适用法律法规及其他向有权机关承诺之义务；</p><p class=\"text\" style=\"font-size: 15px; font-family: &quot;Microsoft YaHei&quot;; white-space: normal;\">在收集信息之时所通知您的用途以及与上述任何用途有关的其他用途；</p><p class=\"text\" style=\"font-size: 15px; font-family: &quot;Microsoft YaHei&quot;; white-space: normal;\">此外，我们可能向您发送与上述用途有关的信息和通知，包括但不限于为保证服务完成所必须的验证码、使用产品或服务时所必要的推送通知、当前用车费用优惠及减免信息。</p><p><span class=\"title\" style=\"font-weight: bold; font-family: &quot;Microsoft YaHei&quot;; font-size: medium;\">信息的共享</span><br style=\"font-family: &quot;Microsoft YaHei&quot;; font-size: medium; white-space: normal;\"></p><p class=\"text\" style=\"font-size: 15px; font-family: &quot;Microsoft YaHei&quot;; white-space: normal;\">我们对您的个人信息承担保密义务，但您授权我们在下列情况下将您的信息与第三方共享：</p><p class=\"text\" style=\"font-size: 15px; font-family: &quot;Microsoft YaHei&quot;; white-space: normal;\">为了提升我们的产品及服务质量或向您提供全新的产品及服务，我们会在关联公司内部共享您的相关信息，也可能将我们收集的信息提供给第三方用于分析和统计；</p><p class=\"text\" style=\"font-size: 15px; font-family: &quot;Microsoft YaHei&quot;; white-space: normal;\">如果您通过<span style=\"font-family: &quot;Microsoft YaHei&quot;; font-size: 15px;\"><span style=\"font-family: &quot;Microsoft YaHei&quot;; font-size: 15px;\">滴亣亣司机</span></span>平台使用的某些产品及服务是由我们的合作伙伴提供的，或是由我们与合作伙伴或供应商共同提供的，我们将与其共享向您提供相应产品及服务所必需的信息；</p><p class=\"text\" style=\"font-size: 15px; font-family: &quot;Microsoft YaHei&quot;; white-space: normal;\">为了与第三方开展联合推广活动，我们可能与其共享开展活动所必需的以及在活动过程中产生的相关信息；</p><p class=\"text\" style=\"font-size: 15px; font-family: &quot;Microsoft YaHei&quot;; white-space: normal;\">为了维护您的合法权益，在协助处理与您有关的交易纠纷或争议时，我们会向您的交易相对方或存在利害关系的第三方提供解决交易纠纷或争议所必需的信息；</p><p class=\"text\" style=\"font-size: 15px; font-family: &quot;Microsoft YaHei&quot;; white-space: normal;\">根据法律法规的规定及商业惯例，我们需要接受第三方的审计或尽职调査时，可能向其提供您的相关信息；</p><p class=\"text\" style=\"font-size: 15px; font-family: &quot;Microsoft YaHei&quot;; white-space: normal;\">根据法律法规的规定或行政机关、司法机构等有权机关要求，我们会向其提供您的相关信息；</p><p class=\"text\" style=\"font-size: 15px; font-family: &quot;Microsoft YaHei&quot;; white-space: normal;\">其他经您同意或授权可以向第三方提供您的个人信息的情况。</p><p><span class=\"title\" style=\"font-weight: bold; font-family: &quot;Microsoft YaHei&quot;; font-size: medium;\">信息的安全及保护措施</span><br style=\"font-family: &quot;Microsoft YaHei&quot;; font-size: medium; white-space: normal;\"></p><p class=\"text\" style=\"font-size: 15px; font-family: &quot;Microsoft YaHei&quot;; white-space: normal;\">我们及我们的关联公司将采用严格的安全制度以及行业通行的安全技术和程序来确保您的个人信息不被丢失、泄露、毀损或滥用。我们的员工及服务外包人员将受到保密协议的约束，同时还将受到数据信息的权限控制和操作监控。</p><p class=\"text\" style=\"font-size: 15px; font-family: &quot;Microsoft YaHei&quot;; white-space: normal;\">请您注意，任何安全系统都存在可能的及未知的风险。</p><p class=\"text\" style=\"font-size: 15px; font-family: &quot;Microsoft YaHei&quot;; white-space: normal;\">您的交易相对方、您访问的第三方网站经营者、您使用的第三方服务提供者和通过我们获取您的个人信息的第三方可能有自己的隐私权保护政策以及获取您个人信息的方法和措施，这些第三方的隐私权保护政策、获取个人信息的方法和措施将不会受到我们的控制。虽然我们将与可能接触到您的个人信息的我们的合作方及供应商等第三方签署保密协议并尽合理的努力督促其履行保密义务，但我们无法保证第三方一定会按照我们的要求采取保密措施，我们亦不对第三方的行为及后果承担任何责任。</p><p class=\"text\" style=\"font-size: 15px; font-family: &quot;Microsoft YaHei&quot;; white-space: normal;\"><strong>作为用户，您可根据您的意愿决定是否使用<span style=\"font-family: &quot;Microsoft YaHei&quot;; font-size: 15px;\"><span style=\"font-family: &quot;Microsoft YaHei&quot;; font-size: 15px;\">滴亣亣司机</span></span>平台的服务，是否主动提供个人信息。同时，您可以查看您提供给我们的个人信息及行程信息。如果您希望账号注销相关信息及账号注销删除或更正您的个人信息，请联系我们的工作人员,我们将在48小时之内根据<strong style=\"font-family: &quot;Microsoft YaHei&quot;; font-size: 15px; white-space: normal;\">您</strong>的意愿进行相关的操作。如果是更正个人信息，我将审核您的资料进行变更；如果您是注销账号信息，请您先电话（15391985158）联系我们的工作人员，我们的工作人员接到您的请求后会即时清除您在本平台所有的个人隐私信息以及个人账号，届时平台不会再存储您个人所有的信息。</strong></p><p class=\"text\" style=\"font-size: 15px; font-family: &quot;Microsoft YaHei&quot;; white-space: normal;\">如果我们监测到您将<span style=\"font-family: &quot;Microsoft YaHei&quot;; font-size: 15px;\"><span style=\"font-family: &quot;Microsoft YaHei&quot;; font-size: 15px;\">滴亣亣司机</span></span>的产品及服务以及相关信息用于欺诈或非法目的，我们将会采取相应措施，包括但不限于中止或终止向您提供任何产品或服务。</p>        </div>\n\n        <!-- <div class=\"c000 am-text-center\" style=\"\"><strong></strong></div>\n        <hr/>\n        <div>\n                    </div>-->\n    </div>\n</div>\n\n\n</body></html>",
    "policy_text": "使用规则及代驾协议\n软件使用隐私政策（滴亣亣司机）\n滴亣亣司机隐私政策\n更新日期：2022年02月18日\n生效日期：2022年02月18日\n开发者:安徽义翔代驾有限公司\n滴亣亣司机非常重视对您的个人隐私保护，我们将按照本隐私政策（以下称“本政策”)收集、使用、共享和保护您的个人信息。在您使用滴亣亣司机的产品及服务前，请您仔细阅读并全面了解本政策。如果您是未成年人，您的监护人需要仔细阅读本政策并同意您依照本政策使用我们的产品及服务。对于本政策中与您的权益存在重大关系的条款，我们已提示或将字体加粗以提示您注意。当您浏览、访问滴亣亣司机平台及/或使用滴亣亣司机的服务时，即表示您已经同意我们按照本政策来收集、使用、共享和保护您的个人信息。\n我们收集、使用、共享和保护您的个人信息，是在遵守国家法律法规规定的前提下，出于向您提供滴亣亣司机的产品及服务并不断提升产品及服务质量的目的，包括但不限于支持我们开展滴亣亣司机产品及服务相关的市场活动、完善现有产品及服务功能。\n您在使用滴亣亣司机端服务时，相关权限收集和用途：\n1、定位权限：\n用途：为了能确保您的代驾行驶里程准确，避免里程公里数纠纷，我们还将收集您的行踪轨迹、精准定位信息以及经纬度信息。\n2、通知栏权限：\n用途：打开app会创建一个通知，使app进程处于前台进程，不易于被kill，确保息屏状态下还能上传您位置信息。\n账号注销处理时效：本应用在账号注销后24小时内处理；\nApp集成的第三方SDK列表以及用途\n1、集成百度鹰眼轨迹SDK，主要收集代驾司机的实时位置信息，用于驾驶轨迹的实时纠偏以及实际行驶里程的计算；\n2、集成腾讯Bugly SDK，主要收集上传app异常崩溃的日志信息，方便开发者在bugly的pc端远程的查看app崩溃的原因，快速的定位和解决app问题；\n3、集成微信和支付宝支付SDK，调用支付sdk主要用于代驾司机的账户充值；\n4、集成小米和OPPO推送，主要用于订单及时推送给代驾司机，及时接单处理；\n信息的收集范围\n您授权我们收集您的以下个人信息：\n身份识别信息，包括但不限于您的姓名、身份证明、联系地址、电话号码、生物特征信息；\n对于司机类用户，除身份识别信息以外，我们还会收集您的公司、车辆、行驶证、驾驶证以及监督卡信息；\n您所处的地理位置及目的地信息；\n平台操作信息，包括但不限于您的IP地址、设备型号、设备标识符、操作系统版本信息；\n行程信息，包括但不限于您的出发地、到达地、路线、途经地点及里程数信息；\n支付信息，包括但不限于您的支付时间、支付金额、支付工具、银行账户及支付账户信息；\n个人信用信息，包括但不限于关于您的任何信用状况、信用分、信用报告信息；\n其他根据我们具体产品及服务的需要而收集的您的个人信息，包括但不限于您对我们及我们的产品或服务的意见、建议、您曾经使用或经常使用的移动应用软件以及使用场景和使用习惯等信息。\n信息的收集方法\n您授权我们通过以下方法收集您的个人信息：\n我们将收集和储存在您使用滴亣亣司机的产品时主动向我们提供的信息；\n我们将收集和储存我们在向您提供滴亣亣司机的服务的过程中记录的与您有关的信息；\n我们将收集和储存您通过我们的客服人员及/或其他渠道主动提交或反馈的信息；\n信息的用途\n您授权我们出于以下用途使用您的个人信息：\n向您提供滴亣亣司机的产品及服务，并进行滴亣亣司机相关网站及APP的管理和优化；\n提升和改滴亣亣司机产品及服务的功能和质量，包括但不限于产品及服务内容的更新；\n开展滴亣亣司机产品及服务相关的市场活动，向您推送最新的市场活动信息及优惠方案；\n设计、开发、推广全新的产品及服务；\n提高滴亣亣司机产品及服务安全性，包括但不限于身份验证、客户服务、安全防范、诈骗监测、存档和备份；\n协助行政机关、司法机构等有权机关开展调査，并遵守适用法律法规及其他向有权机关承诺之义务；\n在收集信息之时所通知您的用途以及与上述任何用途有关的其他用途；\n此外，我们可能向您发送与上述用途有关的信息和通知，包括但不限于为保证服务完成所必须的验证码、使用产品或服务时所必要的推送通知、当前用车费用优惠及减免信息。\n信息的共享\n我们对您的个人信息承担保密义务，但您授权我们在下列情况下将您的信息与第三方共享：\n为了提升我们的产品及服务质量或向您提供全新的产品及服务，我们会在关联公司内部共享您的相关信息，也可能将我们收集的信息提供给第三方用于分析和统计；\n如果您通过滴亣亣司机平台使用的某些产品及服务是由我们的合作伙伴提供的，或是由我们与合作伙伴或供应商共同提供的，我们将与其共享向您提供相应产品及服务所必需的信息；\n为了与第三方开展联合推广活动，我们可能与其共享开展活动所必需的以及在活动过程中产生的相关信息；\n为了维护您的合法权益，在协助处理与您有关的交易纠纷或争议时，我们会向您的交易相对方或存在利害关系的第三方提供解决交易纠纷或争议所必需的信息；\n根据法律法规的规定及商业惯例，我们需要接受第三方的审计或尽职调査时，可能向其提供您的相关信息；\n根据法律法规的规定或行政机关、司法机构等有权机关要求，我们会向其提供您的相关信息；\n其他经您同意或授权可以向第三方提供您的个人信息的情况。\n信息的安全及保护措施\n我们及我们的关联公司将采用严格的安全制度以及行业通行的安全技术和程序来确保您的个人信息不被丢失、泄露、毀损或滥用。我们的员工及服务外包人员将受到保密协议的约束，同时还将受到数据信息的权限控制和操作监控。\n请您注意，任何安全系统都存在可能的及未知的风险。\n您的交易相对方、您访问的第三方网站经营者、您使用的第三方服务提供者和通过我们获取您的个人信息的第三方可能有自己的隐私权保护政策以及获取您个人信息的方法和措施，这些第三方的隐私权保护政策、获取个人信息的方法和措施将不会受到我们的控制。虽然我们将与可能接触到您的个人信息的我们的合作方及供应商等第三方签署保密协议并尽合理的努力督促其履行保密义务，但我们无法保证第三方一定会按照我们的要求采取保密措施，我们亦不对第三方的行为及后果承担任何责任。\n作为用户，您可根据您的意愿决定是否使用滴亣亣司机平台的服务，是否主动提供个人信息。同时，您可以查看您提供给我们的个人信息及行程信息。如果您希望账号注销相关信息及账号注销删除或更正您的个人信息，请联系我们的工作人员,我们将在48小时之内根据您的意愿进行相关的操作。如果是更正个人信息，我将审核您的资料进行变更；如果您是注销账号信息，请您先电话（15391985158）联系我们的工作人员，我们的工作人员接到您的请求后会即时清除您在本平台所有的个人隐私信息以及个人账号，届时平台不会再存储您个人所有的信息。\n如果我们监测到您将滴亣亣司机的产品及服务以及相关信息用于欺诈或非法目的，我们将会采取相应措施，包括但不限于中止或终止向您提供任何产品或服务。\n",
    "policy_html_source_code_clean": "使用规则及代驾协议\n<div>\n<p><span><span>滴亣亣司机</span>隐私政策</span></p><p><span>更新日期：2022年02月18日</span></p><p><span>生效日期：2022年02月18日</span></p><p><span>开发者:安徽义翔代驾有限公司</span></p><p><span>滴亣亣司机</span>非常重视对您的个人隐私保护，我们将按照本隐私政策（以下称“本政策”)收集、使用、共享和保护您的个人信息。在您使用<span>滴亣亣司机</span>的产品及服务前，请您仔细阅读并全面了解本政策。如果您是未成年人，您的监护人需要仔细阅读本政策并同意您依照本政策使用我们的产品及服务。对于本政策中与您的权益存在重大关系的条款，我们已提示或将字体加粗以提示您注意。当您浏览、访问<span><span>滴亣亣司机</span></span>平台及/或使用<span><span>滴亣亣司机</span></span>的服务时，即表示您已经同意我们按照本政策来收集、使用、共享和保护您的个人信息。</p><p>我们收集、使用、共享和保护您的个人信息，是在遵守国家法律法规规定的前提下，出于向您提供<span><span>滴亣亣司机</span></span>的产品及服务并不断提升产品及服务质量的目的，包括但不限于支持我们开展<span><span>滴亣亣司机</span></span>产品及服务相关的市场活动、完善现有产品及服务功能。</p><p><strong>您在使用滴亣亣司机端服务时，相关权限收集和用途：</strong></p><p>1、定位权限：</p><p>用途：为了能确保您的代驾行驶里程准确，避免里程公里数纠纷，我们还将收集您的行踪轨迹、精准定位信息以及经纬度信息。</p><p>2、通知栏权限：</p><p>用途：打开app会创建一个通知，使app进程处于前台进程，不易于被kill，确保息屏状态下还能上传您位置信息。</p><p>账号注销处理时效：本应用在账号注销后24小时内处理；</p><p><strong>App集成的第三方SDK列表以及用途</strong></p><p><strong>1、集成百度鹰眼轨迹SDK，主要收集代驾司机的实时位置信息，用于驾驶轨迹的实时纠偏以及实际行驶里程的计算；</strong></p><p><strong>2、集成腾讯Bugly SDK，主要收集上传app异常崩溃的日志信息，方便开发者在bugly的pc端远程的查看app崩溃的原因，快速的定位和解决app问题；</strong></p><p><strong>3、集成微信和支付宝支付SDK，调用支付sdk主要用于代驾司机的账户充值；</strong></p><p><strong>4、集成小米和OPPO推送，主要用于订单及时推送给代驾司机，及时接单处理；</strong></p><p><span>信息的收集范围</span><br/></p><p>您授权我们收集您的以下个人信息：</p><p>身份识别信息，包括但不限于您的姓名、身份证明、联系地址、电话号码、生物特征信息；</p><p>对于司机类用户，除身份识别信息以外，我们还会收集您的公司、车辆、行驶证、驾驶证以及监督卡信息；</p><p>您所处的地理位置及目的地信息；</p><p>平台操作信息，包括但不限于您的IP地址、设备型号、设备标识符、操作系统版本信息；</p><p>行程信息，包括但不限于您的出发地、到达地、路线、途经地点及里程数信息；</p><p>支付信息，包括但不限于您的支付时间、支付金额、支付工具、银行账户及支付账户信息；</p><p>个人信用信息，包括但不限于关于您的任何信用状况、信用分、信用报告信息；</p><p>其他根据我们具体产品及服务的需要而收集的您的个人信息，包括但不限于您对我们及我们的产品或服务的意见、建议、您曾经使用或经常使用的移动应用软件以及使用场景和使用习惯等信息。</p><p><span>信息的收集方法</span><br/></p><p>您授权我们通过以下方法收集您的个人信息：</p><p>我们将收集和储存在您使用<span><span>滴亣亣司机</span></span>的产品时主动向我们提供的信息；</p><p>我们将收集和储存我们在向您提供<span><span>滴亣亣司机</span></span>的服务的过程中记录的与您有关的信息；</p><p>我们将收集和储存您通过我们的客服人员及/或其他渠道主动提交或反馈的信息；</p><p><span>信息的用途</span><br/></p><p>您授权我们出于以下用途使用您的个人信息：</p><p>向您提供<span><span>滴亣亣司机</span></span>的产品及服务，并进行<span><span>滴亣亣司机</span></span>相关网站及APP的管理和优化；</p><p>提升和改<span><span>滴亣亣司机</span></span>产品及服务的功能和质量，包括但不限于产品及服务内容的更新；</p><p>开展<span><span>滴亣亣司机</span></span>产品及服务相关的市场活动，向您推送最新的市场活动信息及优惠方案；</p><p>设计、开发、推广全新的产品及服务；</p><p>提高<span><span>滴亣亣司机</span></span>产品及服务安全性，包括但不限于身份验证、客户服务、安全防范、诈骗监测、存档和备份；</p><p>协助行政机关、司法机构等有权机关开展调査，并遵守适用法律法规及其他向有权机关承诺之义务；</p><p>在收集信息之时所通知您的用途以及与上述任何用途有关的其他用途；</p><p>此外，我们可能向您发送与上述用途有关的信息和通知，包括但不限于为保证服务完成所必须的验证码、使用产品或服务时所必要的推送通知、当前用车费用优惠及减免信息。</p><p><span>信息的共享</span><br/></p><p>我们对您的个人信息承担保密义务，但您授权我们在下列情况下将您的信息与第三方共享：</p><p>为了提升我们的产品及服务质量或向您提供全新的产品及服务，我们会在关联公司内部共享您的相关信息，也可能将我们收集的信息提供给第三方用于分析和统计；</p><p>如果您通过<span><span>滴亣亣司机</span></span>平台使用的某些产品及服务是由我们的合作伙伴提供的，或是由我们与合作伙伴或供应商共同提供的，我们将与其共享向您提供相应产品及服务所必需的信息；</p><p>为了与第三方开展联合推广活动，我们可能与其共享开展活动所必需的以及在活动过程中产生的相关信息；</p><p>为了维护您的合法权益，在协助处理与您有关的交易纠纷或争议时，我们会向您的交易相对方或存在利害关系的第三方提供解决交易纠纷或争议所必需的信息；</p><p>根据法律法规的规定及商业惯例，我们需要接受第三方的审计或尽职调査时，可能向其提供您的相关信息；</p><p>根据法律法规的规定或行政机关、司法机构等有权机关要求，我们会向其提供您的相关信息；</p><p>其他经您同意或授权可以向第三方提供您的个人信息的情况。</p><p><span>信息的安全及保护措施</span><br/></p><p>我们及我们的关联公司将采用严格的安全制度以及行业通行的安全技术和程序来确保您的个人信息不被丢失、泄露、毀损或滥用。我们的员工及服务外包人员将受到保密协议的约束，同时还将受到数据信息的权限控制和操作监控。</p><p>请您注意，任何安全系统都存在可能的及未知的风险。</p><p>您的交易相对方、您访问的第三方网站经营者、您使用的第三方服务提供者和通过我们获取您的个人信息的第三方可能有自己的隐私权保护政策以及获取您个人信息的方法和措施，这些第三方的隐私权保护政策、获取个人信息的方法和措施将不会受到我们的控制。虽然我们将与可能接触到您的个人信息的我们的合作方及供应商等第三方签署保密协议并尽合理的努力督促其履行保密义务，但我们无法保证第三方一定会按照我们的要求采取保密措施，我们亦不对第三方的行为及后果承担任何责任。</p><p><strong>作为用户，您可根据您的意愿决定是否使用<span><span>滴亣亣司机</span></span>平台的服务，是否主动提供个人信息。同时，您可以查看您提供给我们的个人信息及行程信息。如果您希望账号注销相关信息及账号注销删除或更正您的个人信息，请联系我们的工作人员,我们将在48小时之内根据<strong>您</strong>的意愿进行相关的操作。如果是更正个人信息，我将审核您的资料进行变更；如果您是注销账号信息，请您先电话（15391985158）联系我们的工作人员，我们的工作人员接到您的请求后会即时清除您在本平台所有的个人隐私信息以及个人账号，届时平台不会再存储您个人所有的信息。</strong></p><p>如果我们监测到您将<span><span>滴亣亣司机</span></span>的产品及服务以及相关信息用于欺诈或非法目的，我们将会采取相应措施，包括但不限于中止或终止向您提供任何产品或服务。</p> </div>",
    "policy_text_clean": "使用规则及代驾协议\n滴亣亣司机隐私政策\n更新日期：2022年02月18日\n生效日期：2022年02月18日\n开发者:安徽义翔代驾有限公司\n滴亣亣司机非常重视对您的个人隐私保护，我们将按照本隐私政策（以下称“本政策”)收集、使用、共享和保护您的个人信息。在您使用滴亣亣司机的产品及服务前，请您仔细阅读并全面了解本政策。如果您是未成年人，您的监护人需要仔细阅读本政策并同意您依照本政策使用我们的产品及服务。对于本政策中与您的权益存在重大关系的条款，我们已提示或将字体加粗以提示您注意。当您浏览、访问滴亣亣司机平台及/或使用滴亣亣司机的服务时，即表示您已经同意我们按照本政策来收集、使用、共享和保护您的个人信息。\n我们收集、使用、共享和保护您的个人信息，是在遵守国家法律法规规定的前提下，出于向您提供滴亣亣司机的产品及服务并不断提升产品及服务质量的目的，包括但不限于支持我们开展滴亣亣司机产品及服务相关的市场活动、完善现有产品及服务功能。\n您在使用滴亣亣司机端服务时，相关权限收集和用途：\n1、定位权限：\n用途：为了能确保您的代驾行驶里程准确，避免里程公里数纠纷，我们还将收集您的行踪轨迹、精准定位信息以及经纬度信息。\n2、通知栏权限：\n用途：打开app会创建一个通知，使app进程处于前台进程，不易于被kill，确保息屏状态下还能上传您位置信息。\n账号注销处理时效：本应用在账号注销后24小时内处理；\nApp集成的第三方SDK列表以及用途\n1、集成百度鹰眼轨迹SDK，主要收集代驾司机的实时位置信息，用于驾驶轨迹的实时纠偏以及实际行驶里程的计算；\n2、集成腾讯Bugly SDK，主要收集上传app异常崩溃的日志信息，方便开发者在bugly的pc端远程的查看app崩溃的原因，快速的定位和解决app问题；\n3、集成微信和支付宝支付SDK，调用支付sdk主要用于代驾司机的账户充值；\n4、集成小米和OPPO推送，主要用于订单及时推送给代驾司机，及时接单处理；\n信息的收集范围\n您授权我们收集您的以下个人信息：\n身份识别信息，包括但不限于您的姓名、身份证明、联系地址、电话号码、生物特征信息；\n对于司机类用户，除身份识别信息以外，我们还会收集您的公司、车辆、行驶证、驾驶证以及监督卡信息；\n您所处的地理位置及目的地信息；\n平台操作信息，包括但不限于您的IP地址、设备型号、设备标识符、操作系统版本信息；\n行程信息，包括但不限于您的出发地、到达地、路线、途经地点及里程数信息；\n支付信息，包括但不限于您的支付时间、支付金额、支付工具、银行账户及支付账户信息；\n个人信用信息，包括但不限于关于您的任何信用状况、信用分、信用报告信息；\n其他根据我们具体产品及服务的需要而收集的您的个人信息，包括但不限于您对我们及我们的产品或服务的意见、建议、您曾经使用或经常使用的移动应用软件以及使用场景和使用习惯等信息。\n信息的收集方法\n您授权我们通过以下方法收集您的个人信息：\n我们将收集和储存在您使用滴亣亣司机的产品时主动向我们提供的信息；\n我们将收集和储存我们在向您提供滴亣亣司机的服务的过程中记录的与您有关的信息；\n我们将收集和储存您通过我们的客服人员及/或其他渠道主动提交或反馈的信息；\n信息的用途\n您授权我们出于以下用途使用您的个人信息：\n向您提供滴亣亣司机的产品及服务，并进行滴亣亣司机相关网站及APP的管理和优化；\n提升和改滴亣亣司机产品及服务的功能和质量，包括但不限于产品及服务内容的更新；\n开展滴亣亣司机产品及服务相关的市场活动，向您推送最新的市场活动信息及优惠方案；\n设计、开发、推广全新的产品及服务；\n提高滴亣亣司机产品及服务安全性，包括但不限于身份验证、客户服务、安全防范、诈骗监测、存档和备份；\n协助行政机关、司法机构等有权机关开展调査，并遵守适用法律法规及其他向有权机关承诺之义务；\n在收集信息之时所通知您的用途以及与上述任何用途有关的其他用途；\n此外，我们可能向您发送与上述用途有关的信息和通知，包括但不限于为保证服务完成所必须的验证码、使用产品或服务时所必要的推送通知、当前用车费用优惠及减免信息。\n信息的共享\n我们对您的个人信息承担保密义务，但您授权我们在下列情况下将您的信息与第三方共享：\n为了提升我们的产品及服务质量或向您提供全新的产品及服务，我们会在关联公司内部共享您的相关信息，也可能将我们收集的信息提供给第三方用于分析和统计；\n如果您通过滴亣亣司机平台使用的某些产品及服务是由我们的合作伙伴提供的，或是由我们与合作伙伴或供应商共同提供的，我们将与其共享向您提供相应产品及服务所必需的信息；\n为了与第三方开展联合推广活动，我们可能与其共享开展活动所必需的以及在活动过程中产生的相关信息；\n为了维护您的合法权益，在协助处理与您有关的交易纠纷或争议时，我们会向您的交易相对方或存在利害关系的第三方提供解决交易纠纷或争议所必需的信息；\n根据法律法规的规定及商业惯例，我们需要接受第三方的审计或尽职调査时，可能向其提供您的相关信息；\n根据法律法规的规定或行政机关、司法机构等有权机关要求，我们会向其提供您的相关信息；\n其他经您同意或授权可以向第三方提供您的个人信息的情况。\n信息的安全及保护措施\n我们及我们的关联公司将采用严格的安全制度以及行业通行的安全技术和程序来确保您的个人信息不被丢失、泄露、毀损或滥用。我们的员工及服务外包人员将受到保密协议的约束，同时还将受到数据信息的权限控制和操作监控。\n请您注意，任何安全系统都存在可能的及未知的风险。\n您的交易相对方、您访问的第三方网站经营者、您使用的第三方服务提供者和通过我们获取您的个人信息的第三方可能有自己的隐私权保护政策以及获取您个人信息的方法和措施，这些第三方的隐私权保护政策、获取个人信息的方法和措施将不会受到我们的控制。虽然我们将与可能接触到您的个人信息的我们的合作方及供应商等第三方签署保密协议并尽合理的努力督促其履行保密义务，但我们无法保证第三方一定会按照我们的要求采取保密措施，我们亦不对第三方的行为及后果承担任何责任。\n作为用户，您可根据您的意愿决定是否使用滴亣亣司机平台的服务，是否主动提供个人信息。同时，您可以查看您提供给我们的个人信息及行程信息。如果您希望账号注销相关信息及账号注销删除或更正您的个人信息，请联系我们的工作人员,我们将在48小时之内根据您的意愿进行相关的操作。如果是更正个人信息，我将审核您的资料进行变更；如果您是注销账号信息，请您先电话（15391985158）联系我们的工作人员，我们的工作人员接到您的请求后会即时清除您在本平台所有的个人隐私信息以及个人账号，届时平台不会再存储您个人所有的信息。\n如果我们监测到您将滴亣亣司机的产品及服务以及相关信息用于欺诈或非法目的，我们将会采取相应措施，包括但不限于中止或终止向您提供任何产品或服务。\n"
}