{
    "app_id": "C103119447",
    "app_name": "石泉石美石城",
    "app_version": "1.0.0",
    "app_download_num_description": "<1 万次安装",
    "app_package_name": "sc.android.app",
    "app_score": 0.0,
    "app_package_size": "18.9 MB",
    "app_package_size_precise": 19848417,
    "app_icon_url": "https://appimg.dbankcdn.com/application/icon144/783d1431c8674c268233d13e5289acaf_1.png",
    "app_developer": "石城县文化广电新闻出版旅游局",
    "app_update_time": "2020-10-24",
    "app_update_description": null,
    "app_description": "石泉石美石城app是为江西省赣州市石城县全域旅游提供智慧服务的专用app。   该产品为每一位来石城县休闲游玩的市民游客提供在线导航、必玩景点、游记攻略、精品推荐、住宿门票特色等多种服务。\n[联系我们]   官方微信公众号: 石城旅游\n官方微信小程序: 智游石城",
    "app_policy_url": "http://sc.tuyogo.com/service.html",
    "app_listed_permission": "1.读取联系人\n2.拨打电话\n3.查找设备上的帐户\n4.修改或删除存储卡中的内容\n5.访问确切位置信息（使用 GPS 和网络进行定位）\n6.访问大致位置信息（使用网络进行定位）\n7.新建/修改/删除联系人\n8.录制音频\n9.连接 Wi-Fi 或断开连接\n10.更改网络连接性\n11.相机\n12.读取存储卡中的内容\n13.读取通话状态和移动网络信息\n14.修改系统设置",
    "app_listed_permission_description": "1.允许应用读取、保存、分享电话及邮件联系人的相关数据。\n2.允许应用自动拨打电话。\n3.允许应用获取设备已安装应用的帐户列表。\n4.允许应用修改或删除存储卡上的照片、媒体内容和文件。\n5.允许应用基于GPS、基站、 Wi-Fi 等网络源获取位置信息。这可能会增加耗电量。\n6.允许应用基于基站、 Wi-Fi 等网络源获取位置信息。\n7.允许应用新建、修改、删除电话及邮件联系人的相关数据。\n8.允许应用录制音频。\n9.允许应用与 Wi-Fi 接入点建立和断开连接，并更改 Wi-Fi 网络的设备配置。\n10.允许该应用更改网络连接的状态。\n11.允许应用拍摄照片和视频。\n12.允许应用读取存储卡上的照片、媒体内容和文件。\n13.允许应用获取本机号码、通话状态以及拨打的号码。\n14.修改设置应用中的设置项",
    "app_category": [
        "旅游住宿"
    ],
    "app_subcategory": [
        "旅游",
        "热门"
    ],
    "app_APK_url": "https://appgallery.cloud.huawei.com/appdl/C103119447",
    "app_APK_name": "C103119447-1.0.0.apk",
    "app_policy_name": "C103119447-1.0.0.txt",
    "policy_html_source_code": "<html><head><meta http-equiv=\"Content-Type\" content=\"text/html; charset=GBK\"></head><body>\n\t<view style=\"margin-bottom: 32upx; display: flex; flex-direction: column; margin: 30upx; font-size: 24upx; line-height: 50upx;\">\n\t\t<text>石泉石美石城 应用是由石城县文化广电新闻出版旅游局（以下简称“石城文旅”）为您提供的旅游相关服务产品。石泉石美石城 尊重并保护所有使用服务用户的个人隐私权。为了给您提供更准确、更有个性化的服务，石泉石美石城 会按照本隐私权政策的规定使用和披露您的个人信息。但石泉石美石城 将以高度的勤勉、审慎义务对待这些信息。除本隐私权政策另有规定外，在未征得您事先许可的情况下，石泉石美石城 不会将这些信息对外披露或向第三方提供。石泉石美石城 会不时更新本隐私权政策。 您在同意石泉石美石城 服务使用协议之时，即视为您已经同意本隐私权政策全部内容。本隐私权政策属于石泉石美石城 服务使用协议不可分割的一部分。 \n\t\t</text><text style=\"font-size: 28upx; font-weight: bold;\">\n\t\t1. 适用范围 \n\t\t</text><text>\n\t\ta) 在您注册石泉石美石城 帐号时，您根据石泉石美石城 要求提供的个人注册信息； \n\t\t</text><text>\n\t\t\n\t\t\n\t\tb) 在您使用石泉石美石城 网络服务，或访问石泉石美石城 平台网页时，石泉石美石城 自动接收并记录的您的浏览器和计算机上的信息，包括但不限于您的IP地址、浏览器的类型、使用的语言、访问日期和时间、软硬件特征信息及您需求的网页记录等数据； \n\t\t</text><text>\n\t\t\n\t\t\n\t\tc) 石泉石美石城 通过合法途径从商业伙伴处取得的用户个人数据。 \n\t\t\n\t\t</text><text>\n\t\t\n\t\t您了解并同意，以下信息不适用本隐私权政策： \n\t\t\n\t\t</text><text>\n\t\t\n\t\ta) 您在使用石泉石美石城 平台提供的搜索服务时输入的关键字信息； \n\t\t\n\t\t</text><text>\n\t\t\n\t\tb) 石泉石美石城 收集到的您在石泉石美石城 发布的有关信息数据，包括但不限于参与活动、成交信息及评价详情； \n\t\t</text><text>\n\t\t\n\t\t\n\t\tc) 违反法律规定或违反石泉石美石城 规则行为及石泉石美石城 已对您采取的措施。 \n\t\t</text><text style=\"font-size: 28upx; font-weight: bold;\">\n\t\t\n\t\t2. 信息使用 \n\t\t</text><text>\n\t\t\n\t\t\n\t\ta) 石泉石美石城 不会向任何无关第三方提供、出售、出租、分享或交易您的个人信息，除非事先得到您的许可，或该第三方和石泉石美石城 （含石泉石美石城 关联公司）单独或共同为您提供服务，且在该服务结束后，其将被禁止访问包括其以前能够访问的所有这些资料。 \n\t\t</text><text>\n\t\t\n\t\t\n\t\tb) 石泉石美石城 亦不允许任何第三方以任何手段收集、编辑、出售或者无偿传播您的个人信息。任何石泉石美石城 平台用户如从事上述活动，一经发现，石泉石美石城 有权立即终止与该用户的服务协议。 \n\t\t</text><text>\n\t\t\n\t\t\n\t\tc) 为服务用户的目的，石泉石美石城 可能通过使用您的个人信息，向您提供您感兴趣的信息，包括但不限于向您发出产品和服务信息，或者与石泉石美石城 合作伙伴共享信息以便他们向您发送有关其产品和服务的信息（后者需要您的事先同意）。 \n\t\t\n\t\t</text><text style=\"font-size: 28upx; font-weight: bold;\">\n\t\t3. 信息披露 \n\t\t</text><text>\n\t\t\n\t\t\n\t\t在如下情况下，石泉石美石城 将依据您的个人意愿或法律的规定全部或部分的披露您的个人信息： \n\t\t</text><text>\n\t\t\n\t\t\n\t\ta) 经您事先同意，向第三方披露； \n\t\t</text><text>\n\t\t\n\t\t\n\t\tb) 为提供您所要求的产品和服务，而必须和第三方分享您的个人信息； \n\t\t\n\t\t</text><text>\n\t\t\n\t\tc) 根据法律的有关规定，或者行政或司法机构的要求，向第三方或者行政、司法机构披露；\n\t\t</text><text>\n\t\t\n\t\t\n\t\td) 如您出现违反中国有关法律、法规或者石泉石美石城 服务协议或相关规则的情况，需要向第三方披露；  \n\t\t</text><text>\n\t\t\n\t\t\n\t\te) 如您是适格的知识产权投诉人并已提起投诉，应被投诉人要求，向被投诉人披露，以便双方处理可能的权利纠纷；\n\t\t</text><text>\n\t\t\n\t\t\n\t\tf) 在石泉石美石城 平台上创建的某一交易中，如交易任何一方履行或部分履行了交易义务并提出信息披露请求的，石泉石美石城 有权决定向该用户提供其交易对方的联络方式等必要信息，以促成交易的完成或纠纷的解决。  \n\t\t</text><text>\n\t\t\n\t\t\n\t\tg) 其它石泉石美石城 根据法律、法规或者网站政策认为合适的披露。  \n\t\t\n\t\t</text><text style=\"font-size: 28upx; font-weight: bold;\">\n\t\t\n\t\t4. 信息存储和交换  \n\t\t\n\t\t</text><text>\n\t\t\n\t\t石泉石美石城 收集的有关您的信息和资料将保存在石泉石美石城 及（或）其关联公司的服务器上，这些信息和资料可能传送至您所在国家、地区或石泉石美石城 收集信息和资料所在地的境外并在境外被访问、存储和展示。 \n\t\t</text><text style=\"font-size: 28upx; font-weight: bold;\">\n\t\t\n\t\t\n\t\t5. Cookie的使用 \n\t\t</text><text>\n\t\t\n\t\t\n\t\ta) 在您未拒绝接受cookies的情况下，石泉石美石城 会在您的计算机上设定或取用cookies\n\t\t</text><text>\n\t\t\n\t\t\n\t\t，以便您能登录或使用依赖于cookies的石泉石美石城 平台服务或功能。石泉石美石城 使用cookies可为您提供更加周到的个性化服务，包括推广服务。  b) 您有权选择接受或拒绝接受cookies。您可以通过修改浏览器设置的方式拒绝接受cookies。但如果您选择拒绝接受cookies，则您可能无法登录或使用依赖于cookies的石泉石美石城 网络服务或功能。 \n\t\t</text><text>\n\t\t\n\t\t\n\t\tc) 通过石泉石美石城 所设cookies所取得的有关信息，将适用本政策。  \n\t\t</text><text>\n\t\t\n\t\t\n\t\t6. 信息安全  \n\t\t</text><text>\n\t\t\n\t\t\n\t\ta) 石泉石美石城 帐号均有安全保护功能，请妥善保管您的用户名及密码信息。石泉石美石城 将通过对用户密码进行加密等安全措施确保您的信息不丢失，不被滥用和变造。尽管有前述安全措施，但同时也请您注意在信息网络上不存在“完善的安全措施”。  \n\t\t</text><text>本声明自更新之日起生效\n</text>\n\t\n\t<text>最近的更新日期：2020 年 10 月 26 日\n</text></view>\n\n\n\n</body></html>",
    "policy_text": "石泉石美石城 应用是由石城县文化广电新闻出版旅游局（以下简称“石城文旅”）为您提供的旅游相关服务产品。石泉石美石城 尊重并保护所有使用服务用户的个人隐私权。为了给您提供更准确、更有个性化的服务，石泉石美石城 会按照本隐私权政策的规定使用和披露您的个人信息。但石泉石美石城 将以高度的勤勉、审慎义务对待这些信息。除本隐私权政策另有规定外，在未征得您事先许可的情况下，石泉石美石城 不会将这些信息对外披露或向第三方提供。石泉石美石城 会不时更新本隐私权政策。 您在同意石泉石美石城 服务使用协议之时，即视为您已经同意本隐私权政策全部内容。本隐私权政策属于石泉石美石城 服务使用协议不可分割的一部分。\n\n1. 适用范围\n\na) 在您注册石泉石美石城 帐号时，您根据石泉石美石城 要求提供的个人注册信息；\n\n\n\nb) 在您使用石泉石美石城 网络服务，或访问石泉石美石城 平台网页时，石泉石美石城 自动接收并记录的您的浏览器和计算机上的信息，包括但不限于您的IP地址、浏览器的类型、使用的语言、访问日期和时间、软硬件特征信息及您需求的网页记录等数据；\n\n\n\nc) 石泉石美石城 通过合法途径从商业伙伴处取得的用户个人数据。\n\n\n\n您了解并同意，以下信息不适用本隐私权政策：\n\n\n\na) 您在使用石泉石美石城 平台提供的搜索服务时输入的关键字信息；\n\n\n\nb) 石泉石美石城 收集到的您在石泉石美石城 发布的有关信息数据，包括但不限于参与活动、成交信息及评价详情；\n\n\n\nc) 违反法律规定或违反石泉石美石城 规则行为及石泉石美石城 已对您采取的措施。\n\n\n2. 信息使用\n\n\n\na) 石泉石美石城 不会向任何无关第三方提供、出售、出租、分享或交易您的个人信息，除非事先得到您的许可，或该第三方和石泉石美石城 （含石泉石美石城 关联公司）单独或共同为您提供服务，且在该服务结束后，其将被禁止访问包括其以前能够访问的所有这些资料。\n\n\n\nb) 石泉石美石城 亦不允许任何第三方以任何手段收集、编辑、出售或者无偿传播您的个人信息。任何石泉石美石城 平台用户如从事上述活动，一经发现，石泉石美石城 有权立即终止与该用户的服务协议。\n\n\n\nc) 为服务用户的目的，石泉石美石城 可能通过使用您的个人信息，向您提供您感兴趣的信息，包括但不限于向您发出产品和服务信息，或者与石泉石美石城 合作伙伴共享信息以便他们向您发送有关其产品和服务的信息（后者需要您的事先同意）。\n\n\n3. 信息披露\n\n\n\n在如下情况下，石泉石美石城 将依据您的个人意愿或法律的规定全部或部分的披露您的个人信息：\n\n\n\na) 经您事先同意，向第三方披露；\n\n\n\nb) 为提供您所要求的产品和服务，而必须和第三方分享您的个人信息；\n\n\n\nc) 根据法律的有关规定，或者行政或司法机构的要求，向第三方或者行政、司法机构披露；\n\n\n\nd) 如您出现违反中国有关法律、法规或者石泉石美石城 服务协议或相关规则的情况，需要向第三方披露；\n\n\n\ne) 如您是适格的知识产权投诉人并已提起投诉，应被投诉人要求，向被投诉人披露，以便双方处理可能的权利纠纷；\n\n\n\nf) 在石泉石美石城 平台上创建的某一交易中，如交易任何一方履行或部分履行了交易义务并提出信息披露请求的，石泉石美石城 有权决定向该用户提供其交易对方的联络方式等必要信息，以促成交易的完成或纠纷的解决。\n\n\n\ng) 其它石泉石美石城 根据法律、法规或者网站政策认为合适的披露。\n\n\n\n4. 信息存储和交换\n\n\n\n石泉石美石城 收集的有关您的信息和资料将保存在石泉石美石城 及（或）其关联公司的服务器上，这些信息和资料可能传送至您所在国家、地区或石泉石美石城 收集信息和资料所在地的境外并在境外被访问、存储和展示。\n\n\n\n5. Cookie的使用\n\n\n\na) 在您未拒绝接受cookies的情况下，石泉石美石城 会在您的计算机上设定或取用cookies\n\n\n\n，以便您能登录或使用依赖于cookies的石泉石美石城 平台服务或功能。石泉石美石城 使用cookies可为您提供更加周到的个性化服务，包括推广服务。  b) 您有权选择接受或拒绝接受cookies。您可以通过修改浏览器设置的方式拒绝接受cookies。但如果您选择拒绝接受cookies，则您可能无法登录或使用依赖于cookies的石泉石美石城 网络服务或功能。\n\n\n\nc) 通过石泉石美石城 所设cookies所取得的有关信息，将适用本政策。\n\n\n\n6. 信息安全\n\n\n\na) 石泉石美石城 帐号均有安全保护功能，请妥善保管您的用户名及密码信息。石泉石美石城 将通过对用户密码进行加密等安全措施确保您的信息不丢失，不被滥用和变造。尽管有前述安全措施，但同时也请您注意在信息网络上不存在“完善的安全措施”。\n\n本声明自更新之日起生效\n最近的更新日期：2020 年 10 月 26 日",
    "is_popular": true,
    "policy_html_source_code_clean": "\n<body>\n<view>\n<text></text></view></body>",
    "policy_text_clean": ""
}