{
    "app_id": "C104989405",
    "app_name": "江安融媒",
    "app_version": "2.0.2",
    "app_download_num_description": "<1 万次安装",
    "app_package_name": "com.jaxrm.news",
    "app_score": 0.0,
    "app_package_size": "28.3 MB",
    "app_package_size_precise": 29649063,
    "app_icon_url": "https://appimg.dbankcdn.com/application/icon144/23252f0cfe724dc9b436d422fb0b7a53.png",
    "app_developer": "江安县融媒体中心（江安县广播电视台）",
    "app_update_time": "2022-09-22",
    "app_update_description": "全天候及时发布权威、原创、丰富的江安资讯；\n看到喜欢的文章，可以一键转发、一键收藏，一键评论；\n自定义资讯栏目，一键定制属于你的专属首页；\n专注报道江安时政，解析经济时局变化；\n报料互动：身边发生的事一键报料，与网友一起围观点评、互动交流、吐露心声；\n推送：重大突发新闻，实时送达；\n视频：集纳丰富多元的视频内容",
    "app_description": "江安融媒客户端是江安县融媒体中心官方新闻客户端，是江安县重点新闻资讯客户端。每天生产发布权威资讯、原创新闻和深度报道，及时传播官方与社会动态，全方位全时段提供本土新闻和生活资讯，汇聚新闻推送、直播视频、互动论坛、网络报料、便民服务等为一体，是用户了解江安县经济社会事业发展，感知江安文化的重要平台。",
    "app_policy_url": "https://www.jaxrm.com/about/privacy.html",
    "app_listed_permission": "1.完全的网络访问权限\n2.显示在其他应用上面\n3.读取存储卡中的内容\n4.修改或删除存储卡中的内容\n5.相机\n6.查看 Wi-Fi 连接\n7.读取通话状态和移动网络信息\n8.访问大致位置信息（使用网络进行定位）\n9.访问确切位置信息（使用 GPS 和网络进行定位）\n10.连接 Wi-Fi 或断开连接\n11.更改网络连接性\n12.开机启动",
    "app_listed_permission_description": "1.允许该应用创建网络套接字和使用自定义网络协议。浏览器和其他某些应用提供了向互联网发送数据的途径，因此应用无需该权限即可向互联网发送数据。\n2.显示弹框、全屏界面到其他应用上面\n3.允许应用读取存储卡上的照片、媒体内容和文件。\n4.允许应用修改或删除存储卡上的照片、媒体内容和文件。\n5.允许应用拍摄照片和视频。\n6.允许该应用查看 Wi-Fi 网络的相关信息，例如是否开启 Wi-Fi 及已连接的 Wi-Fi 设备名称。\n7.允许应用获取本机号码、通话状态以及拨打的号码。\n8.允许应用基于基站、 Wi-Fi 等网络源获取位置信息。\n9.允许应用基于GPS、基站、 Wi-Fi 等网络源获取位置信息。这可能会增加耗电量。\n10.允许应用与 Wi-Fi 接入点建立和断开连接，并更改 Wi-Fi 网络的设备配置。\n11.允许该应用更改网络连接的状态。\n12.允许应用在系统完成引导后立即自动启动。这样可能会延长手机的启动时间，并允许应用始终运行，从而导致手机总体运行速度减慢。",
    "app_category": [
        "新闻阅读"
    ],
    "app_subcategory": [
        "新闻"
    ],
    "app_APK_url": "https://appgallery.cloud.huawei.com/appdl/C104989405",
    "app_APK_name": "C104989405-2.0.2.apk",
    "app_policy_name": "C104989405-2.0.2.txt",
    "policy_html_source_code": "<html xmlns=\"http://www.w3.org/1999/xhtml\"><head>\n<meta charset=\"UTF-8\">  \n<meta name=\"viewport\" content=\"width=device-width,maximum-scale=1.0,user-scalable=no,initial-scale=1.0\">  \n<meta http-equiv=\"Content-Type\" content=\"text/html; charset=gbk\">\n<meta http-equiv=\"Expires\" content=\"0\">\n<meta http-equiv=\"Pragma\" content=\"no-cache\">\n<meta http-equiv=\"Cache-control\" content=\"no-cache\">\n<meta http-equiv=\"Cache\" content=\"no-cache\">\n<title>信息保护</title>\n</head>\n\n<body>\n<div class=\"row\">\n  <div class=\"content_bg\">\n    <h1>江安融媒个人信息保护政策</h1>\n    <p>发布日期：2022年01月05日</p>\n    <p>最新更新日期：2022年08月19日</p>\n    <p>本政策仅适用于江安县融媒体中心（江安县广播电视台）的江安融媒客户端。</p>\n    <p>为切实保护江安融媒用户隐私权，优化用户体验，江安融媒根据现行法规及政策，制定本《个人信息保护政策》。本《个人信息保护政策》将详细说明江安融媒在获取、管理及保护用户个人信息方面的政策及措施。本《个人信息保护政策》适用于江安融媒向您提供的所有服务，无论您是通过计算机设备、移动终端或其他设备获得的江安融媒服务。</p>\n    <p>本个人信息保护政策是您使用江安融媒服务及各项功能的基础性法律文件，我们希望您在使用江安融媒服务前仔细阅读并明确您已经充分理解、接受本政策的内容，希望您可以根据自己的理解做出合适的选择。在我们更新本个人信息保护政策后，您继续使用我们的产品与/或服务，即意味着您同意本个人信息保护政策(含更新版本)内容，并且同意我们按照本个人信息保护政策收集、使用、保存和共享您的相关\n信息。</p>\n    <p>本个人信息保护政策涉及的个人信息包括：基本信息（包括个人姓名、生日、性别、住址、个人电话号码、电子邮箱）；个人位置信息；网络身份标识信息（包括系统账号、IP地址、邮箱地址及与前述有关的密码、密保）；个人上网记录（包括搜索记录、使用记录、点击记录）；个人常用设备信息（包括硬件型号、设备MAC地址、操作系统类型）；</p>\n    <p>使用SDK名称：友盟SDK</p>\n    <p>代码包名：com.umeng、com.uc、com.efs</p>\n    <p>服务类型：统计分析、分享、登录</p>\n    <p>收集个人信息类型：设备信息（IMEI/MAC/AndroidID/IDFA/OpenUDID/GUID/SIM 卡 IMSI 信息/外部存储信息）、IP地址、WIFI的BSSID、WIFI的SSID、获取设备序列号(SN)、运行中的进程信息等</p>\n    <p>隐私权政策链接：<a href=\"https://www.umeng.com/page/policy\">https://www.umeng.com/page/policy</a></p>\n    <p>产品集成友盟+SDK及推送通道SDK（如小米、华为、oppo、vivo、魅族等）以及阿里移动网关（包名：com.taobao.accs），推送通道SDK需要收集采集设备标识符（IMEI/MAC/Android ID/IDFA/OpenUDID/GUID/SIM 卡 IMSI 以及运行中的进程信息等），用于唯一标识设备，以便向用户设备推送消息。采集地理位置甄别推送通道，提高消息推送的区域覆盖率\n</p>\n    <h2>一、个人信息的收集</h2>\n    <p>您已知悉且同意，在您注册江安融媒账号或使用江安融媒提供的服务时，江安融媒将记录您提供的相关个人信息，如：密码、手机号码等，上述个人信息是您获得江安融媒提供服务的基础。同时，基于优化用户体验之目的，江安融媒会获取与提升江安融媒服务有关的其他信息，例如当您访问江安融媒时，我们可能会收集哪些服务的受欢迎程度、浏览器软件信息等以便优化我们的服务。</p>\n    <p>在您使用江安融媒前，我们会引导您阅读本协议，并在您接受本协议的基础上，获得您的相关个人信息。如果您不同意提供个人信息，您将无法使用江安融媒的全部或部分功能和服务。</p>\n    <p>江安融媒仅会在出现下列情况时收集您的个人信息：</p>\n    <p>江安融媒会收集您的浏览记录，使用习惯等个人信息，向您提供个性化推荐服务，如果不需要个性化推荐服务，可以在我的-设置里面关闭该功能。</p>\n    <p>在您注册江安融媒账号时，我们至少会收集您的账户昵称、性别、密码、密码保护选项、电子邮箱、手机号码等信息。若您以其他方式关联登陆江安融媒，我们会向关联第三方请求您的个人信息，对于我们要求但第三方无法提供的个人信息，我们仍可以要求您提供。如果您拒绝提供这些信息，将影响您使用江安融媒或江安融媒的相关功能。在您注册使用江安融媒时，我们会对您进行实名验证，如果您拒绝提供有关&gt;信息，江安融媒将拒绝向您提供服务。</p>\n    <p>在您使用江安融媒提供的搜索服务时，我们会收集您的查询关键字信息、设备信息等，为了提供高效的搜索服务，这些信息有部分会暂时存储在您的本地存储设备之中。在此，您需要注意的是，您的关键词信息无法单独识别您的个人身份，其不属于您的个人信息，因此我们有权以其他的目的对其进行使用；只有当您的搜索关键词信息与您的其他信息互有联系并可以识别您的个人身份时，则在结合使用期间&gt;，我们会将您的搜索关键词信息作为您的个人信息，与您的搜索历史记录一同按照本个人信息保护政策对其进行处理与保护。\n</p>\n    <p>在您使用江安融媒提供的身份认证服务时，我们会收集您的姓名、身份证号、职业、有关身份证明等信息，江安融媒对您的这些隐私信息会加以最大程度的保护，如果您不提供这些信息，我们将无法提供相关服务。</p>\n    <p>当您参加江安融媒的有关营销活动时，我们会收集您的姓名、学校名称、通讯地址、联系方式、银行账号等信息。这些信息是您收到转账或礼品的基础，如果您拒绝提供这些信息，我们将无法向您转账或发放礼品。</p>\n    <p>当涉及国家安全与利益、社会公共利益、与犯罪侦查有关的相关活动、您或他人生命财产安全但在特殊情况下无法获得您的及时授权、能够从其他合法公开的渠道、法律法规规定的其他情形下，江安融媒可能在不经过您的同意或授权的前提下，收集您的个人信息。</p>\n    <p>另，如在上述场景之外获得您的个人信息，将重新征得您的明示同意，并在获得您明示同意前向您充分说明应用场景与获取您相关信息的内容与范围。</p>\n    <h2>二、对Cookie及web beacon的使用</h2>\n    <p>Cookie可以帮助网站辨认注册用户，计算用户数量，通常被各网站用来判定完成注册的用户是否已经实现登录。江安融媒承诺，对cookie信息的研究仅用于提升服务/产品质量及优化用户体验之目的。同时，如不希望个人信息保留在cookie中，您可以对浏览器进行配置：选择\"拒绝cookie\"或\"当网站发送cookie时通知您\"，您知道，鉴于江安融媒的服务是通过支持cookie来是实现的，完成关闭cookie的操作后，\n可能影响到您访问江安融媒或不能充分取得江安融媒的服务。您不禁用cookie时，可能会得到提示，是否在下一次进入此网站时保留用户信息以便简化登录手续（如一键登录）。</p>\n    <p>江安融媒使用web beacon的方法和目的与cookie是相同的。</p>\n    <h2>三、个人信息的保护和安全措施</h2>\n    <p>1、江安融媒将尽一切合理努力保护其获得的用户个人信息，并由专门的数据安全部门对个人信息进行保护。为防止用户个人信息在意外的、未经授权的情况下被非法访问、复制、修改、传送、遗失、破坏、处理或使用，江安融媒已经并将继续采取以下措施保护您的个人信息：</p>\n    <p>1）通过采取加密技术对用户个人信息进行加密保存，并通过隔离技术进行隔离。</p>\n    <p>2）在个人信息使用时，例如个人信息展示、个人信息关联计算，我们会采用包括内容替换、加密脱敏等多种数据脱敏技术增强个人信息在使用中安全性。</p>\n    <p>3）设立严格的数据使用和访问制度，采用严格的数据访问权限控制和多重身份认证技术保护个人信息，避免数据被违规使用。</p>\n    <p>2、保护个人信息采取的其他安全措施</p>\n    <p>1）通过建立数据分类分级制度、数据安全管理规范、数据安全开发规范来管理规范个人信息的存储和使用。</p>\n    <p>2）建立数据安全专项部门，负责安全应急响应组织来推进和保障个人信息安全。</p>\n    <p>3、个人信息安全事件的通知</p>\n    <p>1）如发生个人信息引发的安全事件，江安融媒将第一事件向相应主管机关报备，并即时进行问题排查，开展应急措施。</p>\n    <p>2）通过与全量用户发送通知提醒更改密码。还可能通过电话、短信等各种方式触达用户知晓，在江安融媒公共运营平台运营宣传，制止数据泄露。</p>\n    <p>尽管已经采取了上述合理有效措施，并已经遵守了相关法律规定要求的标准，但江安融媒仍然无法保证您的个人信息通过不安全途径进行交流时的安全性。因此，用户个人应采取积极措施保证个人信息的安全，如：定期修改账号密码，不将自己的账号密码等个人信息透露给他人。</p>\n    <p>您知悉：江安融媒提供的个人信息保护措施仅适用于江安融媒平台，一旦您离开江安融媒，浏览或使用其他网站、服务及内容资源，江安融媒即没有能力及义务保护您在江安融媒以外的网站提交的任何个人信息，无论您登录或浏览上述网站是否基于江安融媒的链接或引导。</p>\n    <p>网络环境中始终存在各种信息泄漏的风险，当出现意外事件、不可抗力等情形导致您的信息出现泄漏时，江安融媒将极力控制局面，及时告知您事件起因、江安融媒采取的安全措施、您可以主动采取的安全措施等相关情况。</p>\n    <h2>四、江安融媒APP设备权限调用说明</h2>\n    <p>1、读取电话状态权限：当您运行江安融媒APP时，我们会向您申请获取此权限，目的是正常识别您的本机识别码，以便完成安全风控、进行统计和服务推送。若您不想接收相关推送信息，可以在手机设置中关闭此权限。</p>\n    <p>2、读写外部存储权限：当您使用江安融媒APP中的报料功能以及头像设置时，需要读取相册中的图片以及视频。若您不想接收相关推送信息，可以在手机设置中关闭此权限。</p>\n    <p>3、相册权限：当您使用江安融媒APP中的报料功能以及头像设置时，需要读取相册中的图片以及视频。若您不想接收相关推送信息，可以在手机设置中关闭此权限。</p>\n    <p>4、相机权限：当您使用江安融媒APP中的报料功能以及头像设置时，可能需要拍摄图片或者视频。若您不想接收相关推送信息，可以在手机设置中关闭此权限。</p>\n    <p>5、位置权限：当您使用江安融媒APP时我们需要根据位置收集阅读喜好，从而更好的为用户提供阅读阅读服务，可以在手机设置中关闭此权限。</p>\n    <p>6、获取运行中进程信息：用于判断当前APP处于前台还是后台，来帮助处理分享口令的逻辑。</p>\n    <p>7、消息推送权限：当您使用江安融媒APP时我们会为您推送在线或离线的最新新闻资讯，若您不想接收消息推送，可以在手机设置中关闭此权限</p>\n    <h2>五、个人信息的存储</h2>\n    <p>江安融媒会采取合适的安全措施和技术手段存储及保护您的个人信息，以防止丢失、被误用、受到未授权访问或泄漏、被篡改或毁坏。您的个人信息存放在有密码控制的位于中国境内的服务器中，访问均是受到限制的。当您需要跨境信息传输服务时，江安融媒会默认您继续使用中国境内的服务器。</p>\n    <p>江安融媒会依照个人信息的不同等级存储不同期限，存储期限严格按照法律及相关法规规定，最低期限不少于6个月。</p>\n    <p>根据本条款的规定，我们仅允许有必要知晓这些信息的江安融媒员工等第三方访问个人信息，并要求他们履行相应的保密义务。</p>\n    <h2>六、个人信息的使用和对外提供</h2>\n    <p>未经您本人允许，江安融媒不会向任何第三方公开（包括共享、转让、公开披露等方式）您的个人信息，下列情形除外：</p>\n    <p>1、江安融媒已经取得您或您监护人的授权或同意；</p>\n    <p>2、司法机关或行政机关基于法定程序要求江安融媒披露的；</p>\n    <p>3、江安融媒为维护自身合法权益而向用户提起诉讼或仲裁时；</p>\n    <p>4、根据您与江安融媒相关服务条款、应用许可使用协议的约定；</p>\n    <p>5、在法律允许的范围内，为保障江安融媒、江安融媒用户以及社会公共利益免受损害时；</p>\n    <p>6、符合您与其他第三人之间有关约定的；</p>\n    <p>您可以向特定的对象发送您的照片、身份信息、位置信息等，也可以基于江安融媒的服务向不特定人共享自己的照片、位置信息、身份信息等。当您因为您的共享行为导致您的信息发生泄漏等严重情况时，江安融媒不承担相关法律责任。</p>\n    <p>7、在不透露单个用户隐私资料的前提下，江安融媒有权对整个用户数据库进行分析并对用户数据库进行适当的使用。</p>\n    <h2>七、个人信息的管理</h2>\n    <p>当您完成江安融媒的账号注册并进行合理和必要的身份验证后，您可以查阅、修改、删除您提交给江安融媒的个人信息。一般情况下，您可随时浏览、修改、删除自己提交的信息，但出于安全性和身份识别（如号码申诉服务）的考虑，您可能无法修改注册时提供的某些初始注册信息及验证信息。</p>\n    <p>您有权自主更新或更正您的个人信息，或授权江安融媒客服进行信息更新、更正。在您进行信息更新更正之前，我们会首先验证您的身份，其次才能进行信息的更正与更新。</p>\n    <p>您可以自主注销江安融媒账号，您可以在我们的产品江安融媒APP“我的→设置→点击头像→注销账户”，注销后江安融媒不再收集您的个人信息。在您注销您的账号之前，江安融媒将验证您的个人身份、安全状态、账户密码等信息。您注销账号的行为是不可逆的行为，一旦您注销您的账号，江安融媒将即刻删除有关您账户的一切信息，并保证这些信息不会泄露，同时，您也无法通过已注销的账户获得江安融媒的服务。\n</p>\n    <h2>八、对未成年人个人信息的特别保护</h2>\n    <p>江安融媒非常重视对未成年人个人信息的保护。若您是14周岁以下的未成年人，在使用江安融媒的服务前，应确保事先取得监护人的同意，如果您是已满14不满18岁的未成年人，在使用江安融媒服务前，应确保事先取得本人或监护人的同意。如您在江安融媒上申请注册账号，江安融媒将默认为您已得到前述同意。江安融媒将根据国家相关法律法规及本《个人信息保护政策》的规定保护未成年人的个人信息。</p>\n    <h2>九、争议解决</h2>\n    <p>当您因为本政策的实施与江安融媒产生任何纠纷时，双方应首先协商友好解决；若不能协商解决，双方有权依照注册协议向有管辖权的法院提起诉讼。\n</p>\n    <p>如果您对本个人信息保护政策有任何疑问，请您联系江安融媒客服咨询，我们会及时解决您的问题。</p>\n    <h2>十、运营者基本信息</h2>\n    <p>单位名称：江安县融媒体中心（江安县广播电视台）</p>\n    <p>注册地址：江安县江安镇信合路95号</p>\n    <p>常用办公地址：江安县江安镇信合路95号</p>\n    <p>联系电话: 0831-2628588</p>  \n  </div>\n</div>\n\n\n\n</body></html>",
    "policy_text": "江安融媒个人信息保护政策\n发布日期：2022年01月05日\n最新更新日期：2022年08月19日\n本政策仅适用于江安县融媒体中心（江安县广播电视台）的江安融媒客户端。\n为切实保护江安融媒用户隐私权，优化用户体验，江安融媒根据现行法规及政策，制定本《个人信息保护政策》。本《个人信息保护政策》将详细说明江安融媒在获取、管理及保护用户个人信息方面的政策及措施。本《个人信息保护政策》适用于江安融媒向您提供的所有服务，无论您是通过计算机设备、移动终端或其他设备获得的江安融媒服务。\n本个人信息保护政策是您使用江安融媒服务及各项功能的基础性法律文件，我们希望您在使用江安融媒服务前仔细阅读并明确您已经充分理解、接受本政策的内容，希望您可以根据自己的理解做出合适的选择。在我们更新本个人信息保护政策后，您继续使用我们的产品与/或服务，即意味着您同意本个人信息保护政策(含更新版本)内容，并且同意我们按照本个人信息保护政策收集、使用、保存和共享您的相关\n信息。\n本个人信息保护政策涉及的个人信息包括：基本信息（包括个人姓名、生日、性别、住址、个人电话号码、电子邮箱）；个人位置信息；网络身份标识信息（包括系统账号、IP地址、邮箱地址及与前述有关的密码、密保）；个人上网记录（包括搜索记录、使用记录、点击记录）；个人常用设备信息（包括硬件型号、设备MAC地址、操作系统类型）；\n使用SDK名称：友盟SDK\n代码包名：com.umeng、com.uc、com.efs\n服务类型：统计分析、分享、登录\n收集个人信息类型：设备信息（IMEI/MAC/AndroidID/IDFA/OpenUDID/GUID/SIM 卡 IMSI 信息/外部存储信息）、IP地址、WIFI的BSSID、WIFI的SSID、获取设备序列号(SN)、运行中的进程信息等\n隐私权政策链接：https://www.umeng.com/page/policy\n产品集成友盟+SDK及推送通道SDK（如小米、华为、oppo、vivo、魅族等）以及阿里移动网关（包名：com.taobao.accs），推送通道SDK需要收集采集设备标识符（IMEI/MAC/Android ID/IDFA/OpenUDID/GUID/SIM 卡 IMSI 以及运行中的进程信息等），用于唯一标识设备，以便向用户设备推送消息。采集地理位置甄别推送通道，提高消息推送的区域覆盖率\n一、个人信息的收集\n您已知悉且同意，在您注册江安融媒账号或使用江安融媒提供的服务时，江安融媒将记录您提供的相关个人信息，如：密码、手机号码等，上述个人信息是您获得江安融媒提供服务的基础。同时，基于优化用户体验之目的，江安融媒会获取与提升江安融媒服务有关的其他信息，例如当您访问江安融媒时，我们可能会收集哪些服务的受欢迎程度、浏览器软件信息等以便优化我们的服务。\n在您使用江安融媒前，我们会引导您阅读本协议，并在您接受本协议的基础上，获得您的相关个人信息。如果您不同意提供个人信息，您将无法使用江安融媒的全部或部分功能和服务。\n江安融媒仅会在出现下列情况时收集您的个人信息：\n江安融媒会收集您的浏览记录，使用习惯等个人信息，向您提供个性化推荐服务，如果不需要个性化推荐服务，可以在我的-设置里面关闭该功能。\n在您注册江安融媒账号时，我们至少会收集您的账户昵称、性别、密码、密码保护选项、电子邮箱、手机号码等信息。若您以其他方式关联登陆江安融媒，我们会向关联第三方请求您的个人信息，对于我们要求但第三方无法提供的个人信息，我们仍可以要求您提供。如果您拒绝提供这些信息，将影响您使用江安融媒或江安融媒的相关功能。在您注册使用江安融媒时，我们会对您进行实名验证，如果您拒绝提供有关>信息，江安融媒将拒绝向您提供服务。\n在您使用江安融媒提供的搜索服务时，我们会收集您的查询关键字信息、设备信息等，为了提供高效的搜索服务，这些信息有部分会暂时存储在您的本地存储设备之中。在此，您需要注意的是，您的关键词信息无法单独识别您的个人身份，其不属于您的个人信息，因此我们有权以其他的目的对其进行使用；只有当您的搜索关键词信息与您的其他信息互有联系并可以识别您的个人身份时，则在结合使用期间>，我们会将您的搜索关键词信息作为您的个人信息，与您的搜索历史记录一同按照本个人信息保护政策对其进行处理与保护。\n在您使用江安融媒提供的身份认证服务时，我们会收集您的姓名、身份证号、职业、有关身份证明等信息，江安融媒对您的这些隐私信息会加以最大程度的保护，如果您不提供这些信息，我们将无法提供相关服务。\n当您参加江安融媒的有关营销活动时，我们会收集您的姓名、学校名称、通讯地址、联系方式、银行账号等信息。这些信息是您收到转账或礼品的基础，如果您拒绝提供这些信息，我们将无法向您转账或发放礼品。\n当涉及国家安全与利益、社会公共利益、与犯罪侦查有关的相关活动、您或他人生命财产安全但在特殊情况下无法获得您的及时授权、能够从其他合法公开的渠道、法律法规规定的其他情形下，江安融媒可能在不经过您的同意或授权的前提下，收集您的个人信息。\n另，如在上述场景之外获得您的个人信息，将重新征得您的明示同意，并在获得您明示同意前向您充分说明应用场景与获取您相关信息的内容与范围。\n二、对Cookie及web beacon的使用\nCookie可以帮助网站辨认注册用户，计算用户数量，通常被各网站用来判定完成注册的用户是否已经实现登录。江安融媒承诺，对cookie信息的研究仅用于提升服务/产品质量及优化用户体验之目的。同时，如不希望个人信息保留在cookie中，您可以对浏览器进行配置：选择\"拒绝cookie\"或\"当网站发送cookie时通知您\"，您知道，鉴于江安融媒的服务是通过支持cookie来是实现的，完成关闭cookie的操作后，\n可能影响到您访问江安融媒或不能充分取得江安融媒的服务。您不禁用cookie时，可能会得到提示，是否在下一次进入此网站时保留用户信息以便简化登录手续（如一键登录）。\n江安融媒使用web beacon的方法和目的与cookie是相同的。\n三、个人信息的保护和安全措施\n1、江安融媒将尽一切合理努力保护其获得的用户个人信息，并由专门的数据安全部门对个人信息进行保护。为防止用户个人信息在意外的、未经授权的情况下被非法访问、复制、修改、传送、遗失、破坏、处理或使用，江安融媒已经并将继续采取以下措施保护您的个人信息：\n1）通过采取加密技术对用户个人信息进行加密保存，并通过隔离技术进行隔离。\n2）在个人信息使用时，例如个人信息展示、个人信息关联计算，我们会采用包括内容替换、加密脱敏等多种数据脱敏技术增强个人信息在使用中安全性。\n3）设立严格的数据使用和访问制度，采用严格的数据访问权限控制和多重身份认证技术保护个人信息，避免数据被违规使用。\n2、保护个人信息采取的其他安全措施\n1）通过建立数据分类分级制度、数据安全管理规范、数据安全开发规范来管理规范个人信息的存储和使用。\n2）建立数据安全专项部门，负责安全应急响应组织来推进和保障个人信息安全。\n3、个人信息安全事件的通知\n1）如发生个人信息引发的安全事件，江安融媒将第一事件向相应主管机关报备，并即时进行问题排查，开展应急措施。\n2）通过与全量用户发送通知提醒更改密码。还可能通过电话、短信等各种方式触达用户知晓，在江安融媒公共运营平台运营宣传，制止数据泄露。\n尽管已经采取了上述合理有效措施，并已经遵守了相关法律规定要求的标准，但江安融媒仍然无法保证您的个人信息通过不安全途径进行交流时的安全性。因此，用户个人应采取积极措施保证个人信息的安全，如：定期修改账号密码，不将自己的账号密码等个人信息透露给他人。\n您知悉：江安融媒提供的个人信息保护措施仅适用于江安融媒平台，一旦您离开江安融媒，浏览或使用其他网站、服务及内容资源，江安融媒即没有能力及义务保护您在江安融媒以外的网站提交的任何个人信息，无论您登录或浏览上述网站是否基于江安融媒的链接或引导。\n网络环境中始终存在各种信息泄漏的风险，当出现意外事件、不可抗力等情形导致您的信息出现泄漏时，江安融媒将极力控制局面，及时告知您事件起因、江安融媒采取的安全措施、您可以主动采取的安全措施等相关情况。\n四、江安融媒APP设备权限调用说明\n1、读取电话状态权限：当您运行江安融媒APP时，我们会向您申请获取此权限，目的是正常识别您的本机识别码，以便完成安全风控、进行统计和服务推送。若您不想接收相关推送信息，可以在手机设置中关闭此权限。\n2、读写外部存储权限：当您使用江安融媒APP中的报料功能以及头像设置时，需要读取相册中的图片以及视频。若您不想接收相关推送信息，可以在手机设置中关闭此权限。\n3、相册权限：当您使用江安融媒APP中的报料功能以及头像设置时，需要读取相册中的图片以及视频。若您不想接收相关推送信息，可以在手机设置中关闭此权限。\n4、相机权限：当您使用江安融媒APP中的报料功能以及头像设置时，可能需要拍摄图片或者视频。若您不想接收相关推送信息，可以在手机设置中关闭此权限。\n5、位置权限：当您使用江安融媒APP时我们需要根据位置收集阅读喜好，从而更好的为用户提供阅读阅读服务，可以在手机设置中关闭此权限。\n6、获取运行中进程信息：用于判断当前APP处于前台还是后台，来帮助处理分享口令的逻辑。\n7、消息推送权限：当您使用江安融媒APP时我们会为您推送在线或离线的最新新闻资讯，若您不想接收消息推送，可以在手机设置中关闭此权限\n五、个人信息的存储\n江安融媒会采取合适的安全措施和技术手段存储及保护您的个人信息，以防止丢失、被误用、受到未授权访问或泄漏、被篡改或毁坏。您的个人信息存放在有密码控制的位于中国境内的服务器中，访问均是受到限制的。当您需要跨境信息传输服务时，江安融媒会默认您继续使用中国境内的服务器。\n江安融媒会依照个人信息的不同等级存储不同期限，存储期限严格按照法律及相关法规规定，最低期限不少于6个月。\n根据本条款的规定，我们仅允许有必要知晓这些信息的江安融媒员工等第三方访问个人信息，并要求他们履行相应的保密义务。\n六、个人信息的使用和对外提供\n未经您本人允许，江安融媒不会向任何第三方公开（包括共享、转让、公开披露等方式）您的个人信息，下列情形除外：\n1、江安融媒已经取得您或您监护人的授权或同意；\n2、司法机关或行政机关基于法定程序要求江安融媒披露的；\n3、江安融媒为维护自身合法权益而向用户提起诉讼或仲裁时；\n4、根据您与江安融媒相关服务条款、应用许可使用协议的约定；\n5、在法律允许的范围内，为保障江安融媒、江安融媒用户以及社会公共利益免受损害时；\n6、符合您与其他第三人之间有关约定的；\n您可以向特定的对象发送您的照片、身份信息、位置信息等，也可以基于江安融媒的服务向不特定人共享自己的照片、位置信息、身份信息等。当您因为您的共享行为导致您的信息发生泄漏等严重情况时，江安融媒不承担相关法律责任。\n7、在不透露单个用户隐私资料的前提下，江安融媒有权对整个用户数据库进行分析并对用户数据库进行适当的使用。\n七、个人信息的管理\n当您完成江安融媒的账号注册并进行合理和必要的身份验证后，您可以查阅、修改、删除您提交给江安融媒的个人信息。一般情况下，您可随时浏览、修改、删除自己提交的信息，但出于安全性和身份识别（如号码申诉服务）的考虑，您可能无法修改注册时提供的某些初始注册信息及验证信息。\n您有权自主更新或更正您的个人信息，或授权江安融媒客服进行信息更新、更正。在您进行信息更新更正之前，我们会首先验证您的身份，其次才能进行信息的更正与更新。\n您可以自主注销江安融媒账号，您可以在我们的产品江安融媒APP“我的→设置→点击头像→注销账户”，注销后江安融媒不再收集您的个人信息。在您注销您的账号之前，江安融媒将验证您的个人身份、安全状态、账户密码等信息。您注销账号的行为是不可逆的行为，一旦您注销您的账号，江安融媒将即刻删除有关您账户的一切信息，并保证这些信息不会泄露，同时，您也无法通过已注销的账户获得江安融媒的服务。\n八、对未成年人个人信息的特别保护\n江安融媒非常重视对未成年人个人信息的保护。若您是14周岁以下的未成年人，在使用江安融媒的服务前，应确保事先取得监护人的同意，如果您是已满14不满18岁的未成年人，在使用江安融媒服务前，应确保事先取得本人或监护人的同意。如您在江安融媒上申请注册账号，江安融媒将默认为您已得到前述同意。江安融媒将根据国家相关法律法规及本《个人信息保护政策》的规定保护未成年人的个人信息。\n九、争议解决\n当您因为本政策的实施与江安融媒产生任何纠纷时，双方应首先协商友好解决；若不能协商解决，双方有权依照注册协议向有管辖权的法院提起诉讼。\n如果您对本个人信息保护政策有任何疑问，请您联系江安融媒客服咨询，我们会及时解决您的问题。\n十、运营者基本信息\n单位名称：江安县融媒体中心（江安县广播电视台）\n注册地址：江安县江安镇信合路95号\n常用办公地址：江安县江安镇信合路95号\n联系电话: 0831-2628588",
    "policy_html_source_code_clean": "江安融媒个人信息保护政策\n\n<p>发布日期：2022年01月05日</p>\n<p>最新更新日期：2022年08月19日</p>\n<p>本政策仅适用于江安县融媒体中心（江安县广播电视台）的江安融媒客户端。</p>\n<p>为切实保护江安融媒用户隐私权，优化用户体验，江安融媒根据现行法规及政策，制定本《个人信息保护政策》。本《个人信息保护政策》将详细说明江安融媒在获取、管理及保护用户个人信息方面的政策及措施。本《个人信息保护政策》适用于江安融媒向您提供的所有服务，无论您是通过计算机设备、移动终端或其他设备获得的江安融媒服务。</p>\n<p>本个人信息保护政策是您使用江安融媒服务及各项功能的基础性法律文件，我们希望您在使用江安融媒服务前仔细阅读并明确您已经充分理解、接受本政策的内容，希望您可以根据自己的理解做出合适的选择。在我们更新本个人信息保护政策后，您继续使用我们的产品与/或服务，即意味着您同意本个人信息保护政策(含更新版本)内容，并且同意我们按照本个人信息保护政策收集、使用、保存和共享您的相关\n信息。</p>\n<p>本个人信息保护政策涉及的个人信息包括：基本信息（包括个人姓名、生日、性别、住址、个人电话号码、电子邮箱）；个人位置信息；网络身份标识信息（包括系统账号、IP地址、邮箱地址及与前述有关的密码、密保）；个人上网记录（包括搜索记录、使用记录、点击记录）；个人常用设备信息（包括硬件型号、设备MAC地址、操作系统类型）；</p>\n<p>使用SDK名称：友盟SDK</p>\n<p>代码包名：com.umeng、com.uc、com.efs</p>\n<p>服务类型：统计分析、分享、登录</p>\n<p>收集个人信息类型：设备信息（IMEI/MAC/AndroidID/IDFA/OpenUDID/GUID/SIM 卡 IMSI 信息/外部存储信息）、IP地址、WIFI的BSSID、WIFI的SSID、获取设备序列号(SN)、运行中的进程信息等</p>\n<p>隐私权政策链接：<a href=\"https://www.umeng.com/page/policy\" target=\"_blank\">https://www.umeng.com/page/policy</a></p>\n<p>产品集成友盟+SDK及推送通道SDK（如小米、华为、oppo、vivo、魅族等）以及阿里移动网关（包名：com.taobao.accs），推送通道SDK需要收集采集设备标识符（IMEI/MAC/Android ID/IDFA/OpenUDID/GUID/SIM 卡 IMSI 以及运行中的进程信息等），用于唯一标识设备，以便向用户设备推送消息。采集地理位置甄别推送通道，提高消息推送的区域覆盖率\n</p>\n<h2>一、个人信息的收集</h2>\n<p>您已知悉且同意，在您注册江安融媒账号或使用江安融媒提供的服务时，江安融媒将记录您提供的相关个人信息，如：密码、手机号码等，上述个人信息是您获得江安融媒提供服务的基础。同时，基于优化用户体验之目的，江安融媒会获取与提升江安融媒服务有关的其他信息，例如当您访问江安融媒时，我们可能会收集哪些服务的受欢迎程度、浏览器软件信息等以便优化我们的服务。</p>\n<p>在您使用江安融媒前，我们会引导您阅读本协议，并在您接受本协议的基础上，获得您的相关个人信息。如果您不同意提供个人信息，您将无法使用江安融媒的全部或部分功能和服务。</p>\n<p>江安融媒仅会在出现下列情况时收集您的个人信息：</p>\n<p>江安融媒会收集您的浏览记录，使用习惯等个人信息，向您提供个性化推荐服务，如果不需要个性化推荐服务，可以在我的-设置里面关闭该功能。</p>\n<p>在您注册江安融媒账号时，我们至少会收集您的账户昵称、性别、密码、密码保护选项、电子邮箱、手机号码等信息。若您以其他方式关联登陆江安融媒，我们会向关联第三方请求您的个人信息，对于我们要求但第三方无法提供的个人信息，我们仍可以要求您提供。如果您拒绝提供这些信息，将影响您使用江安融媒或江安融媒的相关功能。在您注册使用江安融媒时，我们会对您进行实名验证，如果您拒绝提供有关&gt;信息，江安融媒将拒绝向您提供服务。</p>\n<p>在您使用江安融媒提供的搜索服务时，我们会收集您的查询关键字信息、设备信息等，为了提供高效的搜索服务，这些信息有部分会暂时存储在您的本地存储设备之中。在此，您需要注意的是，您的关键词信息无法单独识别您的个人身份，其不属于您的个人信息，因此我们有权以其他的目的对其进行使用；只有当您的搜索关键词信息与您的其他信息互有联系并可以识别您的个人身份时，则在结合使用期间&gt;，我们会将您的搜索关键词信息作为您的个人信息，与您的搜索历史记录一同按照本个人信息保护政策对其进行处理与保护。\n</p>\n<p>在您使用江安融媒提供的身份认证服务时，我们会收集您的姓名、身份证号、职业、有关身份证明等信息，江安融媒对您的这些隐私信息会加以最大程度的保护，如果您不提供这些信息，我们将无法提供相关服务。</p>\n<p>当您参加江安融媒的有关营销活动时，我们会收集您的姓名、学校名称、通讯地址、联系方式、银行账号等信息。这些信息是您收到转账或礼品的基础，如果您拒绝提供这些信息，我们将无法向您转账或发放礼品。</p>\n<p>当涉及国家安全与利益、社会公共利益、与犯罪侦查有关的相关活动、您或他人生命财产安全但在特殊情况下无法获得您的及时授权、能够从其他合法公开的渠道、法律法规规定的其他情形下，江安融媒可能在不经过您的同意或授权的前提下，收集您的个人信息。</p>\n<p>另，如在上述场景之外获得您的个人信息，将重新征得您的明示同意，并在获得您明示同意前向您充分说明应用场景与获取您相关信息的内容与范围。</p>\n<h2>二、对Cookie及web beacon的使用</h2>\n<p>Cookie可以帮助网站辨认注册用户，计算用户数量，通常被各网站用来判定完成注册的用户是否已经实现登录。江安融媒承诺，对cookie信息的研究仅用于提升服务/产品质量及优化用户体验之目的。同时，如不希望个人信息保留在cookie中，您可以对浏览器进行配置：选择&quot;拒绝cookie&quot;或&quot;当网站发送cookie时通知您&quot;，您知道，鉴于江安融媒的服务是通过支持cookie来是实现的，完成关闭cookie的操作后，\n可能影响到您访问江安融媒或不能充分取得江安融媒的服务。您不禁用cookie时，可能会得到提示，是否在下一次进入此网站时保留用户信息以便简化登录手续（如一键登录）。</p>\n<p>江安融媒使用web beacon的方法和目的与cookie是相同的。</p>\n<h2>三、个人信息的保护和安全措施</h2>\n<p>1、江安融媒将尽一切合理努力保护其获得的用户个人信息，并由专门的数据安全部门对个人信息进行保护。为防止用户个人信息在意外的、未经授权的情况下被非法访问、复制、修改、传送、遗失、破坏、处理或使用，江安融媒已经并将继续采取以下措施保护您的个人信息：</p>\n<p>1）通过采取加密技术对用户个人信息进行加密保存，并通过隔离技术进行隔离。</p>\n<p>2）在个人信息使用时，例如个人信息展示、个人信息关联计算，我们会采用包括内容替换、加密脱敏等多种数据脱敏技术增强个人信息在使用中安全性。</p>\n<p>3）设立严格的数据使用和访问制度，采用严格的数据访问权限控制和多重身份认证技术保护个人信息，避免数据被违规使用。</p>\n<p>2、保护个人信息采取的其他安全措施</p>\n<p>1）通过建立数据分类分级制度、数据安全管理规范、数据安全开发规范来管理规范个人信息的存储和使用。</p>\n<p>2）建立数据安全专项部门，负责安全应急响应组织来推进和保障个人信息安全。</p>\n<p>3、个人信息安全事件的通知</p>\n<p>1）如发生个人信息引发的安全事件，江安融媒将第一事件向相应主管机关报备，并即时进行问题排查，开展应急措施。</p>\n<p>2）通过与全量用户发送通知提醒更改密码。还可能通过电话、短信等各种方式触达用户知晓，在江安融媒公共运营平台运营宣传，制止数据泄露。</p>\n<p>尽管已经采取了上述合理有效措施，并已经遵守了相关法律规定要求的标准，但江安融媒仍然无法保证您的个人信息通过不安全途径进行交流时的安全性。因此，用户个人应采取积极措施保证个人信息的安全，如：定期修改账号密码，不将自己的账号密码等个人信息透露给他人。</p>\n<p>您知悉：江安融媒提供的个人信息保护措施仅适用于江安融媒平台，一旦您离开江安融媒，浏览或使用其他网站、服务及内容资源，江安融媒即没有能力及义务保护您在江安融媒以外的网站提交的任何个人信息，无论您登录或浏览上述网站是否基于江安融媒的链接或引导。</p>\n<p>网络环境中始终存在各种信息泄漏的风险，当出现意外事件、不可抗力等情形导致您的信息出现泄漏时，江安融媒将极力控制局面，及时告知您事件起因、江安融媒采取的安全措施、您可以主动采取的安全措施等相关情况。</p>\n<h2>四、江安融媒APP设备权限调用说明</h2>\n<p>1、读取电话状态权限：当您运行江安融媒APP时，我们会向您申请获取此权限，目的是正常识别您的本机识别码，以便完成安全风控、进行统计和服务推送。若您不想接收相关推送信息，可以在手机设置中关闭此权限。</p>\n<p>2、读写外部存储权限：当您使用江安融媒APP中的报料功能以及头像设置时，需要读取相册中的图片以及视频。若您不想接收相关推送信息，可以在手机设置中关闭此权限。</p>\n<p>3、相册权限：当您使用江安融媒APP中的报料功能以及头像设置时，需要读取相册中的图片以及视频。若您不想接收相关推送信息，可以在手机设置中关闭此权限。</p>\n<p>4、相机权限：当您使用江安融媒APP中的报料功能以及头像设置时，可能需要拍摄图片或者视频。若您不想接收相关推送信息，可以在手机设置中关闭此权限。</p>\n<p>5、位置权限：当您使用江安融媒APP时我们需要根据位置收集阅读喜好，从而更好的为用户提供阅读阅读服务，可以在手机设置中关闭此权限。</p>\n<p>6、获取运行中进程信息：用于判断当前APP处于前台还是后台，来帮助处理分享口令的逻辑。</p>\n<p>7、消息推送权限：当您使用江安融媒APP时我们会为您推送在线或离线的最新新闻资讯，若您不想接收消息推送，可以在手机设置中关闭此权限</p>\n<h2>五、个人信息的存储</h2>\n<p>江安融媒会采取合适的安全措施和技术手段存储及保护您的个人信息，以防止丢失、被误用、受到未授权访问或泄漏、被篡改或毁坏。您的个人信息存放在有密码控制的位于中国境内的服务器中，访问均是受到限制的。当您需要跨境信息传输服务时，江安融媒会默认您继续使用中国境内的服务器。</p>\n<p>江安融媒会依照个人信息的不同等级存储不同期限，存储期限严格按照法律及相关法规规定，最低期限不少于6个月。</p>\n<p>根据本条款的规定，我们仅允许有必要知晓这些信息的江安融媒员工等第三方访问个人信息，并要求他们履行相应的保密义务。</p>\n<h2>六、个人信息的使用和对外提供</h2>\n<p>未经您本人允许，江安融媒不会向任何第三方公开（包括共享、转让、公开披露等方式）您的个人信息，下列情形除外：</p>\n<p>1、江安融媒已经取得您或您监护人的授权或同意；</p>\n<p>2、司法机关或行政机关基于法定程序要求江安融媒披露的；</p>\n<p>3、江安融媒为维护自身合法权益而向用户提起诉讼或仲裁时；</p>\n<p>4、根据您与江安融媒相关服务条款、应用许可使用协议的约定；</p>\n<p>5、在法律允许的范围内，为保障江安融媒、江安融媒用户以及社会公共利益免受损害时；</p>\n<p>6、符合您与其他第三人之间有关约定的；</p>\n<p>您可以向特定的对象发送您的照片、身份信息、位置信息等，也可以基于江安融媒的服务向不特定人共享自己的照片、位置信息、身份信息等。当您因为您的共享行为导致您的信息发生泄漏等严重情况时，江安融媒不承担相关法律责任。</p>\n<p>7、在不透露单个用户隐私资料的前提下，江安融媒有权对整个用户数据库进行分析并对用户数据库进行适当的使用。</p>\n<h2>七、个人信息的管理</h2>\n<p>当您完成江安融媒的账号注册并进行合理和必要的身份验证后，您可以查阅、修改、删除您提交给江安融媒的个人信息。一般情况下，您可随时浏览、修改、删除自己提交的信息，但出于安全性和身份识别（如号码申诉服务）的考虑，您可能无法修改注册时提供的某些初始注册信息及验证信息。</p>\n<p>您有权自主更新或更正您的个人信息，或授权江安融媒客服进行信息更新、更正。在您进行信息更新更正之前，我们会首先验证您的身份，其次才能进行信息的更正与更新。</p>\n<p>您可以自主注销江安融媒账号，您可以在我们的产品江安融媒APP“我的→设置→点击头像→注销账户”，注销后江安融媒不再收集您的个人信息。在您注销您的账号之前，江安融媒将验证您的个人身份、安全状态、账户密码等信息。您注销账号的行为是不可逆的行为，一旦您注销您的账号，江安融媒将即刻删除有关您账户的一切信息，并保证这些信息不会泄露，同时，您也无法通过已注销的账户获得江安融媒的服务。\n</p>\n<h2>八、对未成年人个人信息的特别保护</h2>\n<p>江安融媒非常重视对未成年人个人信息的保护。若您是14周岁以下的未成年人，在使用江安融媒的服务前，应确保事先取得监护人的同意，如果您是已满14不满18岁的未成年人，在使用江安融媒服务前，应确保事先取得本人或监护人的同意。如您在江安融媒上申请注册账号，江安融媒将默认为您已得到前述同意。江安融媒将根据国家相关法律法规及本《个人信息保护政策》的规定保护未成年人的个人信息。</p>\n<h2>九、争议解决</h2>\n<p>当您因为本政策的实施与江安融媒产生任何纠纷时，双方应首先协商友好解决；若不能协商解决，双方有权依照注册协议向有管辖权的法院提起诉讼。\n</p>\n<p>如果您对本个人信息保护政策有任何疑问，请您联系江安融媒客服咨询，我们会及时解决您的问题。</p>\n<h2>十、运营者基本信息</h2>\n<p>单位名称：江安县融媒体中心（江安县广播电视台）</p>\n<p>注册地址：江安县江安镇信合路95号</p>\n<p>常用办公地址：江安县江安镇信合路95号</p>\n<p>联系电话: 0831-2628588</p>\n",
    "policy_text_clean": "江安融媒个人信息保护政策\n发布日期：2022年01月05日\n最新更新日期：2022年08月19日\n本政策仅适用于江安县融媒体中心（江安县广播电视台）的江安融媒客户端。\n为切实保护江安融媒用户隐私权，优化用户体验，江安融媒根据现行法规及政策，制定本《个人信息保护政策》。本《个人信息保护政策》将详细说明江安融媒在获取、管理及保护用户个人信息方面的政策及措施。本《个人信息保护政策》适用于江安融媒向您提供的所有服务，无论您是通过计算机设备、移动终端或其他设备获得的江安融媒服务。\n本个人信息保护政策是您使用江安融媒服务及各项功能的基础性法律文件，我们希望您在使用江安融媒服务前仔细阅读并明确您已经充分理解、接受本政策的内容，希望您可以根据自己的理解做出合适的选择。在我们更新本个人信息保护政策后，您继续使用我们的产品与/或服务，即意味着您同意本个人信息保护政策(含更新版本)内容，并且同意我们按照本个人信息保护政策收集、使用、保存和共享您的相关\n信息。\n本个人信息保护政策涉及的个人信息包括：基本信息（包括个人姓名、生日、性别、住址、个人电话号码、电子邮箱）；个人位置信息；网络身份标识信息（包括系统账号、IP地址、邮箱地址及与前述有关的密码、密保）；个人上网记录（包括搜索记录、使用记录、点击记录）；个人常用设备信息（包括硬件型号、设备MAC地址、操作系统类型）；\n使用SDK名称：友盟SDK\n代码包名：com.umeng、com.uc、com.efs\n服务类型：统计分析、分享、登录\n收集个人信息类型：设备信息（IMEI/MAC/AndroidID/IDFA/OpenUDID/GUID/SIM 卡 IMSI 信息/外部存储信息）、IP地址、WIFI的BSSID、WIFI的SSID、获取设备序列号(SN)、运行中的进程信息等\n隐私权政策链接：https://www.umeng.com/page/policy\n产品集成友盟+SDK及推送通道SDK（如小米、华为、oppo、vivo、魅族等）以及阿里移动网关（包名：com.taobao.accs），推送通道SDK需要收集采集设备标识符（IMEI/MAC/Android ID/IDFA/OpenUDID/GUID/SIM 卡 IMSI 以及运行中的进程信息等），用于唯一标识设备，以便向用户设备推送消息。采集地理位置甄别推送通道，提高消息推送的区域覆盖率\n一、个人信息的收集\n您已知悉且同意，在您注册江安融媒账号或使用江安融媒提供的服务时，江安融媒将记录您提供的相关个人信息，如：密码、手机号码等，上述个人信息是您获得江安融媒提供服务的基础。同时，基于优化用户体验之目的，江安融媒会获取与提升江安融媒服务有关的其他信息，例如当您访问江安融媒时，我们可能会收集哪些服务的受欢迎程度、浏览器软件信息等以便优化我们的服务。\n在您使用江安融媒前，我们会引导您阅读本协议，并在您接受本协议的基础上，获得您的相关个人信息。如果您不同意提供个人信息，您将无法使用江安融媒的全部或部分功能和服务。\n江安融媒仅会在出现下列情况时收集您的个人信息：\n江安融媒会收集您的浏览记录，使用习惯等个人信息，向您提供个性化推荐服务，如果不需要个性化推荐服务，可以在我的-设置里面关闭该功能。\n在您注册江安融媒账号时，我们至少会收集您的账户昵称、性别、密码、密码保护选项、电子邮箱、手机号码等信息。若您以其他方式关联登陆江安融媒，我们会向关联第三方请求您的个人信息，对于我们要求但第三方无法提供的个人信息，我们仍可以要求您提供。如果您拒绝提供这些信息，将影响您使用江安融媒或江安融媒的相关功能。在您注册使用江安融媒时，我们会对您进行实名验证，如果您拒绝提供有关>信息，江安融媒将拒绝向您提供服务。\n在您使用江安融媒提供的搜索服务时，我们会收集您的查询关键字信息、设备信息等，为了提供高效的搜索服务，这些信息有部分会暂时存储在您的本地存储设备之中。在此，您需要注意的是，您的关键词信息无法单独识别您的个人身份，其不属于您的个人信息，因此我们有权以其他的目的对其进行使用；只有当您的搜索关键词信息与您的其他信息互有联系并可以识别您的个人身份时，则在结合使用期间>，我们会将您的搜索关键词信息作为您的个人信息，与您的搜索历史记录一同按照本个人信息保护政策对其进行处理与保护。\n在您使用江安融媒提供的身份认证服务时，我们会收集您的姓名、身份证号、职业、有关身份证明等信息，江安融媒对您的这些隐私信息会加以最大程度的保护，如果您不提供这些信息，我们将无法提供相关服务。\n当您参加江安融媒的有关营销活动时，我们会收集您的姓名、学校名称、通讯地址、联系方式、银行账号等信息。这些信息是您收到转账或礼品的基础，如果您拒绝提供这些信息，我们将无法向您转账或发放礼品。\n当涉及国家安全与利益、社会公共利益、与犯罪侦查有关的相关活动、您或他人生命财产安全但在特殊情况下无法获得您的及时授权、能够从其他合法公开的渠道、法律法规规定的其他情形下，江安融媒可能在不经过您的同意或授权的前提下，收集您的个人信息。\n另，如在上述场景之外获得您的个人信息，将重新征得您的明示同意，并在获得您明示同意前向您充分说明应用场景与获取您相关信息的内容与范围。\n二、对Cookie及web beacon的使用\nCookie可以帮助网站辨认注册用户，计算用户数量，通常被各网站用来判定完成注册的用户是否已经实现登录。江安融媒承诺，对cookie信息的研究仅用于提升服务/产品质量及优化用户体验之目的。同时，如不希望个人信息保留在cookie中，您可以对浏览器进行配置：选择\"拒绝cookie\"或\"当网站发送cookie时通知您\"，您知道，鉴于江安融媒的服务是通过支持cookie来是实现的，完成关闭cookie的操作后，\n可能影响到您访问江安融媒或不能充分取得江安融媒的服务。您不禁用cookie时，可能会得到提示，是否在下一次进入此网站时保留用户信息以便简化登录手续（如一键登录）。\n江安融媒使用web beacon的方法和目的与cookie是相同的。\n三、个人信息的保护和安全措施\n1、江安融媒将尽一切合理努力保护其获得的用户个人信息，并由专门的数据安全部门对个人信息进行保护。为防止用户个人信息在意外的、未经授权的情况下被非法访问、复制、修改、传送、遗失、破坏、处理或使用，江安融媒已经并将继续采取以下措施保护您的个人信息：\n1）通过采取加密技术对用户个人信息进行加密保存，并通过隔离技术进行隔离。\n2）在个人信息使用时，例如个人信息展示、个人信息关联计算，我们会采用包括内容替换、加密脱敏等多种数据脱敏技术增强个人信息在使用中安全性。\n3）设立严格的数据使用和访问制度，采用严格的数据访问权限控制和多重身份认证技术保护个人信息，避免数据被违规使用。\n2、保护个人信息采取的其他安全措施\n1）通过建立数据分类分级制度、数据安全管理规范、数据安全开发规范来管理规范个人信息的存储和使用。\n2）建立数据安全专项部门，负责安全应急响应组织来推进和保障个人信息安全。\n3、个人信息安全事件的通知\n1）如发生个人信息引发的安全事件，江安融媒将第一事件向相应主管机关报备，并即时进行问题排查，开展应急措施。\n2）通过与全量用户发送通知提醒更改密码。还可能通过电话、短信等各种方式触达用户知晓，在江安融媒公共运营平台运营宣传，制止数据泄露。\n尽管已经采取了上述合理有效措施，并已经遵守了相关法律规定要求的标准，但江安融媒仍然无法保证您的个人信息通过不安全途径进行交流时的安全性。因此，用户个人应采取积极措施保证个人信息的安全，如：定期修改账号密码，不将自己的账号密码等个人信息透露给他人。\n您知悉：江安融媒提供的个人信息保护措施仅适用于江安融媒平台，一旦您离开江安融媒，浏览或使用其他网站、服务及内容资源，江安融媒即没有能力及义务保护您在江安融媒以外的网站提交的任何个人信息，无论您登录或浏览上述网站是否基于江安融媒的链接或引导。\n网络环境中始终存在各种信息泄漏的风险，当出现意外事件、不可抗力等情形导致您的信息出现泄漏时，江安融媒将极力控制局面，及时告知您事件起因、江安融媒采取的安全措施、您可以主动采取的安全措施等相关情况。\n四、江安融媒APP设备权限调用说明\n1、读取电话状态权限：当您运行江安融媒APP时，我们会向您申请获取此权限，目的是正常识别您的本机识别码，以便完成安全风控、进行统计和服务推送。若您不想接收相关推送信息，可以在手机设置中关闭此权限。\n2、读写外部存储权限：当您使用江安融媒APP中的报料功能以及头像设置时，需要读取相册中的图片以及视频。若您不想接收相关推送信息，可以在手机设置中关闭此权限。\n3、相册权限：当您使用江安融媒APP中的报料功能以及头像设置时，需要读取相册中的图片以及视频。若您不想接收相关推送信息，可以在手机设置中关闭此权限。\n4、相机权限：当您使用江安融媒APP中的报料功能以及头像设置时，可能需要拍摄图片或者视频。若您不想接收相关推送信息，可以在手机设置中关闭此权限。\n5、位置权限：当您使用江安融媒APP时我们需要根据位置收集阅读喜好，从而更好的为用户提供阅读阅读服务，可以在手机设置中关闭此权限。\n6、获取运行中进程信息：用于判断当前APP处于前台还是后台，来帮助处理分享口令的逻辑。\n7、消息推送权限：当您使用江安融媒APP时我们会为您推送在线或离线的最新新闻资讯，若您不想接收消息推送，可以在手机设置中关闭此权限\n五、个人信息的存储\n江安融媒会采取合适的安全措施和技术手段存储及保护您的个人信息，以防止丢失、被误用、受到未授权访问或泄漏、被篡改或毁坏。您的个人信息存放在有密码控制的位于中国境内的服务器中，访问均是受到限制的。当您需要跨境信息传输服务时，江安融媒会默认您继续使用中国境内的服务器。\n江安融媒会依照个人信息的不同等级存储不同期限，存储期限严格按照法律及相关法规规定，最低期限不少于6个月。\n根据本条款的规定，我们仅允许有必要知晓这些信息的江安融媒员工等第三方访问个人信息，并要求他们履行相应的保密义务。\n六、个人信息的使用和对外提供\n未经您本人允许，江安融媒不会向任何第三方公开（包括共享、转让、公开披露等方式）您的个人信息，下列情形除外：\n1、江安融媒已经取得您或您监护人的授权或同意；\n2、司法机关或行政机关基于法定程序要求江安融媒披露的；\n3、江安融媒为维护自身合法权益而向用户提起诉讼或仲裁时；\n4、根据您与江安融媒相关服务条款、应用许可使用协议的约定；\n5、在法律允许的范围内，为保障江安融媒、江安融媒用户以及社会公共利益免受损害时；\n6、符合您与其他第三人之间有关约定的；\n您可以向特定的对象发送您的照片、身份信息、位置信息等，也可以基于江安融媒的服务向不特定人共享自己的照片、位置信息、身份信息等。当您因为您的共享行为导致您的信息发生泄漏等严重情况时，江安融媒不承担相关法律责任。\n7、在不透露单个用户隐私资料的前提下，江安融媒有权对整个用户数据库进行分析并对用户数据库进行适当的使用。\n七、个人信息的管理\n当您完成江安融媒的账号注册并进行合理和必要的身份验证后，您可以查阅、修改、删除您提交给江安融媒的个人信息。一般情况下，您可随时浏览、修改、删除自己提交的信息，但出于安全性和身份识别（如号码申诉服务）的考虑，您可能无法修改注册时提供的某些初始注册信息及验证信息。\n您有权自主更新或更正您的个人信息，或授权江安融媒客服进行信息更新、更正。在您进行信息更新更正之前，我们会首先验证您的身份，其次才能进行信息的更正与更新。\n您可以自主注销江安融媒账号，您可以在我们的产品江安融媒APP“我的→设置→点击头像→注销账户”，注销后江安融媒不再收集您的个人信息。在您注销您的账号之前，江安融媒将验证您的个人身份、安全状态、账户密码等信息。您注销账号的行为是不可逆的行为，一旦您注销您的账号，江安融媒将即刻删除有关您账户的一切信息，并保证这些信息不会泄露，同时，您也无法通过已注销的账户获得江安融媒的服务。\n八、对未成年人个人信息的特别保护\n江安融媒非常重视对未成年人个人信息的保护。若您是14周岁以下的未成年人，在使用江安融媒的服务前，应确保事先取得监护人的同意，如果您是已满14不满18岁的未成年人，在使用江安融媒服务前，应确保事先取得本人或监护人的同意。如您在江安融媒上申请注册账号，江安融媒将默认为您已得到前述同意。江安融媒将根据国家相关法律法规及本《个人信息保护政策》的规定保护未成年人的个人信息。\n九、争议解决\n当您因为本政策的实施与江安融媒产生任何纠纷时，双方应首先协商友好解决；若不能协商解决，双方有权依照注册协议向有管辖权的法院提起诉讼。\n如果您对本个人信息保护政策有任何疑问，请您联系江安融媒客服咨询，我们会及时解决您的问题。\n十、运营者基本信息\n单位名称：江安县融媒体中心（江安县广播电视台）\n注册地址：江安县江安镇信合路95号\n常用办公地址：江安县江安镇信合路95号\n联系电话: 0831-2628588"
}