{
    "app_id": "C10486633",
    "app_name": "窝友自驾",
    "app_version": "9.7.0",
    "app_download_num_description": "427 万次安装",
    "app_package_name": "com.roveover.wowo",
    "app_score": 3.8,
    "app_package_size": "41.9 MB",
    "app_package_size_precise": 43985832,
    "app_icon_url": "https://appimg.dbankcdn.com/application/icon144/429d03e787b94a83b7bc7f67863a9e43.png",
    "app_developer": "深圳市窝友之家科技有限公司",
    "app_update_time": "2022-12-27",
    "app_update_description": "-全新的界面UI设计\n-新增一键登录\n-现在点击窝友商城里的商品可以直接打开对应APP购买了\n-特价新车新增VR看车功能\n-细节修复和改进",
    "app_description": "这是一款大众旅行露营分享类软件，无论您是房车、床车、SUV户外、驴友，都能在这里找到适合您的营地。\n点击“记录窝窝”，发现未曾有人踏足的美景;也可以“记录美食”，像当地人一样做个地道的吃货！在“附近窝友”里，您能找到和您志同道合的窝友，联系他，一起浪迹在天涯！\n为自己的足迹打窝当窝主，方圆一里路，这里只能有您的名字！\n我们常说，风景在路上，为精彩的人生插入一篇野游的回忆，然后把她分享给好友，告诉他们，这才是旅行的意义。",
    "app_policy_url": "https://web.woyouzhijia.cn/sp/privacyPolicy.html",
    "app_listed_permission": "1.拨打电话\n2.相机\n3.访问确切位置信息（使用 GPS 和网络进行定位）\n4.访问大致位置信息（使用网络进行定位）\n5.获取额外的位置信息提供程序命令\n6.读取存储卡中的内容\n7.修改或删除存储卡中的内容\n8.修改系统设置\n9.在后台使用位置信息\n10.完全的网络访问权限\n11.查看 Wi-Fi 连接\n12.读取通话状态和移动网络信息\n13.显示在其他应用上面\n14.连接 Wi-Fi 或断开连接\n15.更改网络连接性\n16.读取已安装应用软件列表",
    "app_listed_permission_description": "1.允许应用自动拨打电话。\n2.允许应用拍摄照片和视频。\n3.允许应用基于GPS、基站、 Wi-Fi 等网络源获取位置信息。这可能会增加耗电量。\n4.允许应用基于基站、 Wi-Fi 等网络源获取位置信息。\n5.允许应用访问额外的位置提供程序命令。此权限可让该应用干扰 GPS 或其他位置源的运行。\n6.允许应用读取存储卡上的照片、媒体内容和文件。\n7.允许应用修改或删除存储卡上的照片、媒体内容和文件。\n8.修改设置应用中的设置项\n9.如应用已获取了“访问确切位置信息”或“访问大致位置信息”权限，则允许应用在后台运行时使用位置信息。\n10.允许该应用创建网络套接字和使用自定义网络协议。浏览器和其他某些应用提供了向互联网发送数据的途径，因此应用无需该权限即可向互联网发送数据。\n11.允许该应用查看 Wi-Fi 网络的相关信息，例如是否开启 Wi-Fi 及已连接的 Wi-Fi 设备名称。\n12.允许应用获取本机号码、通话状态以及拨打的号码。\n13.显示弹框、全屏界面到其他应用上面\n14.允许应用与 Wi-Fi 接入点建立和断开连接，并更改 Wi-Fi 网络的设备配置。\n15.允许该应用更改网络连接的状态。\n16.允许应用读取设备上的已安装应用软件列表。",
    "app_category": [
        "旅游住宿"
    ],
    "app_subcategory": [
        "热门",
        "旅游"
    ],
    "app_APK_url": "https://appgallery.cloud.huawei.com/appdl/C10486633",
    "is_popular": true,
    "app_APK_name": "C10486633-9.7.0.apk",
    "app_policy_name": "C10486633-9.7.0.txt",
    "policy_html_source_code": "<html><head>\n\t\t<meta name=\"viewport\" content=\"width=device-width,initial-scale=1.0\">\n\t\t<title>《窝友自驾》隐私政策</title>\n\t\t<meta charset=\"utf-8\">\n\t\t<style type=\"text/css\">\n\t\t\t* {\n\n\t\t\t\tmargin: 0;\n\t\t\t\tpadding: 0;\n\t\t\t}\n\n\t\t\tbody {\n\t\t\t\tpadding: 30px 10px 100px;\n\t\t\t}\n\n\t\t\t.mainTitle {\n\t\t\t\ttext-align: center;\n\t\t\t\tfont-size: 24px;\n\t\t\t\tfont-weight: 900;\n\t\t\t\tline-height: 90px;\n\t\t\t}\n\n\t\t\t.title {\n\t\t\t\tfont-size: 18px;\n\t\t\t\tcolor: #333;\n\t\t\t\tfont-weight: bolder;\n\t\t\t\tfont-weight: 600;\n\t\t\t\tline-height: 60px;\n\t\t\t\tmargin-top: 15px;\n\t\t\t}\n\n\t\t\t.paragraph {\n\t\t\t\ttext-indent: 2em;\n\t\t\t\tcolor: #000;\n\t\t\t\tfont-size: 14px;\n\t\t\t\tline-height: 28px;\n\t\t\t\tfont-weight: 300;\n\t\t\t}\n\n\t\t\t.li_area {\n\t\t\t\tmargin-bottom: 20px;\n\t\t\t}\n\n\t\t\t.paragraph_li {\n\t\t\t\tfont-weight: bolder;\n\t\t\t\tcolor: #666;\n\t\t\t\tfont-size: 12px;\n\t\t\t\tline-height: 24px;\n\t\t\t}\n\n\t\t\ta {\n\t\t\t\ttext-decoration: none\n\t\t\t}\n\n\t\t\t.strong {\n\t\t\t\tcolor: #333;\n\t\t\t\tfont-weight: 900;\n\t\t\t}\n\t\t</style>\n\t</head>\n\t<body>\n\t\t<div class=\"mainTitle\">窝友自驾隐私政策</div>\n\t\t<div class=\"time\">本版更新时间：2022年12月27日</div>\n\t\t<div class=\"title\">版本更新提示 </div>\n\t\t<div class=\"paragraph\">\n\t\t\t我们于前述时间更新了《窝友之家隐私政策》的相关内容。本次更新的内容主要包括：依照最新法律要求更加详细地介绍了我们产品信息处理方式，和所使用第三方SDK、为了更便于您阅读与理解而略微调整了部分章节的结构与文字描述、以及其他文案描述性内容调整等。请您在使用/继续使用窝友之家的产品与/或服务前仔细阅读和充分理解全文，并在同意全部内容后使用/继续使用。\n\n\t\t</div>\n\t\t<div class=\"title\">导言</div>\n\t\t<div class=\"paragraph\">\n\t\t\t深圳市窝友之家科技有限公司（以下统称“我们”或“窝友之家”）深知个人信息对您的重要性，因此我们非常重视保护您的隐私和个人信息，\n\t\t\t我们亦将本《窝友自驾隐私政策》中的内容以高度审慎的义务对待和处理。本政策与您所使用的我们的产品与/或服务息息相关，您在下载、安装、启动、浏览、注册、登录、使用、卸载、退出我们的产品与/或服务，我们将按照本政策的约定处理和保护您的个人信息，因此我们希望您能够仔细阅读、充分理解本政策的全文，并在需要时，按照本政策的指引，作出您认为适当的选择。本政策之中涉及的相关技术词汇，我们尽量以通俗易懂的表述向您解释，以便于您理解。\n\t\t</div>\n\t\t<div class=\"title\">关于我们</div>\n\t\t<div class=\"paragraph\">\n\n\t\t</div>\n\n\t\t<div class=\"title\">\n\t\t\t本《窝友之家隐私政策》将帮助您了解以下内容\n\t\t</div>\n\t\t<div class=\"info word\">\n\t\t\t<ul class=\"mes\" style=\"padding-left: 0\">\n\t\t\t\t<li style=\"list-style-type:none;\">一、 本《窝友之家隐私政策》适用范围</li>\n\t\t\t\t<li style=\"list-style-type:none;\">二、 我们如何收集和使用您的个人信息</li>\n\t\t\t\t<li style=\"list-style-type:none;\">三、 我们如何使用Cookie和同类技术</li>\n\t\t\t\t<li style=\"list-style-type:none;\">四、 我们如何共享、转让、公开披露您的个人信息</li>\n\t\t\t\t<li style=\"list-style-type:none;\">五、 您对个人信息享有的控制权</li>\n\t\t\t\t<li style=\"list-style-type:none;\">六、 我们如何存储和保护您的个人信息</li>\n\t\t\t\t<li style=\"list-style-type:none;\">七、 未成年人保护</li>\n\t\t\t\t<li style=\"list-style-type:none;\">八、 第三方网站和服务</li>\n\t\t\t\t<li style=\"list-style-type:none;\">九、 如何联系我们</li>\n\t\t\t</ul>\n\t\t</div>\n\n\n\n\t\t<div class=\"title\">一、 本《窝友之家隐私政策》适用范围</div>\n\t\t<div class=\"paragraph\">\n\t\t\t本《窝友之家隐私政策》为窝友之家的所有产品与/或服务统一适用的通用内容，当您使用我们的任何产品与/或服务时，本《窝友之家隐私政策》即适用，但如该产品与/或服务单独设置了隐私条款/隐私协议的，单独的隐私条款/隐私协议优先适用；单独的隐私条款/隐私协议未提及的内容，适用本政策。但请您注意，本《窝友之家隐私政策》不适用于以下情况：\n\t\t</div>\n\t\t<div class=\"paragraph\">1、为我们的产品与/或服务提供广告服务的第三方的信息收集/处理做法；</div>\n\t\t<div class=\"paragraph\">\n\t\t\t2、我们的产品与/或服务可能会包含或链接至第三方提供的信息与/或第三方服务（包括任何第三方应用、网站、产品、服务等），这些信息与/或服务由第三方负责运营，您使用该信息与/或服务与我们无关。我们在此善意的提醒您，您在使用第三方信息与/或服务时，应留意和仔细阅读第三方向您展示的相关用户协议和隐私政策，并妥善保管和谨慎提供您的个人信息。本《窝友之家隐私政策》仅适用于我们所收集的您的个人信息，并不适用于任何第三方对您的个人信息的收集，以及任何第三方提供的服务或第三方的信息使用规则，我们对任何第三方收集、储存和使用的您个人信息的行为在法律允许的范围内亦不承担任何责任；\n\t\t</div>\n\t\t<div class=\"paragraph\">3、其他非窝友之家向您提供的产品与/或服务内容。</div>\n\n\n\n\n\t\t<div class=\"title\">二、 我们如何收集和使用您的个人信息</div>\n\t\t<div class=\"paragraph\">为了向您提供更好、更优的服务，我们将根据您使用的服务收集您的如下信息：</div>\n\t\t<div class=\"paragraph\">1、《窝友自驾》账户功能使用电话号码及/或微信号实现用户注册。\n\t\t</div>\n\t\t<div class=\"paragraph\">2、当您在进行个人认证/企业认证/预约看车/营地租赁时，需要选择填写及/或提交服务所必须的信息，可能包括您的姓名、身份证号码、营业执照、电话号码、地址号等。\n\t\t</div>\n\t\t<div class=\"paragraph\">3、我们记录您在使用我们搜索服务时的记录。\n\t\t</div>\n\t\t<div class=\"paragraph\">4、在您使用服务过程中收集的信息。我们会根据您授予的权限，接收并记录您所使用的设备相关信息，这些设备信息包括：\n\t\t</div>\n\t\t\n\n\n\t\t<div class=\"title\"> 三、 我们如何使用Cookie和同类技术 </div>\n\t\t<div class=\"paragraph\">\n\t\t\tCookie是包含字符串的小文件，在您登入和使用网站或其他网络内容时发送、存放在您的计算机、移动设备或其他装置内（通常经过加密）。Cookie同类技术是可用于与Cookie类似用途的其他技术，例如：Web\n\t\t\tBeacon、Proxy、嵌入式脚本等。</div>\n\t\t<div class=\"paragraph\">\n\t\t\t在您使用我们的产品与/或服务时，我们可能会使用Cookie和同类技术收集您的一些个人信息，包括：您访问网站的习惯、您的浏览信息、您的登录信息，Cookie和同类技术收集该类信息是为了您使用我们的产品与/或服务的必要、简化您重复操作的步骤（如注册、登录）、向您提供更切合您个人需要的服务内容、保护您的信息和账号安全性、改善我们的产品和服务等。我们承诺仅在本《窝友之家隐私政策》所述目的范围内使用Cookie和同类技术。\n\t\t</div>\n\n\n\t\t<div class=\"title\">四、我们如何共享、转让、公开披露您的个人信息</div>\n\t\t<div class=\"paragraph\">\n\t\t\t您可以通过我们的服务建立联系和相互分享。当您通过我们的服务创建交流、交易或分享时，您可以自主选择沟通、交易或分享的对象，作为能够看到您的交易内容、联络方式、交流信息或分享内容等相关信息的第三方。</div>\n\t\t<div class=\"paragraph\">\n\t\t\t在使用《窝友自驾》服务进行网上交易时，您不可避免的要向交易对方或潜在的交易对方披露自己的个人信息，如联络方式或者邮政地址。请您妥善保护自己的个人信息，仅在必要的情形下向他人提供。如您发现自己的个人信息泄密，尤其是您的账户或密码发生泄露，请您立即联络客服。\n\t\t</div>\n\t\t<div class=\"paragraph\">\n\t\t\t请注意，您在使用我们服务时自愿共享的信息，可能会涉及您或他人的个人信息甚至个人敏感信息，如您在评价时选择上传包含个人信息的图片。请您更加谨慎地考虑，是否在使用我们的服务时共享甚至公开分享相关信息。</div>\n\n\n\t\t<div class=\"title\">五、 您对个人信息享有的控制权</div>\n\t\t<div class=\"paragraph\">为向您提供更便捷、更优质、的产品及/或服务，努力提升您的体验，我们在向您提供的以下附加服务中可能会收集和使用您的个人信息。\n\t\t\t<strong>如果您不提供这些信息，不会影响您使用《窝友自驾》的窝窝浏览、搜索等基本服务</strong>， 但您可能无法获得这些附加服务给您带来的用户体验。这些附加服务包括：\n\t\t</div>\n\t\t<div class=\"paragraph\">1、基于写入内/外置存储器的附加服务： 我们需要写入外部存储，是为了您可以保存省份城市信息到手机，用户信息写入数据库/图片缓存。\n\t\t\t<strong>请您知晓，即使您已同意写入外置存储器权限，我们也仅会在您主动点击客户端内省份列表/或有省份选择的动态列表，城市数据库未创建，图片第一次加载，拍照使用该功能。</strong>\n\t\t</div>\n\t\t<div class=\"paragraph\">2、基于读取内/外置存储器的附加服务： 我们需要读取外部存储，是为了您可以获取省份城市信息，用户缓存数据/缓存图片。\n\t\t\t<strong>请您知晓，即使您已同意读取外置存储器权限，我们也仅会在您主动点击客户端内省份列表/或有省份选择的动态列表，界面初始化加载/图片第二次加载缓存/图片压缩使用该功能。</strong>\n\t\t</div>\n\t\t<div class=\"paragraph\">3、基于相机/摄像头的附加服务： 我们访问您的相机是为了您在发布素材，选择上传图片或视频，二维码扫描时，可以进行拍摄图片或视频。\n\t\t\t<strong>请您知晓，即使您已同意相机权限，我们也仅会在您主动点击客户端内拍摄图标/二维码扫描时使用该功能。</strong>\n\t\t</div>\n\t\t<div class=\"paragraph\">4、基于电话的附加服务： 我们访问您的电话是为了实现直接拨打发布人公开电话，便于您与电话发布人沟通。\n\t\t\t<strong>请您知晓，即使您已同意电话权限，我们也仅会在您主动点击客户端电话时使用该功能。</strong>\n\t\t</div>\n\t\t<div class=\"paragraph\">5、基于GPS的附加服务： 我们访问您的GPS是为了实现动态发布位置获取，动态浏览搜索周边信息。\n\t\t\t<strong>请您知晓，即使您已同意开启GPS权限，我们也仅会在您在发布动态,浏览周边信息时获取GPS信息。</strong>\n\t\t</div>\n\t\t<div class=\"paragraph\">6、基于陀螺仪的附加服务： 我们访问您的陀螺仪是为了实现动态VR场景展示。\n\t\t\t<strong>请您知晓，即使您已同意开启陀螺仪权限，我们也仅会在您浏览动态VR场景信息时获取陀螺仪信息。</strong>\n\t\t</div>\n\n\n\n\n\t\t<div class=\"title\">六、 我们如何存储和保护您的个人信息</div>\n\t\t<div class=\"paragraph\">\n\t\t\t《窝友自驾》收集的有关您的信息和资料将保存在《窝友自驾》及（或）其关联公司的服务器上，这些信息和资料可能传送至您所在国家、地区或《窝友自驾》收集信息和资料所在地并在该地被访问、存储和展示。</div>\n\t\t<div class=\"paragraph\">我们将在实现本隐私政策中所述目的所必需的期间内保留你的个人信息，除非法律要求或允许在更长的期间内保留这些信息。</div>\n\n\n\t\t<div class=\"paragraph\">\n\t\t\t《窝友自驾》非常重视您的个人信息安全。我们努力采取各种合理的物理、电子和管理方面的安全措施来保护您的个人信息，并尽最大合理努力使您的个人信息不会被泄漏、毁损或者丢失，包括但不限于SSL、信息加密存储、数据中心的访问控制等。我们对可能接触到您个人信息的员工或外包人员也采取了严格管理，包括但不限于采取信息访问权限控制、与接触个人信息的人员签署保密协议、监控该等人员的操作情况等措施。\n\t\t</div>\n\t\t<div class=\"paragraph\">\n\t\t\t《窝友自驾》账户信息（包括账号名及密码信息）为非常重要的个人信息，请您妥善设置、保管您的《窝友自驾》账号名及密码信息。《窝友自驾》将通过备份、对密码进行加密等安全措施以保护您的账户信息等个人信息不丢失、不被滥用和变造。尽管有前述安全措施，但同时也请您理解在信息网络上不存在“完善的安全措施”。\n\t\t</div>\n\t\t<div class=\"paragraph\">\n\t\t\t<strong>请注意，单独的设备信息、搜索关键词信息等是无法与任何特定个人直接建立联系的数据，不属于个人信息。如果我们将这类非个人信息与其他信息结合用于识别自然人个人身份，或者将其与个人信息结合使用，则在结合使用期间，此类设备信息将被视为个人信息。</strong>\n\t\t</div>\n\n\t\t<div class=\"title\"></div>\n\t\t<div class=\"paragraph\"></div>\n\n\n\t\t<div class=\"title\">七、 未成年人保护</div>\n\t\t<div class=\"paragraph\">我们重视未成年人的个人信息保护，如您为未成年人，建议您请您的监护人仔细阅读本隐私声明，并在征得您的监护人同意的前提下使用我们的服务或向我们提供信息。</div>\n\n\t\t<div class=\"title\">第三方网站和服务</div>\n\t\t\n\t\t\n\t\t\n\t\t<div class=\"paragraph_li\"><span class=\"strong\">信息收集方式：</span>用户同意该隐私政策后SDK初始化，部分SDK会在后台收集如：设备标识符（IMEI、IDFA、Android\n\t\t\tID、MAC、OAID、IMSI等相关信息）、应用信息（应用崩溃信息、通知开关状态、软件列表等相关信息）、设备参数及系统信息（设备类型、设备型号、操作系统及硬件相关信息）]、网络信息[\n\t\t\t网络信息包括：IP地址，WiFi信息，基站信息等相关信息。 ]、地理位置信息。</div>\n\t\t<div class=\"li_area\">\n\t\t\t<div class=\"paragraph_li\"><span class=\"strong\">SKD名称：</span>百度地图SDK</div>\n\t\t\t<div class=\"paragraph_li\"><span class=\"strong\">场景描述：</span>用于实现定位</div>\n\t\t\t<div class=\"paragraph_li\"><span class=\"strong\">收集个人信息的类型：</span>地理位置信息</div>\n\t\t\t<div class=\"paragraph_li\"><span class=\"strong\">第三方机构名称：</span>北京百度网讯科技有限公司</div>\n\t\t\t<div class=\"paragraph_li\"><span class=\"strong\">数据是否加密传输：</span>是</div>\n\t\t\t<div class=\"paragraph_li\"><span class=\"strong\">官方网站/隐私政策地址： </span>\n\t\t\t\t<a href=\"http://lbsyun.baidu.com/index.php?title=open/privacy\">【点击访问】</a>\n\t\t\t</div>\n\t\t</div>\n\t\t<div class=\"li_area\">\n\t\t\t<div class=\"paragraph_li\"><span class=\"strong\">SKD名称：</span>优量汇SDK</div>\n\t\t\t<div class=\"paragraph_li\"><span class=\"strong\">场景描述：</span>用于广告投放</div>\n\t\t\t<div class=\"paragraph_li\"><span class=\"strong\">收集个人信息的类型：</span>设备标识信息（IMEI、Mac地址）、获取加速度传感器信息</div>\n\t\t\t<div class=\"paragraph_li\"><span class=\"strong\">第三方机构名称：</span>腾讯科技（深圳）有限公司</div>\n\t\t\t<div class=\"paragraph_li\"><span class=\"strong\">数据是否加密传输：</span>是</div>\n\t\t\t<div class=\"paragraph_li\"><span class=\"strong\">官方网站/隐私政策地址： </span>\n\t\t\t\t<a href=\"https://e.qq.com/dev/index.html\">【点击访问】</a>\n\t\t\t</div>\n\t\t</div>\n\t\t<div class=\"li_area\">\n\t\t\t<div class=\"paragraph_li\"><span class=\"strong\">SKD名称：</span>buglySDK</div>\n\t\t\t<div class=\"paragraph_li\"><span class=\"strong\">场景描述：</span>用于bug日志收集，版本分发</div>\n\t\t\t<div class=\"paragraph_li\"><span class=\"strong\">收集个人信息的类型：</span>设备标识信息（IMEI、Mac地址）、获取SIM序列号、版本信息、APP异常ANR，崩溃等错误信息\n\t\t\t</div>\n\t\t\t<div class=\"paragraph_li\"><span class=\"strong\">第三方机构名称：</span>腾讯科技（深圳）有限公司</div>\n\t\t\t<div class=\"paragraph_li\"><span class=\"strong\">数据是否加密传输：</span>是</div>\n\t\t\t<div class=\"paragraph_li\"><span class=\"strong\">官方网站/隐私政策地址： </span>\n\t\t\t\t<a href=\"https://bugly.qq.com/v2/index\">【点击访问】</a>\n\t\t\t</div>\n\t\t</div>\n\t\t<div class=\"li_area\">\n\t\t\t<div class=\"paragraph_li\"><span class=\"strong\">SKD名称：</span>JPushSDK</div>\n\t\t\t<div class=\"paragraph_li\"><span class=\"strong\">场景描述：</span>用于实现对手机进行消息推送</div>\n\t\t\t<div class=\"paragraph_li\"><span class=\"strong\">收集个人信息的类型：</span>设备标识符（IMEI、IDFA、Android\n\t\t\t\tID、MAC、OAID、IMSI等相关信息）、应用信息（应用崩溃信息、通知开关状态、软件列表等相关信息、获取已安装APP信息）、设备参数及系统信息（设备类型、设备型号、操作系统及硬件相关信息）]、网络信息[\n\t\t\t\t网络信息包括：IP地址，WiFi信息，基站信息等相关信息。 ]、地理位置信息。</div>\n\t\t\t<div class=\"paragraph_li\"><span class=\"strong\">第三方机构名称：</span>深圳市和讯华谷信息技术有限公司</div>\n\t\t\t<div class=\"paragraph_li\"><span class=\"strong\">数据是否加密传输：</span>是</div>\n\t\t\t<div class=\"paragraph_li\"><span class=\"strong\">官方网站/隐私政策地址： </span>\n\t\t\t\t<a href=\"https://www.jiguang.cn/license/privacy\">【点击访问】</a>\n\t\t\t</div>\n\t\t</div>\n\t\t<div class=\"li_area\">\n\t\t\t<div class=\"paragraph_li\"><span class=\"strong\">SKD名称：</span>MobTech ShareSDK</div>\n\t\t\t<div class=\"paragraph_li\"><span class=\"strong\">场景描述：</span>社交分享，第三方登录</div>\n\t\t\t<div class=\"paragraph_li\"><span class=\"strong\">收集个人信息的类型：</span>系统运营信息、获取设备序列号、网络状态信息、iOS广告标识符（IDFA）、MAC地址、国际移动设备识别码（IMEI）、匿名设备标识符(OAID)、国际移动用户识别码（IMSI）、应用列表信息、基站信息、社交平台OpenID、地理位置\n\t\t\t</div>\n\t\t\t<div class=\"paragraph_li\"><span class=\"strong\">第三方机构名称：</span>上海游昆信息技术有限公司</div>\n\t\t\t<div class=\"paragraph_li\"><span class=\"strong\">数据是否加密传输：</span>是</div>\n\t\t\t<div class=\"paragraph_li\"><span class=\"strong\">官方网站/隐私政策地址： </span>\n\t\t\t\t<a href=\"https://www.mob.com/about/policy\">【点击访问】</a>\n\t\t\t</div>\n\t\t</div>\n\t\t<div class=\"li_area\">\n\t\t\t<div class=\"paragraph_li\"><span class=\"strong\">SKD名称：</span>openinstallSDK</div>\n\t\t\t<div class=\"paragraph_li\"><span class=\"strong\">场景描述：</span>用于渠道统计，一键下载并安装App</div>\n\t\t\t<div class=\"paragraph_li\"><span class=\"strong\">收集个人信息的类型：</span>设备标识信息（IMEI、Mac地址）</div>\n\t\t\t<div class=\"paragraph_li\"><span class=\"strong\">第三方机构名称：</span>深圳市分秒网络科技有限公司</div>\n\t\t\t<div class=\"paragraph_li\"><span class=\"strong\">数据是否加密传输：</span>是</div>\n\t\t\t<div class=\"paragraph_li\"><span class=\"strong\">官方网站/隐私政策地址： </span>\n\t\t\t\t<a href=\"https://www.openinstall.io/yinsi.html\">【点击访问】</a>\n\t\t\t</div>\n\t\t</div>\n\n\n\t\t<div class=\"title\">九、 如何联系我们</div>\n\n\t\t<div class=\"paragraph\">1、如您有任何与个人信息保护或隐私保护相关的问题、意见或建议，您可以拨打我们的客服电话方式与我们联系。<a href=\"http://web.woyouzhijia.cn/sp/aboutUs.html\">客服入口：与我们联系</a></div>\n\t\t<div class=\"paragraph\">2、如您需要《帐号注销》，您可以拨打我们的客服电话，或者添加微信客服与我们联系。<a href=\"http://web.woyouzhijia.cn/sp/aboutUs.html\">客服入口：与我们联系</a></div>\n\t\t<div class=\"paragraph\">\n\t\t\t3、一般情况下，我们将在15个工作日内回复。如果您对我们的回复不满意，特别是我们的个人信息处理行为损害了您的合法权益，您还可以向网信办、消费者保护协会等监管部门进行投诉，投诉方式如下:</div>\n\t\t<div class=\"paragraph\">国家网信办举报中心: www.12377.cn</div>\n\t\t<div class=\"paragraph\">消费者投诉举报电话: 12315</div>\n\n\t\n\n</body></html>",
    "policy_text": "窝友自驾隐私政策\n本版更新时间：2022年12月27日\n版本更新提示\n我们于前述时间更新了《窝友之家隐私政策》的相关内容。本次更新的内容主要包括：依照最新法律要求更加详细地介绍了我们产品信息处理方式，和所使用第三方SDK、为了更便于您阅读与理解而略微调整了部分章节的结构与文字描述、以及其他文案描述性内容调整等。请您在使用/继续使用窝友之家的产品与/或服务前仔细阅读和充分理解全文，并在同意全部内容后使用/继续使用。\n\n导言\n深圳市窝友之家科技有限公司（以下统称“我们”或“窝友之家”）深知个人信息对您的重要性，因此我们非常重视保护您的隐私和个人信息，\n我们亦将本《窝友自驾隐私政策》中的内容以高度审慎的义务对待和处理。本政策与您所使用的我们的产品与/或服务息息相关，您在下载、安装、启动、浏览、注册、登录、使用、卸载、退出我们的产品与/或服务，我们将按照本政策的约定处理和保护您的个人信息，因此我们希望您能够仔细阅读、充分理解本政策的全文，并在需要时，按照本政策的指引，作出您认为适当的选择。本政策之中涉及的相关技术词汇，我们尽量以通俗易懂的表述向您解释，以便于您理解。\n\n关于我们\n本《窝友之家隐私政策》将帮助您了解以下内容\n\n一、 本《窝友之家隐私政策》适用范围\n二、 我们如何收集和使用您的个人信息\n三、 我们如何使用Cookie和同类技术\n四、 我们如何共享、转让、公开披露您的个人信息\n五、 您对个人信息享有的控制权\n六、 我们如何存储和保护您的个人信息\n七、 未成年人保护\n八、 第三方网站和服务\n九、 如何联系我们\n一、 本《窝友之家隐私政策》适用范围\n本《窝友之家隐私政策》为窝友之家的所有产品与/或服务统一适用的通用内容，当您使用我们的任何产品与/或服务时，本《窝友之家隐私政策》即适用，但如该产品与/或服务单独设置了隐私条款/隐私协议的，单独的隐私条款/隐私协议优先适用；单独的隐私条款/隐私协议未提及的内容，适用本政策。但请您注意，本《窝友之家隐私政策》不适用于以下情况：\n\n1、为我们的产品与/或服务提供广告服务的第三方的信息收集/处理做法；\n2、我们的产品与/或服务可能会包含或链接至第三方提供的信息与/或第三方服务（包括任何第三方应用、网站、产品、服务等），这些信息与/或服务由第三方负责运营，您使用该信息与/或服务与我们无关。我们在此善意的提醒您，您在使用第三方信息与/或服务时，应留意和仔细阅读第三方向您展示的相关用户协议和隐私政策，并妥善保管和谨慎提供您的个人信息。本《窝友之家隐私政策》仅适用于我们所收集的您的个人信息，并不适用于任何第三方对您的个人信息的收集，以及任何第三方提供的服务或第三方的信息使用规则，我们对任何第三方收集、储存和使用的您个人信息的行为在法律允许的范围内亦不承担任何责任；\n\n3、其他非窝友之家向您提供的产品与/或服务内容。\n二、 我们如何收集和使用您的个人信息\n为了向您提供更好、更优的服务，我们将根据您使用的服务收集您的如下信息：\n1、《窝友自驾》账户功能使用电话号码及/或微信号实现用户注册。\n\n2、当您在进行个人认证/企业认证/预约看车/营地租赁时，需要选择填写及/或提交服务所必须的信息，可能包括您的姓名、身份证号码、营业执照、电话号码、地址号等。\n\n3、我们记录您在使用我们搜索服务时的记录。\n\n4、在您使用服务过程中收集的信息。我们会根据您授予的权限，接收并记录您所使用的设备相关信息，这些设备信息包括：\n\n三、 我们如何使用Cookie和同类技术\nCookie是包含字符串的小文件，在您登入和使用网站或其他网络内容时发送、存放在您的计算机、移动设备或其他装置内（通常经过加密）。Cookie同类技术是可用于与Cookie类似用途的其他技术，例如：Web\nBeacon、Proxy、嵌入式脚本等。\n在您使用我们的产品与/或服务时，我们可能会使用Cookie和同类技术收集您的一些个人信息，包括：您访问网站的习惯、您的浏览信息、您的登录信息，Cookie和同类技术收集该类信息是为了您使用我们的产品与/或服务的必要、简化您重复操作的步骤（如注册、登录）、向您提供更切合您个人需要的服务内容、保护您的信息和账号安全性、改善我们的产品和服务等。我们承诺仅在本《窝友之家隐私政策》所述目的范围内使用Cookie和同类技术。\n\n四、我们如何共享、转让、公开披露您的个人信息\n您可以通过我们的服务建立联系和相互分享。当您通过我们的服务创建交流、交易或分享时，您可以自主选择沟通、交易或分享的对象，作为能够看到您的交易内容、联络方式、交流信息或分享内容等相关信息的第三方。\n在使用《窝友自驾》服务进行网上交易时，您不可避免的要向交易对方或潜在的交易对方披露自己的个人信息，如联络方式或者邮政地址。请您妥善保护自己的个人信息，仅在必要的情形下向他人提供。如您发现自己的个人信息泄密，尤其是您的账户或密码发生泄露，请您立即联络客服。\n\n请注意，您在使用我们服务时自愿共享的信息，可能会涉及您或他人的个人信息甚至个人敏感信息，如您在评价时选择上传包含个人信息的图片。请您更加谨慎地考虑，是否在使用我们的服务时共享甚至公开分享相关信息。\n五、 您对个人信息享有的控制权\n为向您提供更便捷、更优质、的产品及/或服务，努力提升您的体验，我们在向您提供的以下附加服务中可能会收集和使用您的个人信息。\n如果您不提供这些信息，不会影响您使用《窝友自驾》的窝窝浏览、搜索等基本服务， 但您可能无法获得这些附加服务给您带来的用户体验。这些附加服务包括：\n\n1、基于写入内/外置存储器的附加服务： 我们需要写入外部存储，是为了您可以保存省份城市信息到手机，用户信息写入数据库/图片缓存。\n请您知晓，即使您已同意写入外置存储器权限，我们也仅会在您主动点击客户端内省份列表/或有省份选择的动态列表，城市数据库未创建，图片第一次加载，拍照使用该功能。\n2、基于读取内/外置存储器的附加服务： 我们需要读取外部存储，是为了您可以获取省份城市信息，用户缓存数据/缓存图片。\n请您知晓，即使您已同意读取外置存储器权限，我们也仅会在您主动点击客户端内省份列表/或有省份选择的动态列表，界面初始化加载/图片第二次加载缓存/图片压缩使用该功能。\n3、基于相机/摄像头的附加服务： 我们访问您的相机是为了您在发布素材，选择上传图片或视频，二维码扫描时，可以进行拍摄图片或视频。\n请您知晓，即使您已同意相机权限，我们也仅会在您主动点击客户端内拍摄图标/二维码扫描时使用该功能。\n4、基于电话的附加服务： 我们访问您的电话是为了实现直接拨打发布人公开电话，便于您与电话发布人沟通。\n请您知晓，即使您已同意电话权限，我们也仅会在您主动点击客户端电话时使用该功能。\n5、基于GPS的附加服务： 我们访问您的GPS是为了实现动态发布位置获取，动态浏览搜索周边信息。\n请您知晓，即使您已同意开启GPS权限，我们也仅会在您在发布动态,浏览周边信息时获取GPS信息。\n6、基于陀螺仪的附加服务： 我们访问您的陀螺仪是为了实现动态VR场景展示。\n请您知晓，即使您已同意开启陀螺仪权限，我们也仅会在您浏览动态VR场景信息时获取陀螺仪信息。\n六、 我们如何存储和保护您的个人信息\n《窝友自驾》收集的有关您的信息和资料将保存在《窝友自驾》及（或）其关联公司的服务器上，这些信息和资料可能传送至您所在国家、地区或《窝友自驾》收集信息和资料所在地并在该地被访问、存储和展示。\n我们将在实现本隐私政策中所述目的所必需的期间内保留你的个人信息，除非法律要求或允许在更长的期间内保留这些信息。\n《窝友自驾》非常重视您的个人信息安全。我们努力采取各种合理的物理、电子和管理方面的安全措施来保护您的个人信息，并尽最大合理努力使您的个人信息不会被泄漏、毁损或者丢失，包括但不限于SSL、信息加密存储、数据中心的访问控制等。我们对可能接触到您个人信息的员工或外包人员也采取了严格管理，包括但不限于采取信息访问权限控制、与接触个人信息的人员签署保密协议、监控该等人员的操作情况等措施。\n\n《窝友自驾》账户信息（包括账号名及密码信息）为非常重要的个人信息，请您妥善设置、保管您的《窝友自驾》账号名及密码信息。《窝友自驾》将通过备份、对密码进行加密等安全措施以保护您的账户信息等个人信息不丢失、不被滥用和变造。尽管有前述安全措施，但同时也请您理解在信息网络上不存在“完善的安全措施”。\n\n请注意，单独的设备信息、搜索关键词信息等是无法与任何特定个人直接建立联系的数据，不属于个人信息。如果我们将这类非个人信息与其他信息结合用于识别自然人个人身份，或者将其与个人信息结合使用，则在结合使用期间，此类设备信息将被视为个人信息。\n七、 未成年人保护\n我们重视未成年人的个人信息保护，如您为未成年人，建议您请您的监护人仔细阅读本隐私声明，并在征得您的监护人同意的前提下使用我们的服务或向我们提供信息。\n第三方网站和服务\n信息收集方式：用户同意该隐私政策后SDK初始化，部分SDK会在后台收集如：设备标识符（IMEI、IDFA、Android\nID、MAC、OAID、IMSI等相关信息）、应用信息（应用崩溃信息、通知开关状态、软件列表等相关信息）、设备参数及系统信息（设备类型、设备型号、操作系统及硬件相关信息）]、网络信息[\n网络信息包括：IP地址，WiFi信息，基站信息等相关信息。 ]、地理位置信息。\nSKD名称：百度地图SDK\n场景描述：用于实现定位\n收集个人信息的类型：地理位置信息\n第三方机构名称：北京百度网讯科技有限公司\n数据是否加密传输：是\n官方网站/隐私政策地址：\n【点击访问】【链接地址为：http://lbsyun.baidu.com/index.php?title=open/privacy】\nSKD名称：优量汇SDK\n场景描述：用于广告投放\n收集个人信息的类型：设备标识信息（IMEI、Mac地址）、获取加速度传感器信息\n第三方机构名称：腾讯科技（深圳）有限公司\n数据是否加密传输：是\n官方网站/隐私政策地址：\n【点击访问】【链接地址为：https://e.qq.com/dev/index.html】\nSKD名称：buglySDK\n场景描述：用于bug日志收集，版本分发\n收集个人信息的类型：设备标识信息（IMEI、Mac地址）、获取SIM序列号、版本信息、APP异常ANR，崩溃等错误信息\n\n第三方机构名称：腾讯科技（深圳）有限公司\n数据是否加密传输：是\n官方网站/隐私政策地址：\n【点击访问】【链接地址为：https://bugly.qq.com/v2/index】\nSKD名称：JPushSDK\n场景描述：用于实现对手机进行消息推送\n收集个人信息的类型：设备标识符（IMEI、IDFA、Android\nID、MAC、OAID、IMSI等相关信息）、应用信息（应用崩溃信息、通知开关状态、软件列表等相关信息、获取已安装APP信息）、设备参数及系统信息（设备类型、设备型号、操作系统及硬件相关信息）]、网络信息[\n网络信息包括：IP地址，WiFi信息，基站信息等相关信息。 ]、地理位置信息。\n第三方机构名称：深圳市和讯华谷信息技术有限公司\n数据是否加密传输：是\n官方网站/隐私政策地址：\n【点击访问】【链接地址为：https://www.jiguang.cn/license/privacy】\nSKD名称：MobTech ShareSDK\n场景描述：社交分享，第三方登录\n收集个人信息的类型：系统运营信息、获取设备序列号、网络状态信息、iOS广告标识符（IDFA）、MAC地址、国际移动设备识别码（IMEI）、匿名设备标识符(OAID)、国际移动用户识别码（IMSI）、应用列表信息、基站信息、社交平台OpenID、地理位置\n\n第三方机构名称：上海游昆信息技术有限公司\n数据是否加密传输：是\n官方网站/隐私政策地址：\n【点击访问】【链接地址为：https://www.mob.com/about/policy】\nSKD名称：openinstallSDK\n场景描述：用于渠道统计，一键下载并安装App\n收集个人信息的类型：设备标识信息（IMEI、Mac地址）\n第三方机构名称：深圳市分秒网络科技有限公司\n数据是否加密传输：是\n官方网站/隐私政策地址：\n【点击访问】【链接地址为：https://www.openinstall.io/yinsi.html】\n九、 如何联系我们\n1、如您有任何与个人信息保护或隐私保护相关的问题、意见或建议，您可以拨打我们的客服电话方式与我们联系。客服入口：与我们联系【链接地址为：http://web.woyouzhijia.cn/sp/aboutUs.html】\n2、如您需要《帐号注销》，您可以拨打我们的客服电话，或者添加微信客服与我们联系。客服入口：与我们联系【链接地址为：http://web.woyouzhijia.cn/sp/aboutUs.html】\n3、一般情况下，我们将在15个工作日内回复。如果您对我们的回复不满意，特别是我们的个人信息处理行为损害了您的合法权益，您还可以向网信办、消费者保护协会等监管部门进行投诉，投诉方式如下:\n国家网信办举报中心: www.12377.cn\n消费者投诉举报电话: 12315",
    "policy_html_source_code_clean": "《窝友自驾》隐私政策\n<body>\n<div>窝友自驾隐私政策</div>\n<div>本版更新时间：2022年12月27日</div>\n<div>版本更新提示 </div>\n<div>\n\t\t\t我们于前述时间更新了《窝友之家隐私政策》的相关内容。本次更新的内容主要包括：依照最新法律要求更加详细地介绍了我们产品信息处理方式，和所使用第三方SDK、为了更便于您阅读与理解而略微调整了部分章节的结构与文字描述、以及其他文案描述性内容调整等。请您在使用/继续使用窝友之家的产品与/或服务前仔细阅读和充分理解全文，并在同意全部内容后使用/继续使用。\n\n\t\t</div>\n<div>导言</div>\n<div>\n\t\t\t深圳市窝友之家科技有限公司（以下统称“我们”或“窝友之家”）深知个人信息对您的重要性，因此我们非常重视保护您的隐私和个人信息，\n\t\t\t我们亦将本《窝友自驾隐私政策》中的内容以高度审慎的义务对待和处理。本政策与您所使用的我们的产品与/或服务息息相关，您在下载、安装、启动、浏览、注册、登录、使用、卸载、退出我们的产品与/或服务，我们将按照本政策的约定处理和保护您的个人信息，因此我们希望您能够仔细阅读、充分理解本政策的全文，并在需要时，按照本政策的指引，作出您认为适当的选择。本政策之中涉及的相关技术词汇，我们尽量以通俗易懂的表述向您解释，以便于您理解。\n\t\t</div>\n<div>关于我们</div>\n<div>\n</div>\n<div>\n\t\t\t本《窝友之家隐私政策》将帮助您了解以下内容\n\t\t</div>\n<div>\n<ul>\n<li>一、 本《窝友之家隐私政策》适用范围</li>\n<li>二、 我们如何收集和使用您的个人信息</li>\n<li>三、 我们如何使用Cookie和同类技术</li>\n<li>四、 我们如何共享、转让、公开披露您的个人信息</li>\n<li>五、 您对个人信息享有的控制权</li>\n<li>六、 我们如何存储和保护您的个人信息</li>\n<li>七、 未成年人保护</li>\n<li>八、 第三方网站和服务</li>\n<li>九、 如何联系我们</li>\n</ul>\n</div>\n<div>一、 本《窝友之家隐私政策》适用范围</div>\n<div>\n\t\t\t本《窝友之家隐私政策》为窝友之家的所有产品与/或服务统一适用的通用内容，当您使用我们的任何产品与/或服务时，本《窝友之家隐私政策》即适用，但如该产品与/或服务单独设置了隐私条款/隐私协议的，单独的隐私条款/隐私协议优先适用；单独的隐私条款/隐私协议未提及的内容，适用本政策。但请您注意，本《窝友之家隐私政策》不适用于以下情况：\n\t\t</div>\n<div>1、为我们的产品与/或服务提供广告服务的第三方的信息收集/处理做法；</div>\n<div>\n\t\t\t2、我们的产品与/或服务可能会包含或链接至第三方提供的信息与/或第三方服务（包括任何第三方应用、网站、产品、服务等），这些信息与/或服务由第三方负责运营，您使用该信息与/或服务与我们无关。我们在此善意的提醒您，您在使用第三方信息与/或服务时，应留意和仔细阅读第三方向您展示的相关用户协议和隐私政策，并妥善保管和谨慎提供您的个人信息。本《窝友之家隐私政策》仅适用于我们所收集的您的个人信息，并不适用于任何第三方对您的个人信息的收集，以及任何第三方提供的服务或第三方的信息使用规则，我们对任何第三方收集、储存和使用的您个人信息的行为在法律允许的范围内亦不承担任何责任；\n\t\t</div>\n<div>3、其他非窝友之家向您提供的产品与/或服务内容。</div>\n<div>二、 我们如何收集和使用您的个人信息</div>\n<div>为了向您提供更好、更优的服务，我们将根据您使用的服务收集您的如下信息：</div>\n<div>1、《窝友自驾》账户功能使用电话号码及/或微信号实现用户注册。\n\t\t</div>\n<div>2、当您在进行个人认证/企业认证/预约看车/营地租赁时，需要选择填写及/或提交服务所必须的信息，可能包括您的姓名、身份证号码、营业执照、电话号码、地址号等。\n\t\t</div>\n<div>3、我们记录您在使用我们搜索服务时的记录。\n\t\t</div>\n<div>4、在您使用服务过程中收集的信息。我们会根据您授予的权限，接收并记录您所使用的设备相关信息，这些设备信息包括：\n\t\t</div>\n<div> 三、 我们如何使用Cookie和同类技术 </div>\n<div>\n\t\t\tCookie是包含字符串的小文件，在您登入和使用网站或其他网络内容时发送、存放在您的计算机、移动设备或其他装置内（通常经过加密）。Cookie同类技术是可用于与Cookie类似用途的其他技术，例如：Web\n\t\t\tBeacon、Proxy、嵌入式脚本等。</div>\n<div>\n\t\t\t在您使用我们的产品与/或服务时，我们可能会使用Cookie和同类技术收集您的一些个人信息，包括：您访问网站的习惯、您的浏览信息、您的登录信息，Cookie和同类技术收集该类信息是为了您使用我们的产品与/或服务的必要、简化您重复操作的步骤（如注册、登录）、向您提供更切合您个人需要的服务内容、保护您的信息和账号安全性、改善我们的产品和服务等。我们承诺仅在本《窝友之家隐私政策》所述目的范围内使用Cookie和同类技术。\n\t\t</div>\n<div>四、我们如何共享、转让、公开披露您的个人信息</div>\n<div>\n\t\t\t您可以通过我们的服务建立联系和相互分享。当您通过我们的服务创建交流、交易或分享时，您可以自主选择沟通、交易或分享的对象，作为能够看到您的交易内容、联络方式、交流信息或分享内容等相关信息的第三方。</div>\n<div>\n\t\t\t在使用《窝友自驾》服务进行网上交易时，您不可避免的要向交易对方或潜在的交易对方披露自己的个人信息，如联络方式或者邮政地址。请您妥善保护自己的个人信息，仅在必要的情形下向他人提供。如您发现自己的个人信息泄密，尤其是您的账户或密码发生泄露，请您立即联络客服。\n\t\t</div>\n<div>\n\t\t\t请注意，您在使用我们服务时自愿共享的信息，可能会涉及您或他人的个人信息甚至个人敏感信息，如您在评价时选择上传包含个人信息的图片。请您更加谨慎地考虑，是否在使用我们的服务时共享甚至公开分享相关信息。</div>\n<div>五、 您对个人信息享有的控制权</div>\n<div>为向您提供更便捷、更优质、的产品及/或服务，努力提升您的体验，我们在向您提供的以下附加服务中可能会收集和使用您的个人信息。\n\t\t\t<strong>如果您不提供这些信息，不会影响您使用《窝友自驾》的窝窝浏览、搜索等基本服务</strong>， 但您可能无法获得这些附加服务给您带来的用户体验。这些附加服务包括：\n\t\t</div>\n<div>1、基于写入内/外置存储器的附加服务： 我们需要写入外部存储，是为了您可以保存省份城市信息到手机，用户信息写入数据库/图片缓存。\n\t\t\t<strong>请您知晓，即使您已同意写入外置存储器权限，我们也仅会在您主动点击客户端内省份列表/或有省份选择的动态列表，城市数据库未创建，图片第一次加载，拍照使用该功能。</strong>\n</div>\n<div>2、基于读取内/外置存储器的附加服务： 我们需要读取外部存储，是为了您可以获取省份城市信息，用户缓存数据/缓存图片。\n\t\t\t<strong>请您知晓，即使您已同意读取外置存储器权限，我们也仅会在您主动点击客户端内省份列表/或有省份选择的动态列表，界面初始化加载/图片第二次加载缓存/图片压缩使用该功能。</strong>\n</div>\n<div>3、基于相机/摄像头的附加服务： 我们访问您的相机是为了您在发布素材，选择上传图片或视频，二维码扫描时，可以进行拍摄图片或视频。\n\t\t\t<strong>请您知晓，即使您已同意相机权限，我们也仅会在您主动点击客户端内拍摄图标/二维码扫描时使用该功能。</strong>\n</div>\n<div>4、基于电话的附加服务： 我们访问您的电话是为了实现直接拨打发布人公开电话，便于您与电话发布人沟通。\n\t\t\t<strong>请您知晓，即使您已同意电话权限，我们也仅会在您主动点击客户端电话时使用该功能。</strong>\n</div>\n<div>5、基于GPS的附加服务： 我们访问您的GPS是为了实现动态发布位置获取，动态浏览搜索周边信息。\n\t\t\t<strong>请您知晓，即使您已同意开启GPS权限，我们也仅会在您在发布动态,浏览周边信息时获取GPS信息。</strong>\n</div>\n<div>6、基于陀螺仪的附加服务： 我们访问您的陀螺仪是为了实现动态VR场景展示。\n\t\t\t<strong>请您知晓，即使您已同意开启陀螺仪权限，我们也仅会在您浏览动态VR场景信息时获取陀螺仪信息。</strong>\n</div>\n<div>六、 我们如何存储和保护您的个人信息</div>\n<div>\n\t\t\t《窝友自驾》收集的有关您的信息和资料将保存在《窝友自驾》及（或）其关联公司的服务器上，这些信息和资料可能传送至您所在国家、地区或《窝友自驾》收集信息和资料所在地并在该地被访问、存储和展示。</div>\n<div>我们将在实现本隐私政策中所述目的所必需的期间内保留你的个人信息，除非法律要求或允许在更长的期间内保留这些信息。</div>\n<div>\n\t\t\t《窝友自驾》非常重视您的个人信息安全。我们努力采取各种合理的物理、电子和管理方面的安全措施来保护您的个人信息，并尽最大合理努力使您的个人信息不会被泄漏、毁损或者丢失，包括但不限于SSL、信息加密存储、数据中心的访问控制等。我们对可能接触到您个人信息的员工或外包人员也采取了严格管理，包括但不限于采取信息访问权限控制、与接触个人信息的人员签署保密协议、监控该等人员的操作情况等措施。\n\t\t</div>\n<div>\n\t\t\t《窝友自驾》账户信息（包括账号名及密码信息）为非常重要的个人信息，请您妥善设置、保管您的《窝友自驾》账号名及密码信息。《窝友自驾》将通过备份、对密码进行加密等安全措施以保护您的账户信息等个人信息不丢失、不被滥用和变造。尽管有前述安全措施，但同时也请您理解在信息网络上不存在“完善的安全措施”。\n\t\t</div>\n<div>\n<strong>请注意，单独的设备信息、搜索关键词信息等是无法与任何特定个人直接建立联系的数据，不属于个人信息。如果我们将这类非个人信息与其他信息结合用于识别自然人个人身份，或者将其与个人信息结合使用，则在结合使用期间，此类设备信息将被视为个人信息。</strong>\n</div>\n<div></div>\n<div></div>\n<div>七、 未成年人保护</div>\n<div>我们重视未成年人的个人信息保护，如您为未成年人，建议您请您的监护人仔细阅读本隐私声明，并在征得您的监护人同意的前提下使用我们的服务或向我们提供信息。</div>\n<div>第三方网站和服务</div>\n<div><span>信息收集方式：</span>用户同意该隐私政策后SDK初始化，部分SDK会在后台收集如：设备标识符（IMEI、IDFA、Android\n\t\t\tID、MAC、OAID、IMSI等相关信息）、应用信息（应用崩溃信息、通知开关状态、软件列表等相关信息）、设备参数及系统信息（设备类型、设备型号、操作系统及硬件相关信息）]、网络信息[\n\t\t\t网络信息包括：IP地址，WiFi信息，基站信息等相关信息。 ]、地理位置信息。</div>\n<div>\n<div><span>SKD名称：</span>百度地图SDK</div>\n<div><span>场景描述：</span>用于实现定位</div>\n<div><span>收集个人信息的类型：</span>地理位置信息</div>\n<div><span>第三方机构名称：</span>北京百度网讯科技有限公司</div>\n<div><span>数据是否加密传输：</span>是</div>\n<div><span>官方网站/隐私政策地址： </span>\n<a href=\"http://lbsyun.baidu.com/index.php?title=open/privacy\" target=\"_blank\">【点击访问】</a>\n</div>\n</div>\n<div>\n<div><span>SKD名称：</span>优量汇SDK</div>\n<div><span>场景描述：</span>用于广告投放</div>\n<div><span>收集个人信息的类型：</span>设备标识信息（IMEI、Mac地址）、获取加速度传感器信息</div>\n<div><span>第三方机构名称：</span>腾讯科技（深圳）有限公司</div>\n<div><span>数据是否加密传输：</span>是</div>\n<div><span>官方网站/隐私政策地址： </span>\n<a href=\"https://e.qq.com/dev/index.html\" target=\"_blank\">【点击访问】</a>\n</div>\n</div>\n<div>\n<div><span>SKD名称：</span>buglySDK</div>\n<div><span>场景描述：</span>用于bug日志收集，版本分发</div>\n<div><span>收集个人信息的类型：</span>设备标识信息（IMEI、Mac地址）、获取SIM序列号、版本信息、APP异常ANR，崩溃等错误信息\n\t\t\t</div>\n<div><span>第三方机构名称：</span>腾讯科技（深圳）有限公司</div>\n<div><span>数据是否加密传输：</span>是</div>\n<div><span>官方网站/隐私政策地址： </span>\n<a href=\"https://bugly.qq.com/v2/index\" target=\"_blank\">【点击访问】</a>\n</div>\n</div>\n<div>\n<div><span>SKD名称：</span>JPushSDK</div>\n<div><span>场景描述：</span>用于实现对手机进行消息推送</div>\n<div><span>收集个人信息的类型：</span>设备标识符（IMEI、IDFA、Android\n\t\t\t\tID、MAC、OAID、IMSI等相关信息）、应用信息（应用崩溃信息、通知开关状态、软件列表等相关信息、获取已安装APP信息）、设备参数及系统信息（设备类型、设备型号、操作系统及硬件相关信息）]、网络信息[\n\t\t\t\t网络信息包括：IP地址，WiFi信息，基站信息等相关信息。 ]、地理位置信息。</div>\n<div><span>第三方机构名称：</span>深圳市和讯华谷信息技术有限公司</div>\n<div><span>数据是否加密传输：</span>是</div>\n<div><span>官方网站/隐私政策地址： </span>\n<a href=\"https://www.jiguang.cn/license/privacy\" target=\"_blank\">【点击访问】</a>\n</div>\n</div>\n<div>\n<div><span>SKD名称：</span>MobTech ShareSDK</div>\n<div><span>场景描述：</span>社交分享，第三方登录</div>\n<div><span>收集个人信息的类型：</span>系统运营信息、获取设备序列号、网络状态信息、iOS广告标识符（IDFA）、MAC地址、国际移动设备识别码（IMEI）、匿名设备标识符(OAID)、国际移动用户识别码（IMSI）、应用列表信息、基站信息、社交平台OpenID、地理位置\n\t\t\t</div>\n<div><span>第三方机构名称：</span>上海游昆信息技术有限公司</div>\n<div><span>数据是否加密传输：</span>是</div>\n<div><span>官方网站/隐私政策地址： </span>\n<a href=\"https://www.mob.com/about/policy\" target=\"_blank\">【点击访问】</a>\n</div>\n</div>\n<div>\n<div><span>SKD名称：</span>openinstallSDK</div>\n<div><span>场景描述：</span>用于渠道统计，一键下载并安装App</div>\n<div><span>收集个人信息的类型：</span>设备标识信息（IMEI、Mac地址）</div>\n<div><span>第三方机构名称：</span>深圳市分秒网络科技有限公司</div>\n<div><span>数据是否加密传输：</span>是</div>\n<div><span>官方网站/隐私政策地址： </span>\n<a href=\"https://www.openinstall.io/yinsi.html\" target=\"_blank\">【点击访问】</a>\n</div>\n</div>\n<div>九、 如何联系我们</div>\n<div>1、如您有任何与个人信息保护或隐私保护相关的问题、意见或建议，您可以拨打我们的客服电话方式与我们联系。<a href=\"http://web.woyouzhijia.cn/sp/aboutUs.html\" target=\"_blank\">客服入口：与我们联系</a></div>\n<div>2、如您需要《帐号注销》，您可以拨打我们的客服电话，或者添加微信客服与我们联系。<a href=\"http://web.woyouzhijia.cn/sp/aboutUs.html\" target=\"_blank\">客服入口：与我们联系</a></div>\n<div>\n\t\t\t3、一般情况下，我们将在15个工作日内回复。如果您对我们的回复不满意，特别是我们的个人信息处理行为损害了您的合法权益，您还可以向网信办、消费者保护协会等监管部门进行投诉，投诉方式如下:</div>\n<div>国家网信办举报中心: www.12377.cn</div>\n<div>消费者投诉举报电话: 12315</div>\n</body>",
    "policy_text_clean": "《窝友自驾》隐私政策\n窝友自驾隐私政策\n本版更新时间：2022年12月27日\n版本更新提示\n我们于前述时间更新了《窝友之家隐私政策》的相关内容。本次更新的内容主要包括：依照最新法律要求更加详细地介绍了我们产品信息处理方式，和所使用第三方SDK、为了更便于您阅读与理解而略微调整了部分章节的结构与文字描述、以及其他文案描述性内容调整等。请您在使用/继续使用窝友之家的产品与/或服务前仔细阅读和充分理解全文，并在同意全部内容后使用/继续使用。\n\n导言\n深圳市窝友之家科技有限公司（以下统称“我们”或“窝友之家”）深知个人信息对您的重要性，因此我们非常重视保护您的隐私和个人信息，\n我们亦将本《窝友自驾隐私政策》中的内容以高度审慎的义务对待和处理。本政策与您所使用的我们的产品与/或服务息息相关，您在下载、安装、启动、浏览、注册、登录、使用、卸载、退出我们的产品与/或服务，我们将按照本政策的约定处理和保护您的个人信息，因此我们希望您能够仔细阅读、充分理解本政策的全文，并在需要时，按照本政策的指引，作出您认为适当的选择。本政策之中涉及的相关技术词汇，我们尽量以通俗易懂的表述向您解释，以便于您理解。\n\n关于我们\n本《窝友之家隐私政策》将帮助您了解以下内容\n\n一、 本《窝友之家隐私政策》适用范围\n二、 我们如何收集和使用您的个人信息\n三、 我们如何使用Cookie和同类技术\n四、 我们如何共享、转让、公开披露您的个人信息\n五、 您对个人信息享有的控制权\n六、 我们如何存储和保护您的个人信息\n七、 未成年人保护\n八、 第三方网站和服务\n九、 如何联系我们\n一、 本《窝友之家隐私政策》适用范围\n本《窝友之家隐私政策》为窝友之家的所有产品与/或服务统一适用的通用内容，当您使用我们的任何产品与/或服务时，本《窝友之家隐私政策》即适用，但如该产品与/或服务单独设置了隐私条款/隐私协议的，单独的隐私条款/隐私协议优先适用；单独的隐私条款/隐私协议未提及的内容，适用本政策。但请您注意，本《窝友之家隐私政策》不适用于以下情况：\n\n1、为我们的产品与/或服务提供广告服务的第三方的信息收集/处理做法；\n2、我们的产品与/或服务可能会包含或链接至第三方提供的信息与/或第三方服务（包括任何第三方应用、网站、产品、服务等），这些信息与/或服务由第三方负责运营，您使用该信息与/或服务与我们无关。我们在此善意的提醒您，您在使用第三方信息与/或服务时，应留意和仔细阅读第三方向您展示的相关用户协议和隐私政策，并妥善保管和谨慎提供您的个人信息。本《窝友之家隐私政策》仅适用于我们所收集的您的个人信息，并不适用于任何第三方对您的个人信息的收集，以及任何第三方提供的服务或第三方的信息使用规则，我们对任何第三方收集、储存和使用的您个人信息的行为在法律允许的范围内亦不承担任何责任；\n\n3、其他非窝友之家向您提供的产品与/或服务内容。\n二、 我们如何收集和使用您的个人信息\n为了向您提供更好、更优的服务，我们将根据您使用的服务收集您的如下信息：\n1、《窝友自驾》账户功能使用电话号码及/或微信号实现用户注册。\n\n2、当您在进行个人认证/企业认证/预约看车/营地租赁时，需要选择填写及/或提交服务所必须的信息，可能包括您的姓名、身份证号码、营业执照、电话号码、地址号等。\n\n3、我们记录您在使用我们搜索服务时的记录。\n\n4、在您使用服务过程中收集的信息。我们会根据您授予的权限，接收并记录您所使用的设备相关信息，这些设备信息包括：\n\n三、 我们如何使用Cookie和同类技术\nCookie是包含字符串的小文件，在您登入和使用网站或其他网络内容时发送、存放在您的计算机、移动设备或其他装置内（通常经过加密）。Cookie同类技术是可用于与Cookie类似用途的其他技术，例如：Web\nBeacon、Proxy、嵌入式脚本等。\n在您使用我们的产品与/或服务时，我们可能会使用Cookie和同类技术收集您的一些个人信息，包括：您访问网站的习惯、您的浏览信息、您的登录信息，Cookie和同类技术收集该类信息是为了您使用我们的产品与/或服务的必要、简化您重复操作的步骤（如注册、登录）、向您提供更切合您个人需要的服务内容、保护您的信息和账号安全性、改善我们的产品和服务等。我们承诺仅在本《窝友之家隐私政策》所述目的范围内使用Cookie和同类技术。\n\n四、我们如何共享、转让、公开披露您的个人信息\n您可以通过我们的服务建立联系和相互分享。当您通过我们的服务创建交流、交易或分享时，您可以自主选择沟通、交易或分享的对象，作为能够看到您的交易内容、联络方式、交流信息或分享内容等相关信息的第三方。\n在使用《窝友自驾》服务进行网上交易时，您不可避免的要向交易对方或潜在的交易对方披露自己的个人信息，如联络方式或者邮政地址。请您妥善保护自己的个人信息，仅在必要的情形下向他人提供。如您发现自己的个人信息泄密，尤其是您的账户或密码发生泄露，请您立即联络客服。\n\n请注意，您在使用我们服务时自愿共享的信息，可能会涉及您或他人的个人信息甚至个人敏感信息，如您在评价时选择上传包含个人信息的图片。请您更加谨慎地考虑，是否在使用我们的服务时共享甚至公开分享相关信息。\n五、 您对个人信息享有的控制权\n为向您提供更便捷、更优质、的产品及/或服务，努力提升您的体验，我们在向您提供的以下附加服务中可能会收集和使用您的个人信息。\n如果您不提供这些信息，不会影响您使用《窝友自驾》的窝窝浏览、搜索等基本服务， 但您可能无法获得这些附加服务给您带来的用户体验。这些附加服务包括：\n\n1、基于写入内/外置存储器的附加服务： 我们需要写入外部存储，是为了您可以保存省份城市信息到手机，用户信息写入数据库/图片缓存。\n请您知晓，即使您已同意写入外置存储器权限，我们也仅会在您主动点击客户端内省份列表/或有省份选择的动态列表，城市数据库未创建，图片第一次加载，拍照使用该功能。\n2、基于读取内/外置存储器的附加服务： 我们需要读取外部存储，是为了您可以获取省份城市信息，用户缓存数据/缓存图片。\n请您知晓，即使您已同意读取外置存储器权限，我们也仅会在您主动点击客户端内省份列表/或有省份选择的动态列表，界面初始化加载/图片第二次加载缓存/图片压缩使用该功能。\n3、基于相机/摄像头的附加服务： 我们访问您的相机是为了您在发布素材，选择上传图片或视频，二维码扫描时，可以进行拍摄图片或视频。\n请您知晓，即使您已同意相机权限，我们也仅会在您主动点击客户端内拍摄图标/二维码扫描时使用该功能。\n4、基于电话的附加服务： 我们访问您的电话是为了实现直接拨打发布人公开电话，便于您与电话发布人沟通。\n请您知晓，即使您已同意电话权限，我们也仅会在您主动点击客户端电话时使用该功能。\n5、基于GPS的附加服务： 我们访问您的GPS是为了实现动态发布位置获取，动态浏览搜索周边信息。\n请您知晓，即使您已同意开启GPS权限，我们也仅会在您在发布动态,浏览周边信息时获取GPS信息。\n6、基于陀螺仪的附加服务： 我们访问您的陀螺仪是为了实现动态VR场景展示。\n请您知晓，即使您已同意开启陀螺仪权限，我们也仅会在您浏览动态VR场景信息时获取陀螺仪信息。\n六、 我们如何存储和保护您的个人信息\n《窝友自驾》收集的有关您的信息和资料将保存在《窝友自驾》及（或）其关联公司的服务器上，这些信息和资料可能传送至您所在国家、地区或《窝友自驾》收集信息和资料所在地并在该地被访问、存储和展示。\n我们将在实现本隐私政策中所述目的所必需的期间内保留你的个人信息，除非法律要求或允许在更长的期间内保留这些信息。\n《窝友自驾》非常重视您的个人信息安全。我们努力采取各种合理的物理、电子和管理方面的安全措施来保护您的个人信息，并尽最大合理努力使您的个人信息不会被泄漏、毁损或者丢失，包括但不限于SSL、信息加密存储、数据中心的访问控制等。我们对可能接触到您个人信息的员工或外包人员也采取了严格管理，包括但不限于采取信息访问权限控制、与接触个人信息的人员签署保密协议、监控该等人员的操作情况等措施。\n\n《窝友自驾》账户信息（包括账号名及密码信息）为非常重要的个人信息，请您妥善设置、保管您的《窝友自驾》账号名及密码信息。《窝友自驾》将通过备份、对密码进行加密等安全措施以保护您的账户信息等个人信息不丢失、不被滥用和变造。尽管有前述安全措施，但同时也请您理解在信息网络上不存在“完善的安全措施”。\n\n请注意，单独的设备信息、搜索关键词信息等是无法与任何特定个人直接建立联系的数据，不属于个人信息。如果我们将这类非个人信息与其他信息结合用于识别自然人个人身份，或者将其与个人信息结合使用，则在结合使用期间，此类设备信息将被视为个人信息。\n七、 未成年人保护\n我们重视未成年人的个人信息保护，如您为未成年人，建议您请您的监护人仔细阅读本隐私声明，并在征得您的监护人同意的前提下使用我们的服务或向我们提供信息。\n第三方网站和服务\n信息收集方式：用户同意该隐私政策后SDK初始化，部分SDK会在后台收集如：设备标识符（IMEI、IDFA、Android\nID、MAC、OAID、IMSI等相关信息）、应用信息（应用崩溃信息、通知开关状态、软件列表等相关信息）、设备参数及系统信息（设备类型、设备型号、操作系统及硬件相关信息）]、网络信息[\n网络信息包括：IP地址，WiFi信息，基站信息等相关信息。 ]、地理位置信息。\nSKD名称：百度地图SDK\n场景描述：用于实现定位\n收集个人信息的类型：地理位置信息\n第三方机构名称：北京百度网讯科技有限公司\n数据是否加密传输：是\n官方网站/隐私政策地址：\n【点击访问】【链接地址为：http://lbsyun.baidu.com/index.php?title=open/privacy】\nSKD名称：优量汇SDK\n场景描述：用于广告投放\n收集个人信息的类型：设备标识信息（IMEI、Mac地址）、获取加速度传感器信息\n第三方机构名称：腾讯科技（深圳）有限公司\n数据是否加密传输：是\n官方网站/隐私政策地址：\n【点击访问】【链接地址为：https://e.qq.com/dev/index.html】\nSKD名称：buglySDK\n场景描述：用于bug日志收集，版本分发\n收集个人信息的类型：设备标识信息（IMEI、Mac地址）、获取SIM序列号、版本信息、APP异常ANR，崩溃等错误信息\n\n第三方机构名称：腾讯科技（深圳）有限公司\n数据是否加密传输：是\n官方网站/隐私政策地址：\n【点击访问】【链接地址为：https://bugly.qq.com/v2/index】\nSKD名称：JPushSDK\n场景描述：用于实现对手机进行消息推送\n收集个人信息的类型：设备标识符（IMEI、IDFA、Android\nID、MAC、OAID、IMSI等相关信息）、应用信息（应用崩溃信息、通知开关状态、软件列表等相关信息、获取已安装APP信息）、设备参数及系统信息（设备类型、设备型号、操作系统及硬件相关信息）]、网络信息[\n网络信息包括：IP地址，WiFi信息，基站信息等相关信息。 ]、地理位置信息。\n第三方机构名称：深圳市和讯华谷信息技术有限公司\n数据是否加密传输：是\n官方网站/隐私政策地址：\n【点击访问】【链接地址为：https://www.jiguang.cn/license/privacy】\nSKD名称：MobTech ShareSDK\n场景描述：社交分享，第三方登录\n收集个人信息的类型：系统运营信息、获取设备序列号、网络状态信息、iOS广告标识符（IDFA）、MAC地址、国际移动设备识别码（IMEI）、匿名设备标识符(OAID)、国际移动用户识别码（IMSI）、应用列表信息、基站信息、社交平台OpenID、地理位置\n\n第三方机构名称：上海游昆信息技术有限公司\n数据是否加密传输：是\n官方网站/隐私政策地址：\n【点击访问】【链接地址为：https://www.mob.com/about/policy】\nSKD名称：openinstallSDK\n场景描述：用于渠道统计，一键下载并安装App\n收集个人信息的类型：设备标识信息（IMEI、Mac地址）\n第三方机构名称：深圳市分秒网络科技有限公司\n数据是否加密传输：是\n官方网站/隐私政策地址：\n【点击访问】【链接地址为：https://www.openinstall.io/yinsi.html】\n九、 如何联系我们\n1、如您有任何与个人信息保护或隐私保护相关的问题、意见或建议，您可以拨打我们的客服电话方式与我们联系。客服入口：与我们联系【链接地址为：http://web.woyouzhijia.cn/sp/aboutUs.html】\n2、如您需要《帐号注销》，您可以拨打我们的客服电话，或者添加微信客服与我们联系。客服入口：与我们联系【链接地址为：http://web.woyouzhijia.cn/sp/aboutUs.html】\n3、一般情况下，我们将在15个工作日内回复。如果您对我们的回复不满意，特别是我们的个人信息处理行为损害了您的合法权益，您还可以向网信办、消费者保护协会等监管部门进行投诉，投诉方式如下:\n国家网信办举报中心: www.12377.cn\n消费者投诉举报电话: 12315"
}