{
    "app_id": "C104861345",
    "app_name": "凯莱集团酒店预订平台",
    "app_version": "1.5",
    "app_download_num_description": "<1 万次安装",
    "app_package_name": "com.gloria.kl",
    "app_score": 0.0,
    "app_package_size": "5 MB",
    "app_package_size_precise": 5235886,
    "app_icon_url": "https://appimg.dbankcdn.com/application/icon144/6e20fc687a1d48f2995adaaf6853f596.png",
    "app_developer": "英程网络科技（北京）有限公司",
    "app_update_time": "2022-11-08",
    "app_update_description": null,
    "app_description": "凯莱集团酒店预订平台打造全新会员体系为广大用户“保价护航”。为会员提供价格是凯莱酒店集团一直给予客户的承诺，会员还可提前享受到凯莱旗下酒店的促销优惠活动。方便快捷的预定流程，优惠时尚的酒店选择，是您旅行或是商务出行的选择。",
    "app_policy_url": "https://m.gloriahotels.com/ContactUs/privacyPolicy",
    "app_listed_permission": "1.完全的网络访问权限\n2.录制音频\n3.相机\n4.修改系统设置\n5.访问大致位置信息（使用网络进行定位）\n6.访问确切位置信息（使用 GPS 和网络进行定位）\n7.查看 Wi-Fi 连接\n8.连接 Wi-Fi 或断开连接\n9.读取通话状态和移动网络信息\n10.修改或删除存储卡中的内容\n11.获取额外的位置信息提供程序命令\n12.拨打电话\n13.读取存储卡中的内容",
    "app_listed_permission_description": "1.允许该应用创建网络套接字和使用自定义网络协议。浏览器和其他某些应用提供了向互联网发送数据的途径，因此应用无需该权限即可向互联网发送数据。\n2.允许应用录制音频。\n3.允许应用拍摄照片和视频。\n4.修改设置应用中的设置项\n5.允许应用基于基站、 Wi-Fi 等网络源获取位置信息。\n6.允许应用基于GPS、基站、 Wi-Fi 等网络源获取位置信息。这可能会增加耗电量。\n7.允许该应用查看 Wi-Fi 网络的相关信息，例如是否开启 Wi-Fi 及已连接的 Wi-Fi 设备名称。\n8.允许应用与 Wi-Fi 接入点建立和断开连接，并更改 Wi-Fi 网络的设备配置。\n9.允许应用获取本机号码、通话状态以及拨打的号码。\n10.允许应用修改或删除存储卡上的照片、媒体内容和文件。\n11.允许应用访问额外的位置提供程序命令。此权限可让该应用干扰 GPS 或其他位置源的运行。\n12.允许应用自动拨打电话。\n13.允许应用读取存储卡上的照片、媒体内容和文件。",
    "app_category": [
        "旅游住宿"
    ],
    "app_subcategory": [
        "住宿",
        "热门"
    ],
    "app_APK_url": "https://appgallery.cloud.huawei.com/appdl/C104861345",
    "app_APK_name": "C104861345-1.5.apk",
    "app_policy_name": "C104861345-1.5.txt",
    "is_popular": true,
    "policy_html_source_code": "<html lang=\"zh\"><head>\n    <meta http-equiv=\"Content-Type\" content=\"text/html; charset=utf-8\">\n    <meta http-equiv=\"X-UA-Compatible\" content=\"IE=EmulateIE8\">\n    <meta content=\"width=device-width,minimum-scale=1.0,maximum-scale=1.0,user-scalable=no\" name=\"viewport\">\n    <meta name=\"apple-mobile-web-app-capable\" content=\"yes\">\n    <meta name=\"apple-mobile-web-app-status-bar-style\" content=\"black\">\n    <meta content=\"telephone=no\" name=\"format-detection\">\n    <title>隐私声明</title>\n    <link rel=\"stylesheet\" href=\"/css/base.css\">\n    <link rel=\"stylesheet\" href=\"/font/iconfont.css\">\n    <link rel=\"stylesheet\" href=\"/css/swiper.min.css\">\n    <link rel=\"stylesheet\" href=\"/css/jqSuperSlide.css\">\n    <link rel=\"stylesheet\" href=\"/css/style.css\">\n\n    <script src=\"/js/jquery-1.7.2.min.js\"></script>\n    <script src=\"/js/swiper.min.js\"></script>\n    <script src=\"/js/jqSuperSlide.js\"></script>\n    <script src=\"/js/config.js\"></script>\n    <script src=\"/js/public.js\"></script>\n</head>\n<body class=\"job-body\">\n    <div class=\"container\">\n        <div class=\"wrapper book-wrapper\">\n            <!--header-->\n            <div class=\"booking-header join-header\">\n                <a class=\"fl\" href=\"javascript:history.back(-1)\">\n                    <i class=\"iconfont icon-back-copy\"></i>\n                </a>\n                <div class=\"title\">隐私声明</div>\n                \n            </div>\n            <!-- private-content -->\n            <div class=\"privete-box\">\n                <div class=\"privateCon\">\n                    <p>\n                        隐私政策<br>\n                        本版更新时间：2022 年 10  月13 日<br>\n                        本版生效时间：2021 年10 月18 日<br>\n                    </p>\n                    \n                    <p>开发者名称：英程网络科技（北京）有限公司</p>\n                    <p>应用名称：凯莱集团酒店预订平台</p>\n                    <p>• 我们所收集的个人信息内容：</p>\n                    <p>* 注册和用户提供的信息： 当您注册使用凯莱酒店集团的官网时，我们可能会收集有关您的个人信息，包括您的凯莱酒店集团的会员帐号。当您使用凯莱酒店集团会员页面时，例如当您向我们发送与客户服务相关的请求时，您也可以以各种方式向我们提供有关您的个人信息。</p>\n                    <p>*我们需要收集您的一些信息来保障您使用我们服务时的账号与系统安全，并协助提升我们服务的安全性和可靠性，以防产生任何危害用户、社会的行为，包括您的如下个人信息：个人常用设备信息（例如：设备硬件序列号、设备硬件型号、设备 MAC 地址、IMEI、IMSI）、位置信息。</p>\n                    <p>*当您与我们联系时，我们可能会保存您的通话记录或您留下的联系方式等信息，以便与您联系或帮助您解决问题。</p>\n                    <p>*为您提供安全保障所需</p>\n                    <p>为保障您的账号安全、符合法律法规要求以及提升凯莱酒店平台服务，我们会收集您的如下信息：您的设备信息（包括设备型号，操作系统版本，设备设置，MAC地址，IMEI、AndroidID 、IDFA、IDFV、OAID及其他设备标识符，SIM卡IMSI信息、SIM卡归属地，设备环境，软件安装列表，以及其他软硬件特征信息）及⽇志信息（包括浏览记录、检索内容、点击查看记录、交易记录以及IP地址、浏览器类型、电信运营商、使用语言、访问⽇期和时间）。</p>\n                    \n                    <p>• 我们如何使用所收集的信息。</p>\n                    <p>* 收集数据时，如果没有另行说明，或经由法律或您本人的进一步授权，我们收集个人信息仅出于该政策描述之目的。*我们通过凯莱酒店集团官网收集个人信息并加以利用，从而运营、维护、提升并提供所有特色服务，为您提供所需服务和信息，回应意见和疑问，为用户提供支持。</p>\n                    <p>* 我们通过凯莱酒店集团官网收集个人信息并加以利用，了解并分析用户的使用趋势，改进凯莱酒店集团官网的服务体验，开发新产品、新服务，增加新特色和新功能。</p>\n                    <p>• 我们如何保护您的信息安全</p>\n                    <p>* 对于您向我们提供的信息，我们承诺保护其机密性和安全性。为此，我们对您的信息采取技术、物理和组织安全措施，防止其遭受未经授权的访问、泄露、损坏或损失。信息的收集、传输和存储不能担保绝对安全，但是，我们采取措施以确保适当的安全防御落实到位，从而保护您的信息。</p>\n                    <p>• 管理您的首选项和信息</p>\n                    <p>* 我们想确保您拥有可以自由支配和使用的必要的工具来控制您提供给我们的信息，包括我们跟您联系的方式。若您的信息有任何不准确或更改的地方，请联系我们对您的信息进行更新，这一点也至关重要。请单击以下相关部分以了解更多关于我们如何与您沟通及如何更新、修改和删除您信息的相关内容。</p>\n                    <p>• 如何联系我们</p>\n                    <p>* 若对《隐私声明》或数据隐私条例有任何问题或疑虑，请联系我们：</p>\n                    <p>电子邮件地址：gpc@gloriahotels.com</p>\n                    <p>* 在本地法律许可范围内，您可通过以上联系方式请求查阅凯莱酒店集团持有的任何个人信息。我们会依据本地法律查看并处理请求。</p>\n                    <p>* 若有任何与隐私或数据使用相关的问题我们未能圆满解决，请通过此处联系我们。</p>\n                    <p>• 《隐私声明》的更改</p>\n                    <p>* 某些情况下，我们可以更改、修改或修订《隐私声明》以符合不断变化的监管环境或业务需求。根据另附通知的法律要求，该《隐私声明》的任何更改将通过我们的网站和移动应用程序进行沟通。然而，如果对个人信息使用的更改方式与信息收集期间有所不同，我们会在此更改生效前 30 天在我们的网站上发布通知。</p>\n                    \n                    <p> 腾讯开放平台（TBS） SDK</p>\n                    <p>功能类型：腾讯浏览服务</p>\n                    <p> 使用目的：在线浏览文件、查找用户内存卡上的可用X5内核版本</p>\n                    <p> 数据类型：设备Mac地址和唯一设备识别码（IMSI、AndroidID）、读取SD卡上的内容、手机型号、软件安装列表</p>\n                    <p> 隐私政策：https://x5.tencent.com/docs/privacy.html</p>\n                </div>\n            </div>\n        </div>\n\n    </div>\n\n\n    <script>\n       \n        $(function () {\n           \n           \n        });\n\n       \n    </script>\n\n\n\n\n</body></html>",
    "policy_text": "隐私声明\n隐私政策\n本版更新时间：2022 年 10  月13 日\n本版生效时间：2021 年10 月18 日\n开发者名称：英程网络科技（北京）有限公司\n应用名称：凯莱集团酒店预订平台\n• 我们所收集的个人信息内容：\n* 注册和用户提供的信息： 当您注册使用凯莱酒店集团的官网时，我们可能会收集有关您的个人信息，包括您的凯莱酒店集团的会员帐号。当您使用凯莱酒店集团会员页面时，例如当您向我们发送与客户服务相关的请求时，您也可以以各种方式向我们提供有关您的个人信息。\n*我们需要收集您的一些信息来保障您使用我们服务时的账号与系统安全，并协助提升我们服务的安全性和可靠性，以防产生任何危害用户、社会的行为，包括您的如下个人信息：个人常用设备信息（例如：设备硬件序列号、设备硬件型号、设备 MAC 地址、IMEI、IMSI）、位置信息。\n*当您与我们联系时，我们可能会保存您的通话记录或您留下的联系方式等信息，以便与您联系或帮助您解决问题。\n*为您提供安全保障所需\n为保障您的账号安全、符合法律法规要求以及提升凯莱酒店平台服务，我们会收集您的如下信息：您的设备信息（包括设备型号，操作系统版本，设备设置，MAC地址，IMEI、AndroidID 、IDFA、IDFV、OAID及其他设备标识符，SIM卡IMSI信息、SIM卡归属地，设备环境，软件安装列表，以及其他软硬件特征信息）及⽇志信息（包括浏览记录、检索内容、点击查看记录、交易记录以及IP地址、浏览器类型、电信运营商、使用语言、访问⽇期和时间）。\n• 我们如何使用所收集的信息。\n* 收集数据时，如果没有另行说明，或经由法律或您本人的进一步授权，我们收集个人信息仅出于该政策描述之目的。*我们通过凯莱酒店集团官网收集个人信息并加以利用，从而运营、维护、提升并提供所有特色服务，为您提供所需服务和信息，回应意见和疑问，为用户提供支持。\n* 我们通过凯莱酒店集团官网收集个人信息并加以利用，了解并分析用户的使用趋势，改进凯莱酒店集团官网的服务体验，开发新产品、新服务，增加新特色和新功能。\n• 我们如何保护您的信息安全\n* 对于您向我们提供的信息，我们承诺保护其机密性和安全性。为此，我们对您的信息采取技术、物理和组织安全措施，防止其遭受未经授权的访问、泄露、损坏或损失。信息的收集、传输和存储不能担保绝对安全，但是，我们采取措施以确保适当的安全防御落实到位，从而保护您的信息。\n• 管理您的首选项和信息\n* 我们想确保您拥有可以自由支配和使用的必要的工具来控制您提供给我们的信息，包括我们跟您联系的方式。若您的信息有任何不准确或更改的地方，请联系我们对您的信息进行更新，这一点也至关重要。请单击以下相关部分以了解更多关于我们如何与您沟通及如何更新、修改和删除您信息的相关内容。\n• 如何联系我们\n* 若对《隐私声明》或数据隐私条例有任何问题或疑虑，请联系我们：\n电子邮件地址：gpc@gloriahotels.com\n* 在本地法律许可范围内，您可通过以上联系方式请求查阅凯莱酒店集团持有的任何个人信息。我们会依据本地法律查看并处理请求。\n* 若有任何与隐私或数据使用相关的问题我们未能圆满解决，请通过此处联系我们。\n• 《隐私声明》的更改\n* 某些情况下，我们可以更改、修改或修订《隐私声明》以符合不断变化的监管环境或业务需求。根据另附通知的法律要求，该《隐私声明》的任何更改将通过我们的网站和移动应用程序进行沟通。然而，如果对个人信息使用的更改方式与信息收集期间有所不同，我们会在此更改生效前 30 天在我们的网站上发布通知。\n腾讯开放平台（TBS） SDK\n功能类型：腾讯浏览服务\n使用目的：在线浏览文件、查找用户内存卡上的可用X5内核版本\n数据类型：设备Mac地址和唯一设备识别码（IMSI、AndroidID）、读取SD卡上的内容、手机型号、软件安装列表\n隐私政策：https://x5.tencent.com/docs/privacy.html",
    "policy_html_source_code_clean": "隐私声明\n<div>\n<p>\n                        隐私政策<br/>\n                        本版更新时间：2022 年 10  月13 日<br/>\n                        本版生效时间：2021 年10 月18 日<br/>\n</p>\n<p>开发者名称：英程网络科技（北京）有限公司</p>\n<p>应用名称：凯莱集团酒店预订平台</p>\n<p>• 我们所收集的个人信息内容：</p>\n<p>* 注册和用户提供的信息： 当您注册使用凯莱酒店集团的官网时，我们可能会收集有关您的个人信息，包括您的凯莱酒店集团的会员帐号。当您使用凯莱酒店集团会员页面时，例如当您向我们发送与客户服务相关的请求时，您也可以以各种方式向我们提供有关您的个人信息。</p>\n<p>*我们需要收集您的一些信息来保障您使用我们服务时的账号与系统安全，并协助提升我们服务的安全性和可靠性，以防产生任何危害用户、社会的行为，包括您的如下个人信息：个人常用设备信息（例如：设备硬件序列号、设备硬件型号、设备 MAC 地址、IMEI、IMSI）、位置信息。</p>\n<p>*当您与我们联系时，我们可能会保存您的通话记录或您留下的联系方式等信息，以便与您联系或帮助您解决问题。</p>\n<p>*为您提供安全保障所需</p>\n<p>为保障您的账号安全、符合法律法规要求以及提升凯莱酒店平台服务，我们会收集您的如下信息：您的设备信息（包括设备型号，操作系统版本，设备设置，MAC地址，IMEI、AndroidID 、IDFA、IDFV、OAID及其他设备标识符，SIM卡IMSI信息、SIM卡归属地，设备环境，软件安装列表，以及其他软硬件特征信息）及⽇志信息（包括浏览记录、检索内容、点击查看记录、交易记录以及IP地址、浏览器类型、电信运营商、使用语言、访问⽇期和时间）。</p>\n<p>• 我们如何使用所收集的信息。</p>\n<p>* 收集数据时，如果没有另行说明，或经由法律或您本人的进一步授权，我们收集个人信息仅出于该政策描述之目的。*我们通过凯莱酒店集团官网收集个人信息并加以利用，从而运营、维护、提升并提供所有特色服务，为您提供所需服务和信息，回应意见和疑问，为用户提供支持。</p>\n<p>* 我们通过凯莱酒店集团官网收集个人信息并加以利用，了解并分析用户的使用趋势，改进凯莱酒店集团官网的服务体验，开发新产品、新服务，增加新特色和新功能。</p>\n<p>• 我们如何保护您的信息安全</p>\n<p>* 对于您向我们提供的信息，我们承诺保护其机密性和安全性。为此，我们对您的信息采取技术、物理和组织安全措施，防止其遭受未经授权的访问、泄露、损坏或损失。信息的收集、传输和存储不能担保绝对安全，但是，我们采取措施以确保适当的安全防御落实到位，从而保护您的信息。</p>\n<p>• 管理您的首选项和信息</p>\n<p>* 我们想确保您拥有可以自由支配和使用的必要的工具来控制您提供给我们的信息，包括我们跟您联系的方式。若您的信息有任何不准确或更改的地方，请联系我们对您的信息进行更新，这一点也至关重要。请单击以下相关部分以了解更多关于我们如何与您沟通及如何更新、修改和删除您信息的相关内容。</p>\n<p>• 如何联系我们</p>\n<p>* 若对《隐私声明》或数据隐私条例有任何问题或疑虑，请联系我们：</p>\n<p>电子邮件地址：gpc@gloriahotels.com</p>\n<p>* 在本地法律许可范围内，您可通过以上联系方式请求查阅凯莱酒店集团持有的任何个人信息。我们会依据本地法律查看并处理请求。</p>\n<p>* 若有任何与隐私或数据使用相关的问题我们未能圆满解决，请通过此处联系我们。</p>\n<p>• 《隐私声明》的更改</p>\n<p>* 某些情况下，我们可以更改、修改或修订《隐私声明》以符合不断变化的监管环境或业务需求。根据另附通知的法律要求，该《隐私声明》的任何更改将通过我们的网站和移动应用程序进行沟通。然而，如果对个人信息使用的更改方式与信息收集期间有所不同，我们会在此更改生效前 30 天在我们的网站上发布通知。</p>\n<p> 腾讯开放平台（TBS） SDK</p>\n<p>功能类型：腾讯浏览服务</p>\n<p> 使用目的：在线浏览文件、查找用户内存卡上的可用X5内核版本</p>\n<p> 数据类型：设备Mac地址和唯一设备识别码（IMSI、AndroidID）、读取SD卡上的内容、手机型号、软件安装列表</p>\n<p> 隐私政策：https://x5.tencent.com/docs/privacy.html</p>\n</div>",
    "policy_text_clean": "隐私声明\n隐私政策\n本版更新时间：2022 年 10  月13 日\n本版生效时间：2021 年10 月18 日\n开发者名称：英程网络科技（北京）有限公司\n应用名称：凯莱集团酒店预订平台\n• 我们所收集的个人信息内容：\n* 注册和用户提供的信息： 当您注册使用凯莱酒店集团的官网时，我们可能会收集有关您的个人信息，包括您的凯莱酒店集团的会员帐号。当您使用凯莱酒店集团会员页面时，例如当您向我们发送与客户服务相关的请求时，您也可以以各种方式向我们提供有关您的个人信息。\n*我们需要收集您的一些信息来保障您使用我们服务时的账号与系统安全，并协助提升我们服务的安全性和可靠性，以防产生任何危害用户、社会的行为，包括您的如下个人信息：个人常用设备信息（例如：设备硬件序列号、设备硬件型号、设备 MAC 地址、IMEI、IMSI）、位置信息。\n*当您与我们联系时，我们可能会保存您的通话记录或您留下的联系方式等信息，以便与您联系或帮助您解决问题。\n*为您提供安全保障所需\n为保障您的账号安全、符合法律法规要求以及提升凯莱酒店平台服务，我们会收集您的如下信息：您的设备信息（包括设备型号，操作系统版本，设备设置，MAC地址，IMEI、AndroidID 、IDFA、IDFV、OAID及其他设备标识符，SIM卡IMSI信息、SIM卡归属地，设备环境，软件安装列表，以及其他软硬件特征信息）及⽇志信息（包括浏览记录、检索内容、点击查看记录、交易记录以及IP地址、浏览器类型、电信运营商、使用语言、访问⽇期和时间）。\n• 我们如何使用所收集的信息。\n* 收集数据时，如果没有另行说明，或经由法律或您本人的进一步授权，我们收集个人信息仅出于该政策描述之目的。*我们通过凯莱酒店集团官网收集个人信息并加以利用，从而运营、维护、提升并提供所有特色服务，为您提供所需服务和信息，回应意见和疑问，为用户提供支持。\n* 我们通过凯莱酒店集团官网收集个人信息并加以利用，了解并分析用户的使用趋势，改进凯莱酒店集团官网的服务体验，开发新产品、新服务，增加新特色和新功能。\n• 我们如何保护您的信息安全\n* 对于您向我们提供的信息，我们承诺保护其机密性和安全性。为此，我们对您的信息采取技术、物理和组织安全措施，防止其遭受未经授权的访问、泄露、损坏或损失。信息的收集、传输和存储不能担保绝对安全，但是，我们采取措施以确保适当的安全防御落实到位，从而保护您的信息。\n• 管理您的首选项和信息\n* 我们想确保您拥有可以自由支配和使用的必要的工具来控制您提供给我们的信息，包括我们跟您联系的方式。若您的信息有任何不准确或更改的地方，请联系我们对您的信息进行更新，这一点也至关重要。请单击以下相关部分以了解更多关于我们如何与您沟通及如何更新、修改和删除您信息的相关内容。\n• 如何联系我们\n* 若对《隐私声明》或数据隐私条例有任何问题或疑虑，请联系我们：\n电子邮件地址：gpc@gloriahotels.com\n* 在本地法律许可范围内，您可通过以上联系方式请求查阅凯莱酒店集团持有的任何个人信息。我们会依据本地法律查看并处理请求。\n* 若有任何与隐私或数据使用相关的问题我们未能圆满解决，请通过此处联系我们。\n• 《隐私声明》的更改\n* 某些情况下，我们可以更改、修改或修订《隐私声明》以符合不断变化的监管环境或业务需求。根据另附通知的法律要求，该《隐私声明》的任何更改将通过我们的网站和移动应用程序进行沟通。然而，如果对个人信息使用的更改方式与信息收集期间有所不同，我们会在此更改生效前 30 天在我们的网站上发布通知。\n腾讯开放平台（TBS） SDK\n功能类型：腾讯浏览服务\n使用目的：在线浏览文件、查找用户内存卡上的可用X5内核版本\n数据类型：设备Mac地址和唯一设备识别码（IMSI、AndroidID）、读取SD卡上的内容、手机型号、软件安装列表\n隐私政策：https://x5.tencent.com/docs/privacy.html"
}