{
    "app_id": "C10573615",
    "app_name": "盛行天下",
    "app_version": "5.1.3",
    "app_download_num_description": "90 万次安装",
    "app_package_name": "com.welink.walk",
    "app_score": 1.7,
    "app_package_size": "43.7 MB",
    "app_package_size_precise": 45835494,
    "app_icon_url": "https://appimg.dbankcdn.com/application/icon144/0eb86f308f534f9b88c5682e3383adee.png",
    "app_developer": "四众互联（北京）网络科技有限公司",
    "app_update_time": "2022-05-12",
    "app_update_description": "盛行天下5.1.3\n\n1、会员卡权益弹窗支持超链接转跳；\n2、已知问题修复。",
    "app_description": "【产品简介】\n    盛行天下APP，领先的生活方式运营商，为全国上百个城市、旅游景点、社区提供7×24小时预订入住服务！\n\n    我们的目标是【人人都是旅行家】，行者有其屋，为千千万万旅居者优惠提供像一样的旅居体验，享受美好生活！\n\n【盛行天下】\n    随时随地预订酒店、自由行、公司旅游，养生特色游，健康陪护游等，产品全面，价格透明，旅游、度假、养生各种产品任你选。\n     APP提供快捷电话服务，享受24小时电话服务的安心贴心旅程，出游归来点评还送【荣盛币】，盛行天下和你才是真爱！\n\n【特色功能】\n    一处置业，旅居全球，人人都是旅行家。\n    产品依托生活方式运营商——【荣盛发展】——在各地景点、社区优质的线下健康旅行旅居服务，以荣盛币为媒介，为广大业主、用户提供优惠提供贴心安心的旅居服务。\n\n\n\n【联系我们】\n    官方网站：http://www.4zlink.com\n    官方微信： 盛行天下RiseSun（gh_f440f296ae3d）\n    作者：四众互联（北京）网络科技有限公司",
    "app_policy_url": "https://agreement-h5.4zlink.com/user_protocol.html",
    "app_listed_permission": "1.读取联系人\n2.访问大致位置信息（使用网络进行定位）\n3.访问确切位置信息（使用 GPS 和网络进行定位）\n4.查看 Wi-Fi 连接\n5.连接 Wi-Fi 或断开连接\n6.完全的网络访问权限\n7.读取存储卡中的内容\n8.拨打电话\n9.读取通话状态和移动网络信息\n10.开机启动\n11.修改或删除存储卡中的内容\n12.读取日历\n13.新建/修改/删除日历\n14.相机\n15.显示在其他应用上面\n16.更改网络连接性\n17.修改系统设置\n18.在后台使用位置信息\n19.获取额外的位置信息提供程序命令\n20.读取已安装应用软件列表",
    "app_listed_permission_description": "1.允许应用读取、保存、分享电话及邮件联系人的相关数据。\n2.允许应用基于基站、 Wi-Fi 等网络源获取位置信息。\n3.允许应用基于GPS、基站、 Wi-Fi 等网络源获取位置信息。这可能会增加耗电量。\n4.允许该应用查看 Wi-Fi 网络的相关信息，例如是否开启 Wi-Fi 及已连接的 Wi-Fi 设备名称。\n5.允许应用与 Wi-Fi 接入点建立和断开连接，并更改 Wi-Fi 网络的设备配置。\n6.允许该应用创建网络套接字和使用自定义网络协议。浏览器和其他某些应用提供了向互联网发送数据的途径，因此应用无需该权限即可向互联网发送数据。\n7.允许应用读取存储卡上的照片、媒体内容和文件。\n8.允许应用自动拨打电话。\n9.允许应用获取本机号码、通话状态以及拨打的号码。\n10.允许应用在系统完成引导后立即自动启动。这样可能会延长手机的启动时间，并允许应用始终运行，从而导致手机总体运行速度减慢。\n11.允许应用修改或删除存储卡上的照片、媒体内容和文件。\n12.允许应用读取、保存、分享本机存储的您或他人发起的所有日历数据。\n13.允许应用新建、修改、删除或发起邀请他人的日历活动。\n14.允许应用拍摄照片和视频。\n15.显示弹框、全屏界面到其他应用上面\n16.允许该应用更改网络连接的状态。\n17.修改设置应用中的设置项\n18.如应用已获取了“访问确切位置信息”或“访问大致位置信息”权限，则允许应用在后台运行时使用位置信息。\n19.允许应用访问额外的位置提供程序命令。此权限可让该应用干扰 GPS 或其他位置源的运行。\n20.允许应用读取设备上的已安装应用软件列表。",
    "app_category": [
        "旅游住宿"
    ],
    "app_subcategory": [
        "热门",
        "旅游"
    ],
    "app_APK_url": "https://appgallery.cloud.huawei.com/appdl/C10573615",
    "is_popular": true,
    "app_APK_name": "C10573615-5.1.3.apk",
    "app_policy_name": "C10573615-5.1.3.txt",
    "policy_html_source_code": "<html lang=\"en\"><head>\n    <meta charset=\"UTF-8\">\n    <meta http-equiv=\"Content-Type\" content=\"text/html; charset=utf-8\">\n    <meta name=\"renderer\" content=\"webkit\">\n    <meta http-equiv=\"X-UA-Compatible\" content=\"IE=edge\">\n    <meta name=\"format-detection\" content=\"telephone=no\">\n    <meta http-equiv=\"Cache-Control\" content=\"no-cache\">\n    <meta name=\"viewport\" content=\"width=device-width, initial-scale=1.0, maximum-scale=1.0, user-scalable=no\">\n    <meta name=\"description\" content=\"\">\n    <title>用户隐私协议</title>\n    <style>\n        .article-title {\n            font-size: 15px;\n            text-align: center;\n        }\n\n        .article-time {\n            text-align: right;\n            font-size: 13px;\n        }\n\n        .article-detail {\n            font-size: 13px;\n        }\n\n        .article-detail p {\n            text-indent: 8px;\n            color: #2a2a2a;\n        }\n\n        .article-detail table {\n            width: 100%;\n            table-layout: fixed;\n        }\n\n        .article-detail table td {\n            padding: 5px 10px;\n            word-break: break-all;\n        }\n\n        ul {\n            padding-left: 10px;\n        }\n\n        ul li {\n            list-style: none;\n        }\n        .line{\n            text-decoration: underline;\n            font-weight: bold;\n        }\n    </style>\n</head>\n\n<body>\n    <div class=\"content\">\n        <p class=\"article-title\">盛行天下隐私协议</p>\n        <p class=\"article-time\">发布时间：2022年08月08日</p>\n        <p class=\"article-time\">生效时间：2022年08月08日</p>\n        <div class=\"article-detail\">\n            <p>盛行天下（或称“我们”）团队一直对用户（或称“您”）的隐私非常重视。我们致力于提升信息处理透明度，增强您对信息管理的便捷性，保障您的信息及通信安全。我们严格遵守法律法规，遵循以下隐私保护原则，为您提供更加安全、可靠的服务。\n            </p>\n            <p>本协议仅适用于西藏盛行宏途旅游文化发展有限公司的盛行天下APP产品或服务。</p>\n            <p>《盛行天下隐私协议》（以下简称“本协议”）主要向您说明：</p>\n            <ul>\n                <li>· 我们收集哪些信息；</li>\n                <li>· 我们收集信息的用途；</li>\n                <li>· 您所享有的权利；</li>\n                <li>· 其他问题的处理。</li>\n            </ul>\n            <p>希望您仔细阅读本协议，详细了解我们对信息的收集、使用方式，以便您更好地了解我们的服务并作出适当的选择。若您在阅读本协议后使用，即表示您认同我们在本协议中所述内容。如您有任何问题，请联系我们。</p>\n            <p>一、我们收集的信息范围</p>\n            <p>1.1您在使用盛行天下时主动提供的信息</p>\n            <p>1.1.1 您在注册帐户时填写的信息。例如，您在注册应用帐户时所填写的手机号码、密码。</p>\n            <p>1.1.2\n                您通过我们的客服或参加我们举办的活动时所提交的信息。例如，<b class=\"line\">您参与我们线上活动时填写的调查问卷中可能包含您的姓名、电话、家庭地址等信息。</b>我们的部分服务可能需要您提供特定的个人敏感信息来实现特定功能。若您选择不提供该类信息，则可能无法正常使用服务中的特定功能，但不影响您使用服务中的其他功能。若您主动提供您的个人敏感信息，即表示您同意我们按本协议所述目的和方式来处理您的个人敏感信息。\n            </p>\n            <p>1.2我们在您使用服务时获取的信息</p>\n            <p>1.2.1 日志信息。当您使用盛行天下时，我们可能会自动收集相关信息并存储为服务日志信息。</p>\n            <p class=\"line\">（1）设备信息。例如，设备型号、操作系统版本、唯一设备标识IMEI、MAC等信息。</p>\n            <p class=\"line\">（2）软件信息。例如，软件的版本号、浏览器类型。为确保操作环境的安全或提供服务所需，我们会收集有关您使用的移动应用和其他软件的信息。</p>\n            <p>（3）IP地址。</p>\n            <p>（4）服务日志信息。例如，您在使用盛行天下时查看的信息、服务故障信息、引荐网址等信息。</p>\n            <p>（5）通讯日志信息。例如，您在使用盛行天下时曾经通讯的帐户、通讯时间和时长。</p>\n            <p class=\"line\">（6）身份信息。例如，您在使用盛行天下荣豆、盛行权兑换商品与其他业务服务时，根据相关法律、法规要求，需要进行实名认证，我们将收集你的身份证、姓名、人脸认证，以确保您的账户及信息安全；您的实名信息仅用于盛行权、荣豆兑换使用。</p>\n            <p>（7）通讯录信息：例如，您在使用盛行天下进行联系人维护，以及预定酒店住宿服务时选择人员信息，并仅在您的授权下才访问和使用您所指定的信息。</p>\n            <p>1.2.2 位置信息。当您使用与位置有关的服务时，我们可能会记录您设备所在的位置信息，以便为您提供相关服务。</p>\n            <p>（1）在您使用服务时，<b>您可以通过定位服务，方便您快速查找信息及常用地址快速编辑等；</b></p>\n            <p>（2）您或其他用户在使用服务时提供的信息中可能包含您所在地理位置信息，例如您提供的帐号信息中可能包含的您所在地区信息，您或其他人共享的照片包含的地理标记信息；</p>\n            <p>1.2.3 其他相关信息。为了帮助您更好地使用我们的产品或服务，我们会收集相关信息。</p>\n            <p>1.3 其他用户分享的信息中含有您的信息例如，其他用户发布的照片或分享的视频中可能包含您的信息。</p>\n            <p>1.4 盛行天下APP接入第三方SDK目录</p>\n            <table cellspacing=\"0\" cellpadding=\"0\" border=\"1\">\n                <thead>\n                    <tr>\n                        <td>第三方名称</td>\n                        <td>使用目的</td>\n                        <td>功能类型</td>\n                        <td>涉及个人信息</td>\n                        <td>第三方官链接</td>\n                    </tr>\n                </thead>\n                <tbody>\n                    <tr>\n                        <td>极光推送</td>\n                        <td>APP站内消息通知类推送</td>\n                        <td>消息、推送、通知SDK</td>\n                        <td>设备信息  IMEI、MAC、传感器</td>\n                        <td>https://www.jiguang.cn/push?source=bdpc&amp;plan=1&amp;unit=18&amp;keyword=241</td>\n                    </tr>\n                    <tr>\n                        <td>腾讯Bugly</td>\n                        <td>APP bug搜集</td>\n                        <td>Bug收集SDK</td>\n                        <td>无</td>\n                        <td>https://bugly.qq.com/v2/</td>\n                    </tr>\n                    <tr>\n                        <td>创蓝闪验</td>\n                        <td>获取手机号一键登录 </td>\n                        <td>一键登录SDK</td>\n                        <td>手机号</td>\n                        <td>https://www.mob.com/</td>\n                    </tr>\n                    <tr>\n                        <td>百度统计</td>\n                        <td>统计界面pv uv等信息，进行数据分析</td>\n                        <td>页面点击数据分析SDK</td>\n                        <td>设备、登录账号  IMEI、MAC、传感器</td>\n                        <td>https://mtj.baidu.com/web/welcome/login</td>\n                    </tr>\n                    <tr>\n                        <td>友盟分享</td>\n                        <td>产品内容分享</td>\n                        <td>分享SDK</td>\n                        <td>无</td>\n                        <td>https://www.umeng.com/</td>\n                    </tr>\n                    <tr>\n                        <td>阿里云oss</td>\n                        <td>APP内图片保存</td>\n                        <td>图片存储SDK</td>\n                        <td>用户上传图片  SD卡</td>\n                        <td>https://free.aliyun.com/</td>\n                    </tr>\n                    <tr>\n                        <td>北京水草文化科技有限公司 </td>\n                        <td>实名身份认证</td>\n                        <td>实名认证SDK</td>\n                        <td>身份信息</td>\n                        <td>无</td>\n                    </tr>\n                    <tr>\n                        <td>科大讯飞 </td>\n                        <td>定位导航语音播报</td>\n                        <td>导航</td>\n                        <td>位置</td>\n                        <td>https://www.iflytek.com/index.html</td>\n                    </tr>\n                </tbody>\n            </table>\n            <p>二、我们如何使用收集的信息</p>\n            <p>我们严格遵守法律法规的规定及与用户的约定，将收集的信息用于以下用途。若我们超出以下用途使用您的信息，我们将再次向您进行说明，并征得您的同意。</p>\n            <p>2.1向您提供服务及改善服务。为了让您有更好的体验、改善我们的服务或经您同意的其他用途，在符合相关法律法规的前提下，我们可能将通过某些服务所收集的信息用于我们的其他服务。例如，本机号码快捷登录、平台通知类消息推送等。\n            </p>\n            <p>2.2满足您的个性化需求。例如，语言设定、位置设定、个性化的帮助服务。</p>\n            <p>2.3产品开发和服务优化。例如，当我们的系统发生故障时，我们会记录和分析系统故障时产生的信息，优化我们的服务。</p>\n            <p>2.4安全保障。为了确保服务的安全，帮助我们更好地了解我们应用程序的运行情况，我们可能记录相关信息：（1）例如，我们会将您的信息用于身份验证、安全防范、反诈骗监测、存档备份、客户的安全服务等用途；（2）例如，您使用应用程序的频率、故障信息、总体使用情况、性能数据以及应用程序的来源。我们不会将我们存储在分析软件中的信息与您在应用程序中提供的个人身份信息相结合。</p>\n            <p>2.5管理软件。例如，进行软件认证、软件升级等。</p>\n            <p>我们信息搜集和场景的目的</p>\n            <table cellspacing=\"0\" cellpadding=\"0\" border=\"1\">\n                <thead>\n                <tr>\n                    <td>申请权限</td>\n                    <td>使用目的</td>\n                    <td>功能类型</td>\n                    <td>使用场景</td>\n                    <td>权益影响</td>\n                </tr>\n                </thead>\n                <tbody>\n                    <tr>\n                        <td>后台访问地理位置</td>\n                        <td>定位</td>\n                        <td>位置分享</td>\n                        <td>地址添加、目的地优选等</td>\n                        <td>获得周边服务，快速添加地址</td>\n                    </tr>\n                    <tr>\n                        <td>获取粗略位置</td>\n                        <td>定位</td>\n                        <td>位置分享</td>\n                        <td>地址添加、目的地优选</td>\n                        <td>获得周边服务，快速添加地址</td>\n                    </tr>\n<!--                    <tr>-->\n<!--                        <td>获取精确位置</td>-->\n<!--                        <td>定位</td>-->\n<!--                        <td>位置分享</td>-->\n<!--                        <td>地址添加、目的地优选等</td>-->\n<!--                        <td>获得周边服务，快速添加地址</td>-->\n<!--                    </tr>-->\n                    <tr>\n                        <td>摄像头</td>\n                        <td>im功能拍照并上传图片，以及扫码功能 </td>\n                        <td>拍照和扫码</td>\n                        <td>荣豆、盛行权扫码兑换，实名认证，信息上传等</td>\n                        <td>无</td>\n                    </tr>\n                    <tr>\n                        <td>读取日历活动和详情</td>\n                        <td>日程功能</td>\n                        <td>资源管理</td>\n                        <td>商城秒杀优选等</td>\n                        <td>日程提醒，避免错过活动</td>\n                    </tr>\n                    <tr>\n                        <td>读取联系人</td>\n                        <td>添加创建联系人，快速添加姓名手机号 </td>\n                        <td>资源管理</td>\n                        <td>常用联系人，酒店入住、旅游出行人、收件人添加等</td>\n                        <td>无</td>\n                    </tr>\n                    <tr>\n                        <td>读取外置存储卡</td>\n                        <td>处理工单流程上传图片</td>\n                        <td>图片上传</td>\n                        <td>工单处理</td>\n                        <td>无</td>\n                    </tr>\n                    <tr>\n                        <td>添加或修改日历活动</td>\n                        <td>日程功能 </td>\n                        <td>资源管理</td>\n                        <td>商城秒杀优选等</td>\n                        <td>日程提醒，避免错过活动</td>\n                    </tr>\n                    <tr>\n                        <td>写入外部存储卡</td>\n                        <td>处理工单流程上传图片</td>\n                        <td>图片上传</td>\n                        <td>工单处理</td>\n                        <td>无</td>\n                    </tr>\n                    <tr>\n                        <td>查看WLAN连接</td>\n                        <td>判断是否网络是否连接</td>\n                        <td>无</td>\n                        <td>无</td>\n                        <td>无</td>\n                    </tr>\n                    <tr>\n                        <td>拨打电话  </td>\n                        <td>用于呼起手机号码进行拨打</td>\n                        <td>电话呼叫</td>\n                        <td>客服电话呼叫</td>\n                        <td>无</td>\n                    </tr>\n                </tbody>\n            </table>\n            <p>2.6评估、改善我们的广告投放和其他促销及推广活动的效果。</p>\n            <p>2.7邀请您参与有关盛行天下的调查。</p>\n            <p>为了让您有更好的体验、改善我们的服务或经您同意的其他用途，在符合相关法律法规的前提下，我们可能将通过某些服务所收集的信息用于我们的其他服务。例如，将您在使用我们某项服务时的信息，用于另一项服务中向您展示个性化的内容或广告、用于用户研究分析与统计等服务。\n            </p>\n            <p>为了确保服务的安全，帮助我们更好地了解我们应用程序的运行情况，我们可能记录相关信息，例如，您使用应用程序的频率、故障信息、总体使用情况、性能数据以及应用程序的来源。我们不会将我们存储在分析软件中的信息与您在应用程序中提供的个人身份信息相结合。\n            </p>\n            <p>三、未达法定年龄用户的保护</p>\n            <p>我们非常重视对未成年人个人信息的保护。根据相关法律法规的规定，若您未达到使用该应用的法定年龄，在使用盛行天下APP的服务前，应先取得您的家长或法定监护人的同意。若您是未成年人的监护人，当您对您所监护的未成年人的个人信息有相关疑问时，请通过本协议第十条中所列示的联系方式与我们联系。\n            </p>\n            <p>四、您如何管理自己的信息</p>\n            <p>4.1您可以在使用盛行天下的过程中，访问、修改和删除您提供的注册信息和其他个人信息，也可按照通知指引与我们联系。您访问、修改和删除个人信息的范围和方式将取决于您使用的具体服务。</p>\n            <p>4.2我们将按照本协议所述，仅为实现我们产品或服务的功能，收集、使用您的信息。如您发现我们违反法律、行政法规的规定或者双方的约定收集、使用您的个人信息，您可以要求我们删除。如您发现我们收集、存储的您的个人信息有错误的，您也可以要求我们更正。请通过本协议第十条列明的联系方式与我们联系。\n            </p>\n            <p>4.3在您访问、修改和删除相关信息时，我们可能会要求您进行身份验证，以保障帐号的安全。</p>\n            <p>4.4请您理解，由于技术所限、法律或监管要求，我们可能无法满足您的所有要求，我们会在合理的期限内答复您的请求。</p>\n            <p>五、我们分享的信息</p>\n            <p>我们遵照法律法规的规定，对信息的分享进行严格的限制，包括但不限于：</p>\n            <p>5.1我们会将所收集到的信息用于大数据分析。例如，我们将收集到的信息用于分析形成不包含任何个人信息的城市热力图或产品洞察报告，用于了解用户如何使用盛行天下，以便对产品做进一步的改良。</p>\n            <p>5.2我们可能基于以下目的披露您的个人信息：</p>\n            <p>5.2.1 遵守适用的法律法规等有关规定；</p>\n            <p>5.2.2 遵守法院判决、裁定或其他法律程序的规定；</p>\n            <p>5.2.3 遵守相关政府机关或其他法定授权组织的要求；</p>\n            <p>5.2.4 我们有理由确信需要遵守法律法规等有关规定；</p>\n            <p>5.2.5 为执行相关服务协议或本协议、维护社会公共利益，为保护我们的客户、我们或我们的关联公司、其他用户或雇员的人身财产安全或其他合法权益合理且必要的用途。</p>\n            <p>六、我们可能向您发送的信息</p>\n            <p>6.1信息推送您在使用我们的服务时，我们可能向您发送电子邮件、短信、资讯或平台通知。您可以按照我们的相关提示，在设备上选择取消订阅。</p>\n            <p>七、存储信息的地点和期限</p>\n            <p>7.1存储信息的地点我们遵守法律法规的规定，将境内收集的用户个人信息存储于境内。</p>\n            <p>7.2存储信息的期限一般而言，我们仅为实现目的所必需的最短时间保留您的个人信息。但在下列情况下，我们有可能因需符合法律要求，更改个人信息的存储时间：</p>\n            <p>7.2.1 为遵守适用的法律法规等有关规定；</p>\n            <p>7.2.2 为遵守法院判决、裁定或其他法律程序的规定；</p>\n            <p>7.2.3 为遵守相关政府机关或法定授权组织的要求；</p>\n            <p>7.2.4 我们有理由确信需要遵守法律法规等有关规定；</p>\n            <p>7.2.5 为执行相关服务协议或本协议、维护社会公共利益，为保护我们的客户、我们或我们的关联公司、其他用户或雇员的人身财产安全或其他合法权益所合理必需的用途。</p>\n            <p>7.2.6 当我们的产品或服务发生停止运营的情形时，我们将采取例如，推送通知、公告等形式通知您，并在合理的期限内删除或匿名化处理您的个人信息。</p>\n            <p>八、信息安全</p>\n            <p>我们为您的信息提供相应的安全保障，以防止信息的丢失、不当使用、未经授权访问或披露。</p>\n            <p>8.1我们严格遵守法律法规保护用户的通信秘密。\n            </p><p>8.2我们将在合理的安全水平内使用各种安全保护措施以保障信息的安全。例如，我们使用加密技术（例如，TLS、SSL）、匿名化处理等手段来保护您的个人信息。</p>\n            <p>8.3我们建立专门的管理制度、流程和组织确保信息安全。例如，我们严格限制访问信息的人员范围，要求他们遵守保密义务，并进行审查。</p>\n            <p>8.4若发生个人信息泄露等安全事件，我们会启动应急预案，阻止安全事件扩大，并以推送通知、公告等形式告知您。</p>\n            <p>九、适用范围</p>\n            <p>我们的所有服务均适用本协议。但某些服务有其特定的隐私指引/声明，该特定隐私指引/声明更具体地说明我们在该服务中如何处理您的信息。如本协议与特定服务的隐私指引/声明有不一致之处，请以该特定隐私指引/声明为准。\n            </p>\n            <p>十、联系我们</p>\n            <p>如您对本协议或其他相关事宜有疑问，可通过电子邮件：service@4zlink.com或拨打客服电话【400 004 5755】与我们取得联系，我们将尽快审核所涉问题，并在验证您的用户身份后的15个工作日内予以回复。\n            </p>\n            <p>联系地址：</p>\n            <p>运营主体：西藏盛行宏途旅游文化发展有限公司</p>\n            <p>西藏自治区拉萨市堆龙德庆区世邦湿地公园南苑别墅16栋1号</p>\n            <p>开发者信息：四众互联(北京)网络科技有限公司</p>\n            <p>北京市平谷区中关村科技园区平谷园兴谷A区9号-00-81-28</p>\n            <p>十一、其他</p>\n            <p>11.1 如本协议与我国相关法律法规的规定相悖，请以法律法规的规定为准。</p>\n            <p class=\"article-bottom\">11.2 西藏盛行宏途旅游文化发展有限公司有权根据我国相关法律法规的规定对本协议进行调整。</p>\n        </div>\n    </div>\n\n\n\n</body></html>",
    "policy_text": "盛行天下隐私协议\n发布时间：2022年08月08日\n生效时间：2022年08月08日\n盛行天下（或称“我们”）团队一直对用户（或称“您”）的隐私非常重视。我们致力于提升信息处理透明度，增强您对信息管理的便捷性，保障您的信息及通信安全。我们严格遵守法律法规，遵循以下隐私保护原则，为您提供更加安全、可靠的服务。\n\n本协议仅适用于西藏盛行宏途旅游文化发展有限公司的盛行天下APP产品或服务。\n《盛行天下隐私协议》（以下简称“本协议”）主要向您说明：\n· 我们收集哪些信息；\n· 我们收集信息的用途；\n· 您所享有的权利；\n· 其他问题的处理。\n希望您仔细阅读本协议，详细了解我们对信息的收集、使用方式，以便您更好地了解我们的服务并作出适当的选择。若您在阅读本协议后使用，即表示您认同我们在本协议中所述内容。如您有任何问题，请联系我们。\n一、我们收集的信息范围\n1.1您在使用盛行天下时主动提供的信息\n1.1.1 您在注册帐户时填写的信息。例如，您在注册应用帐户时所填写的手机号码、密码。\n1.1.2\n您通过我们的客服或参加我们举办的活动时所提交的信息。例如，您参与我们线上活动时填写的调查问卷中可能包含您的姓名、电话、家庭地址等信息。我们的部分服务可能需要您提供特定的个人敏感信息来实现特定功能。若您选择不提供该类信息，则可能无法正常使用服务中的特定功能，但不影响您使用服务中的其他功能。若您主动提供您的个人敏感信息，即表示您同意我们按本协议所述目的和方式来处理您的个人敏感信息。\n\n1.2我们在您使用服务时获取的信息\n1.2.1 日志信息。当您使用盛行天下时，我们可能会自动收集相关信息并存储为服务日志信息。\n（1）设备信息。例如，设备型号、操作系统版本、唯一设备标识IMEI、MAC等信息。\n（2）软件信息。例如，软件的版本号、浏览器类型。为确保操作环境的安全或提供服务所需，我们会收集有关您使用的移动应用和其他软件的信息。\n（3）IP地址。\n（4）服务日志信息。例如，您在使用盛行天下时查看的信息、服务故障信息、引荐网址等信息。\n（5）通讯日志信息。例如，您在使用盛行天下时曾经通讯的帐户、通讯时间和时长。\n（6）身份信息。例如，您在使用盛行天下荣豆、盛行权兑换商品与其他业务服务时，根据相关法律、法规要求，需要进行实名认证，我们将收集你的身份证、姓名、人脸认证，以确保您的账户及信息安全；您的实名信息仅用于盛行权、荣豆兑换使用。\n（7）通讯录信息：例如，您在使用盛行天下进行联系人维护，以及预定酒店住宿服务时选择人员信息，并仅在您的授权下才访问和使用您所指定的信息。\n1.2.2 位置信息。当您使用与位置有关的服务时，我们可能会记录您设备所在的位置信息，以便为您提供相关服务。\n（1）在您使用服务时，您可以通过定位服务，方便您快速查找信息及常用地址快速编辑等；\n（2）您或其他用户在使用服务时提供的信息中可能包含您所在地理位置信息，例如您提供的帐号信息中可能包含的您所在地区信息，您或其他人共享的照片包含的地理标记信息；\n1.2.3 其他相关信息。为了帮助您更好地使用我们的产品或服务，我们会收集相关信息。\n1.3 其他用户分享的信息中含有您的信息例如，其他用户发布的照片或分享的视频中可能包含您的信息。\n1.4 盛行天下APP接入第三方SDK目录\n第三方名称：极光推送，使用目的：APP站内消息通知类推送，功能类型：消息、推送、通知SDK，涉及个人信息：设备信息 IMEI、MAC、传感器，第三方官链接：https://www.jiguang.cn/push?source=bdpc&plan=1&unit=18&keyword=241。\n第三方名称：腾讯Bugly，使用目的：APP bug搜集，功能类型：Bug收集SDK，涉及个人信息：无，第三方官链接：https://bugly.qq.com/v2/。\n第三方名称：创蓝闪验，使用目的：获取手机号一键登录，功能类型：一键登录SDK，涉及个人信息：手机号，第三方官链接：https://www.mob.com/。\n第三方名称：百度统计，使用目的：统计界面pv uv等信息，进行数据分析，功能类型：页面点击数据分析SDK，涉及个人信息：设备、登录账号 IMEI、MAC、传感器，第三方官链接：https://mtj.baidu.com/web/welcome/login。\n第三方名称：友盟分享，使用目的：产品内容分享，功能类型：分享SDK，涉及个人信息：无，第三方官链接：https://www.umeng.com/。\n第三方名称：阿里云oss，使用目的：APP内图片保存，功能类型：图片存储SDK，涉及个人信息：用户上传图片 SD卡，第三方官链接：https://free.aliyun.com/。\n第三方名称：北京水草文化科技有限公司，使用目的：实名身份认证，功能类型：实名认证SDK，涉及个人信息：身份信息，第三方官链接：无。\n第三方名称：科大讯飞，使用目的：定位导航语音播报，功能类型：导航，涉及个人信息：位置，第三方官链接：https://www.iflytek.com/index.html。\n二、我们如何使用收集的信息\n我们严格遵守法律法规的规定及与用户的约定，将收集的信息用于以下用途。若我们超出以下用途使用您的信息，我们将再次向您进行说明，并征得您的同意。\n2.1向您提供服务及改善服务。为了让您有更好的体验、改善我们的服务或经您同意的其他用途，在符合相关法律法规的前提下，我们可能将通过某些服务所收集的信息用于我们的其他服务。例如，本机号码快捷登录、平台通知类消息推送等。\n\n2.2满足您的个性化需求。例如，语言设定、位置设定、个性化的帮助服务。\n2.3产品开发和服务优化。例如，当我们的系统发生故障时，我们会记录和分析系统故障时产生的信息，优化我们的服务。\n2.4安全保障。为了确保服务的安全，帮助我们更好地了解我们应用程序的运行情况，我们可能记录相关信息：（1）例如，我们会将您的信息用于身份验证、安全防范、反诈骗监测、存档备份、客户的安全服务等用途；（2）例如，您使用应用程序的频率、故障信息、总体使用情况、性能数据以及应用程序的来源。我们不会将我们存储在分析软件中的信息与您在应用程序中提供的个人身份信息相结合。\n2.5管理软件。例如，进行软件认证、软件升级等。\n我们信息搜集和场景的目的\n申请权限：后台访问地理位置，使用目的：定位，功能类型：位置分享，使用场景：地址添加、目的地优选等，权益影响：获得周边服务，快速添加地址。\n申请权限：获取粗略位置，使用目的：定位，功能类型：位置分享，使用场景：地址添加、目的地优选，权益影响：获得周边服务，快速添加地址。\n申请权限：摄像头，使用目的：im功能拍照并上传图片，以及扫码功能，功能类型：拍照和扫码，使用场景：荣豆、盛行权扫码兑换，实名认证，信息上传等，权益影响：无。\n申请权限：读取日历活动和详情，使用目的：日程功能，功能类型：资源管理，使用场景：商城秒杀优选等，权益影响：日程提醒，避免错过活动。\n申请权限：读取联系人，使用目的：添加创建联系人，快速添加姓名手机号，功能类型：资源管理，使用场景：常用联系人，酒店入住、旅游出行人、收件人添加等，权益影响：无。\n申请权限：读取外置存储卡，使用目的：处理工单流程上传图片，功能类型：图片上传，使用场景：工单处理，权益影响：无。\n申请权限：添加或修改日历活动，使用目的：日程功能，功能类型：资源管理，使用场景：商城秒杀优选等，权益影响：日程提醒，避免错过活动。\n申请权限：写入外部存储卡，使用目的：处理工单流程上传图片，功能类型：图片上传，使用场景：工单处理，权益影响：无。\n申请权限：查看WLAN连接，使用目的：判断是否网络是否连接，功能类型：无，使用场景：无，权益影响：无。\n申请权限：拨打电话，使用目的：用于呼起手机号码进行拨打，功能类型：电话呼叫，使用场景：客服电话呼叫，权益影响：无。\n2.6评估、改善我们的广告投放和其他促销及推广活动的效果。\n2.7邀请您参与有关盛行天下的调查。\n为了让您有更好的体验、改善我们的服务或经您同意的其他用途，在符合相关法律法规的前提下，我们可能将通过某些服务所收集的信息用于我们的其他服务。例如，将您在使用我们某项服务时的信息，用于另一项服务中向您展示个性化的内容或广告、用于用户研究分析与统计等服务。\n\n为了确保服务的安全，帮助我们更好地了解我们应用程序的运行情况，我们可能记录相关信息，例如，您使用应用程序的频率、故障信息、总体使用情况、性能数据以及应用程序的来源。我们不会将我们存储在分析软件中的信息与您在应用程序中提供的个人身份信息相结合。\n\n三、未达法定年龄用户的保护\n我们非常重视对未成年人个人信息的保护。根据相关法律法规的规定，若您未达到使用该应用的法定年龄，在使用盛行天下APP的服务前，应先取得您的家长或法定监护人的同意。若您是未成年人的监护人，当您对您所监护的未成年人的个人信息有相关疑问时，请通过本协议第十条中所列示的联系方式与我们联系。\n\n四、您如何管理自己的信息\n4.1您可以在使用盛行天下的过程中，访问、修改和删除您提供的注册信息和其他个人信息，也可按照通知指引与我们联系。您访问、修改和删除个人信息的范围和方式将取决于您使用的具体服务。\n4.2我们将按照本协议所述，仅为实现我们产品或服务的功能，收集、使用您的信息。如您发现我们违反法律、行政法规的规定或者双方的约定收集、使用您的个人信息，您可以要求我们删除。如您发现我们收集、存储的您的个人信息有错误的，您也可以要求我们更正。请通过本协议第十条列明的联系方式与我们联系。\n\n4.3在您访问、修改和删除相关信息时，我们可能会要求您进行身份验证，以保障帐号的安全。\n4.4请您理解，由于技术所限、法律或监管要求，我们可能无法满足您的所有要求，我们会在合理的期限内答复您的请求。\n五、我们分享的信息\n我们遵照法律法规的规定，对信息的分享进行严格的限制，包括但不限于：\n5.1我们会将所收集到的信息用于大数据分析。例如，我们将收集到的信息用于分析形成不包含任何个人信息的城市热力图或产品洞察报告，用于了解用户如何使用盛行天下，以便对产品做进一步的改良。\n5.2我们可能基于以下目的披露您的个人信息：\n5.2.1 遵守适用的法律法规等有关规定；\n5.2.2 遵守法院判决、裁定或其他法律程序的规定；\n5.2.3 遵守相关政府机关或其他法定授权组织的要求；\n5.2.4 我们有理由确信需要遵守法律法规等有关规定；\n5.2.5 为执行相关服务协议或本协议、维护社会公共利益，为保护我们的客户、我们或我们的关联公司、其他用户或雇员的人身财产安全或其他合法权益合理且必要的用途。\n六、我们可能向您发送的信息\n6.1信息推送您在使用我们的服务时，我们可能向您发送电子邮件、短信、资讯或平台通知。您可以按照我们的相关提示，在设备上选择取消订阅。\n七、存储信息的地点和期限\n7.1存储信息的地点我们遵守法律法规的规定，将境内收集的用户个人信息存储于境内。\n7.2存储信息的期限一般而言，我们仅为实现目的所必需的最短时间保留您的个人信息。但在下列情况下，我们有可能因需符合法律要求，更改个人信息的存储时间：\n7.2.1 为遵守适用的法律法规等有关规定；\n7.2.2 为遵守法院判决、裁定或其他法律程序的规定；\n7.2.3 为遵守相关政府机关或法定授权组织的要求；\n7.2.4 我们有理由确信需要遵守法律法规等有关规定；\n7.2.5 为执行相关服务协议或本协议、维护社会公共利益，为保护我们的客户、我们或我们的关联公司、其他用户或雇员的人身财产安全或其他合法权益所合理必需的用途。\n7.2.6 当我们的产品或服务发生停止运营的情形时，我们将采取例如，推送通知、公告等形式通知您，并在合理的期限内删除或匿名化处理您的个人信息。\n八、信息安全\n我们为您的信息提供相应的安全保障，以防止信息的丢失、不当使用、未经授权访问或披露。\n8.1我们严格遵守法律法规保护用户的通信秘密。\n\n8.2我们将在合理的安全水平内使用各种安全保护措施以保障信息的安全。例如，我们使用加密技术（例如，TLS、SSL）、匿名化处理等手段来保护您的个人信息。\n8.3我们建立专门的管理制度、流程和组织确保信息安全。例如，我们严格限制访问信息的人员范围，要求他们遵守保密义务，并进行审查。\n8.4若发生个人信息泄露等安全事件，我们会启动应急预案，阻止安全事件扩大，并以推送通知、公告等形式告知您。\n九、适用范围\n我们的所有服务均适用本协议。但某些服务有其特定的隐私指引/声明，该特定隐私指引/声明更具体地说明我们在该服务中如何处理您的信息。如本协议与特定服务的隐私指引/声明有不一致之处，请以该特定隐私指引/声明为准。\n\n十、联系我们\n如您对本协议或其他相关事宜有疑问，可通过电子邮件：service@4zlink.com或拨打客服电话【400 004 5755】与我们取得联系，我们将尽快审核所涉问题，并在验证您的用户身份后的15个工作日内予以回复。\n\n联系地址：\n运营主体：西藏盛行宏途旅游文化发展有限公司\n西藏自治区拉萨市堆龙德庆区世邦湿地公园南苑别墅16栋1号\n开发者信息：四众互联(北京)网络科技有限公司\n北京市平谷区中关村科技园区平谷园兴谷A区9号-00-81-28\n十一、其他\n11.1 如本协议与我国相关法律法规的规定相悖，请以法律法规的规定为准。\n11.2 西藏盛行宏途旅游文化发展有限公司有权根据我国相关法律法规的规定对本协议进行调整。",
    "policy_html_source_code_clean": "用户隐私协议\n<div>\n<p>盛行天下（或称“我们”）团队一直对用户（或称“您”）的隐私非常重视。我们致力于提升信息处理透明度，增强您对信息管理的便捷性，保障您的信息及通信安全。我们严格遵守法律法规，遵循以下隐私保护原则，为您提供更加安全、可靠的服务。\n            </p>\n<p>本协议仅适用于西藏盛行宏途旅游文化发展有限公司的盛行天下APP产品或服务。</p>\n<p>《盛行天下隐私协议》（以下简称“本协议”）主要向您说明：</p>\n<ul>\n<li>· 我们收集哪些信息；</li>\n<li>· 我们收集信息的用途；</li>\n<li>· 您所享有的权利；</li>\n<li>· 其他问题的处理。</li>\n</ul>\n<p>希望您仔细阅读本协议，详细了解我们对信息的收集、使用方式，以便您更好地了解我们的服务并作出适当的选择。若您在阅读本协议后使用，即表示您认同我们在本协议中所述内容。如您有任何问题，请联系我们。</p>\n<p>一、我们收集的信息范围</p>\n<p>1.1您在使用盛行天下时主动提供的信息</p>\n<p>1.1.1 您在注册帐户时填写的信息。例如，您在注册应用帐户时所填写的手机号码、密码。</p>\n<p>1.1.2\n                您通过我们的客服或参加我们举办的活动时所提交的信息。例如，<b>您参与我们线上活动时填写的调查问卷中可能包含您的姓名、电话、家庭地址等信息。</b>我们的部分服务可能需要您提供特定的个人敏感信息来实现特定功能。若您选择不提供该类信息，则可能无法正常使用服务中的特定功能，但不影响您使用服务中的其他功能。若您主动提供您的个人敏感信息，即表示您同意我们按本协议所述目的和方式来处理您的个人敏感信息。\n            </p>\n<p>1.2我们在您使用服务时获取的信息</p>\n<p>1.2.1 日志信息。当您使用盛行天下时，我们可能会自动收集相关信息并存储为服务日志信息。</p>\n<p>（1）设备信息。例如，设备型号、操作系统版本、唯一设备标识IMEI、MAC等信息。</p>\n<p>（2）软件信息。例如，软件的版本号、浏览器类型。为确保操作环境的安全或提供服务所需，我们会收集有关您使用的移动应用和其他软件的信息。</p>\n<p>（3）IP地址。</p>\n<p>（4）服务日志信息。例如，您在使用盛行天下时查看的信息、服务故障信息、引荐网址等信息。</p>\n<p>（5）通讯日志信息。例如，您在使用盛行天下时曾经通讯的帐户、通讯时间和时长。</p>\n<p>（6）身份信息。例如，您在使用盛行天下荣豆、盛行权兑换商品与其他业务服务时，根据相关法律、法规要求，需要进行实名认证，我们将收集你的身份证、姓名、人脸认证，以确保您的账户及信息安全；您的实名信息仅用于盛行权、荣豆兑换使用。</p>\n<p>（7）通讯录信息：例如，您在使用盛行天下进行联系人维护，以及预定酒店住宿服务时选择人员信息，并仅在您的授权下才访问和使用您所指定的信息。</p>\n<p>1.2.2 位置信息。当您使用与位置有关的服务时，我们可能会记录您设备所在的位置信息，以便为您提供相关服务。</p>\n<p>（1）在您使用服务时，<b>您可以通过定位服务，方便您快速查找信息及常用地址快速编辑等；</b></p>\n<p>（2）您或其他用户在使用服务时提供的信息中可能包含您所在地理位置信息，例如您提供的帐号信息中可能包含的您所在地区信息，您或其他人共享的照片包含的地理标记信息；</p>\n<p>1.2.3 其他相关信息。为了帮助您更好地使用我们的产品或服务，我们会收集相关信息。</p>\n<p>1.3 其他用户分享的信息中含有您的信息例如，其他用户发布的照片或分享的视频中可能包含您的信息。</p>\n<p>1.4 盛行天下APP接入第三方SDK目录</p>\n<table>\n<thead>\n<tr>\n<td>第三方名称</td>\n<td>使用目的</td>\n<td>功能类型</td>\n<td>涉及个人信息</td>\n<td>第三方官链接</td>\n</tr>\n</thead>\n<tbody>\n<tr>\n<td>极光推送</td>\n<td>APP站内消息通知类推送</td>\n<td>消息、推送、通知SDK</td>\n<td>设备信息  IMEI、MAC、传感器</td>\n<td>https://www.jiguang.cn/push?source=bdpc&amp;plan=1&amp;unit=18&amp;keyword=241</td>\n</tr>\n<tr>\n<td>腾讯Bugly</td>\n<td>APP bug搜集</td>\n<td>Bug收集SDK</td>\n<td>无</td>\n<td>https://bugly.qq.com/v2/</td>\n</tr>\n<tr>\n<td>创蓝闪验</td>\n<td>获取手机号一键登录 </td>\n<td>一键登录SDK</td>\n<td>手机号</td>\n<td>https://www.mob.com/</td>\n</tr>\n<tr>\n<td>百度统计</td>\n<td>统计界面pv uv等信息，进行数据分析</td>\n<td>页面点击数据分析SDK</td>\n<td>设备、登录账号  IMEI、MAC、传感器</td>\n<td>https://mtj.baidu.com/web/welcome/login</td>\n</tr>\n<tr>\n<td>友盟分享</td>\n<td>产品内容分享</td>\n<td>分享SDK</td>\n<td>无</td>\n<td>https://www.umeng.com/</td>\n</tr>\n<tr>\n<td>阿里云oss</td>\n<td>APP内图片保存</td>\n<td>图片存储SDK</td>\n<td>用户上传图片  SD卡</td>\n<td>https://free.aliyun.com/</td>\n</tr>\n<tr>\n<td>北京水草文化科技有限公司 </td>\n<td>实名身份认证</td>\n<td>实名认证SDK</td>\n<td>身份信息</td>\n<td>无</td>\n</tr>\n<tr>\n<td>科大讯飞 </td>\n<td>定位导航语音播报</td>\n<td>导航</td>\n<td>位置</td>\n<td>https://www.iflytek.com/index.html</td>\n</tr>\n</tbody>\n</table>\n<p>二、我们如何使用收集的信息</p>\n<p>我们严格遵守法律法规的规定及与用户的约定，将收集的信息用于以下用途。若我们超出以下用途使用您的信息，我们将再次向您进行说明，并征得您的同意。</p>\n<p>2.1向您提供服务及改善服务。为了让您有更好的体验、改善我们的服务或经您同意的其他用途，在符合相关法律法规的前提下，我们可能将通过某些服务所收集的信息用于我们的其他服务。例如，本机号码快捷登录、平台通知类消息推送等。\n            </p>\n<p>2.2满足您的个性化需求。例如，语言设定、位置设定、个性化的帮助服务。</p>\n<p>2.3产品开发和服务优化。例如，当我们的系统发生故障时，我们会记录和分析系统故障时产生的信息，优化我们的服务。</p>\n<p>2.4安全保障。为了确保服务的安全，帮助我们更好地了解我们应用程序的运行情况，我们可能记录相关信息：（1）例如，我们会将您的信息用于身份验证、安全防范、反诈骗监测、存档备份、客户的安全服务等用途；（2）例如，您使用应用程序的频率、故障信息、总体使用情况、性能数据以及应用程序的来源。我们不会将我们存储在分析软件中的信息与您在应用程序中提供的个人身份信息相结合。</p>\n<p>2.5管理软件。例如，进行软件认证、软件升级等。</p>\n<p>我们信息搜集和场景的目的</p>\n<table>\n<thead>\n<tr>\n<td>申请权限</td>\n<td>使用目的</td>\n<td>功能类型</td>\n<td>使用场景</td>\n<td>权益影响</td>\n</tr>\n</thead>\n<tbody>\n<tr>\n<td>后台访问地理位置</td>\n<td>定位</td>\n<td>位置分享</td>\n<td>地址添加、目的地优选等</td>\n<td>获得周边服务，快速添加地址</td>\n</tr>\n<tr>\n<td>获取粗略位置</td>\n<td>定位</td>\n<td>位置分享</td>\n<td>地址添加、目的地优选</td>\n<td>获得周边服务，快速添加地址</td>\n</tr>\n<tr>\n<td>摄像头</td>\n<td>im功能拍照并上传图片，以及扫码功能 </td>\n<td>拍照和扫码</td>\n<td>荣豆、盛行权扫码兑换，实名认证，信息上传等</td>\n<td>无</td>\n</tr>\n<tr>\n<td>读取日历活动和详情</td>\n<td>日程功能</td>\n<td>资源管理</td>\n<td>商城秒杀优选等</td>\n<td>日程提醒，避免错过活动</td>\n</tr>\n<tr>\n<td>读取联系人</td>\n<td>添加创建联系人，快速添加姓名手机号 </td>\n<td>资源管理</td>\n<td>常用联系人，酒店入住、旅游出行人、收件人添加等</td>\n<td>无</td>\n</tr>\n<tr>\n<td>读取外置存储卡</td>\n<td>处理工单流程上传图片</td>\n<td>图片上传</td>\n<td>工单处理</td>\n<td>无</td>\n</tr>\n<tr>\n<td>添加或修改日历活动</td>\n<td>日程功能 </td>\n<td>资源管理</td>\n<td>商城秒杀优选等</td>\n<td>日程提醒，避免错过活动</td>\n</tr>\n<tr>\n<td>写入外部存储卡</td>\n<td>处理工单流程上传图片</td>\n<td>图片上传</td>\n<td>工单处理</td>\n<td>无</td>\n</tr>\n<tr>\n<td>查看WLAN连接</td>\n<td>判断是否网络是否连接</td>\n<td>无</td>\n<td>无</td>\n<td>无</td>\n</tr>\n<tr>\n<td>拨打电话  </td>\n<td>用于呼起手机号码进行拨打</td>\n<td>电话呼叫</td>\n<td>客服电话呼叫</td>\n<td>无</td>\n</tr>\n</tbody>\n</table>\n<p>2.6评估、改善我们的广告投放和其他促销及推广活动的效果。</p>\n<p>2.7邀请您参与有关盛行天下的调查。</p>\n<p>为了让您有更好的体验、改善我们的服务或经您同意的其他用途，在符合相关法律法规的前提下，我们可能将通过某些服务所收集的信息用于我们的其他服务。例如，将您在使用我们某项服务时的信息，用于另一项服务中向您展示个性化的内容或广告、用于用户研究分析与统计等服务。\n            </p>\n<p>为了确保服务的安全，帮助我们更好地了解我们应用程序的运行情况，我们可能记录相关信息，例如，您使用应用程序的频率、故障信息、总体使用情况、性能数据以及应用程序的来源。我们不会将我们存储在分析软件中的信息与您在应用程序中提供的个人身份信息相结合。\n            </p>\n<p>三、未达法定年龄用户的保护</p>\n<p>我们非常重视对未成年人个人信息的保护。根据相关法律法规的规定，若您未达到使用该应用的法定年龄，在使用盛行天下APP的服务前，应先取得您的家长或法定监护人的同意。若您是未成年人的监护人，当您对您所监护的未成年人的个人信息有相关疑问时，请通过本协议第十条中所列示的联系方式与我们联系。\n            </p>\n<p>四、您如何管理自己的信息</p>\n<p>4.1您可以在使用盛行天下的过程中，访问、修改和删除您提供的注册信息和其他个人信息，也可按照通知指引与我们联系。您访问、修改和删除个人信息的范围和方式将取决于您使用的具体服务。</p>\n<p>4.2我们将按照本协议所述，仅为实现我们产品或服务的功能，收集、使用您的信息。如您发现我们违反法律、行政法规的规定或者双方的约定收集、使用您的个人信息，您可以要求我们删除。如您发现我们收集、存储的您的个人信息有错误的，您也可以要求我们更正。请通过本协议第十条列明的联系方式与我们联系。\n            </p>\n<p>4.3在您访问、修改和删除相关信息时，我们可能会要求您进行身份验证，以保障帐号的安全。</p>\n<p>4.4请您理解，由于技术所限、法律或监管要求，我们可能无法满足您的所有要求，我们会在合理的期限内答复您的请求。</p>\n<p>五、我们分享的信息</p>\n<p>我们遵照法律法规的规定，对信息的分享进行严格的限制，包括但不限于：</p>\n<p>5.1我们会将所收集到的信息用于大数据分析。例如，我们将收集到的信息用于分析形成不包含任何个人信息的城市热力图或产品洞察报告，用于了解用户如何使用盛行天下，以便对产品做进一步的改良。</p>\n<p>5.2我们可能基于以下目的披露您的个人信息：</p>\n<p>5.2.1 遵守适用的法律法规等有关规定；</p>\n<p>5.2.2 遵守法院判决、裁定或其他法律程序的规定；</p>\n<p>5.2.3 遵守相关政府机关或其他法定授权组织的要求；</p>\n<p>5.2.4 我们有理由确信需要遵守法律法规等有关规定；</p>\n<p>5.2.5 为执行相关服务协议或本协议、维护社会公共利益，为保护我们的客户、我们或我们的关联公司、其他用户或雇员的人身财产安全或其他合法权益合理且必要的用途。</p>\n<p>六、我们可能向您发送的信息</p>\n<p>6.1信息推送您在使用我们的服务时，我们可能向您发送电子邮件、短信、资讯或平台通知。您可以按照我们的相关提示，在设备上选择取消订阅。</p>\n<p>七、存储信息的地点和期限</p>\n<p>7.1存储信息的地点我们遵守法律法规的规定，将境内收集的用户个人信息存储于境内。</p>\n<p>7.2存储信息的期限一般而言，我们仅为实现目的所必需的最短时间保留您的个人信息。但在下列情况下，我们有可能因需符合法律要求，更改个人信息的存储时间：</p>\n<p>7.2.1 为遵守适用的法律法规等有关规定；</p>\n<p>7.2.2 为遵守法院判决、裁定或其他法律程序的规定；</p>\n<p>7.2.3 为遵守相关政府机关或法定授权组织的要求；</p>\n<p>7.2.4 我们有理由确信需要遵守法律法规等有关规定；</p>\n<p>7.2.5 为执行相关服务协议或本协议、维护社会公共利益，为保护我们的客户、我们或我们的关联公司、其他用户或雇员的人身财产安全或其他合法权益所合理必需的用途。</p>\n<p>7.2.6 当我们的产品或服务发生停止运营的情形时，我们将采取例如，推送通知、公告等形式通知您，并在合理的期限内删除或匿名化处理您的个人信息。</p>\n<p>八、信息安全</p>\n<p>我们为您的信息提供相应的安全保障，以防止信息的丢失、不当使用、未经授权访问或披露。</p>\n<p>8.1我们严格遵守法律法规保护用户的通信秘密。\n            </p><p>8.2我们将在合理的安全水平内使用各种安全保护措施以保障信息的安全。例如，我们使用加密技术（例如，TLS、SSL）、匿名化处理等手段来保护您的个人信息。</p>\n<p>8.3我们建立专门的管理制度、流程和组织确保信息安全。例如，我们严格限制访问信息的人员范围，要求他们遵守保密义务，并进行审查。</p>\n<p>8.4若发生个人信息泄露等安全事件，我们会启动应急预案，阻止安全事件扩大，并以推送通知、公告等形式告知您。</p>\n<p>九、适用范围</p>\n<p>我们的所有服务均适用本协议。但某些服务有其特定的隐私指引/声明，该特定隐私指引/声明更具体地说明我们在该服务中如何处理您的信息。如本协议与特定服务的隐私指引/声明有不一致之处，请以该特定隐私指引/声明为准。\n            </p>\n<p>十、联系我们</p>\n<p>如您对本协议或其他相关事宜有疑问，可通过电子邮件：service@4zlink.com或拨打客服电话【400 004 5755】与我们取得联系，我们将尽快审核所涉问题，并在验证您的用户身份后的15个工作日内予以回复。\n            </p>\n<p>联系地址：</p>\n<p>运营主体：西藏盛行宏途旅游文化发展有限公司</p>\n<p>西藏自治区拉萨市堆龙德庆区世邦湿地公园南苑别墅16栋1号</p>\n<p>开发者信息：四众互联(北京)网络科技有限公司</p>\n<p>北京市平谷区中关村科技园区平谷园兴谷A区9号-00-81-28</p>\n<p>十一、其他</p>\n<p>11.1 如本协议与我国相关法律法规的规定相悖，请以法律法规的规定为准。</p>\n<p>11.2 西藏盛行宏途旅游文化发展有限公司有权根据我国相关法律法规的规定对本协议进行调整。</p>\n</div>",
    "policy_text_clean": "用户隐私协议\n盛行天下（或称“我们”）团队一直对用户（或称“您”）的隐私非常重视。我们致力于提升信息处理透明度，增强您对信息管理的便捷性，保障您的信息及通信安全。我们严格遵守法律法规，遵循以下隐私保护原则，为您提供更加安全、可靠的服务。\n\n本协议仅适用于西藏盛行宏途旅游文化发展有限公司的盛行天下APP产品或服务。\n《盛行天下隐私协议》（以下简称“本协议”）主要向您说明：\n· 我们收集哪些信息；\n· 我们收集信息的用途；\n· 您所享有的权利；\n· 其他问题的处理。\n希望您仔细阅读本协议，详细了解我们对信息的收集、使用方式，以便您更好地了解我们的服务并作出适当的选择。若您在阅读本协议后使用，即表示您认同我们在本协议中所述内容。如您有任何问题，请联系我们。\n一、我们收集的信息范围\n1.1您在使用盛行天下时主动提供的信息\n1.1.1 您在注册帐户时填写的信息。例如，您在注册应用帐户时所填写的手机号码、密码。\n1.1.2\n您通过我们的客服或参加我们举办的活动时所提交的信息。例如，您参与我们线上活动时填写的调查问卷中可能包含您的姓名、电话、家庭地址等信息。我们的部分服务可能需要您提供特定的个人敏感信息来实现特定功能。若您选择不提供该类信息，则可能无法正常使用服务中的特定功能，但不影响您使用服务中的其他功能。若您主动提供您的个人敏感信息，即表示您同意我们按本协议所述目的和方式来处理您的个人敏感信息。\n\n1.2我们在您使用服务时获取的信息\n1.2.1 日志信息。当您使用盛行天下时，我们可能会自动收集相关信息并存储为服务日志信息。\n（1）设备信息。例如，设备型号、操作系统版本、唯一设备标识IMEI、MAC等信息。\n（2）软件信息。例如，软件的版本号、浏览器类型。为确保操作环境的安全或提供服务所需，我们会收集有关您使用的移动应用和其他软件的信息。\n（3）IP地址。\n（4）服务日志信息。例如，您在使用盛行天下时查看的信息、服务故障信息、引荐网址等信息。\n（5）通讯日志信息。例如，您在使用盛行天下时曾经通讯的帐户、通讯时间和时长。\n（6）身份信息。例如，您在使用盛行天下荣豆、盛行权兑换商品与其他业务服务时，根据相关法律、法规要求，需要进行实名认证，我们将收集你的身份证、姓名、人脸认证，以确保您的账户及信息安全；您的实名信息仅用于盛行权、荣豆兑换使用。\n（7）通讯录信息：例如，您在使用盛行天下进行联系人维护，以及预定酒店住宿服务时选择人员信息，并仅在您的授权下才访问和使用您所指定的信息。\n1.2.2 位置信息。当您使用与位置有关的服务时，我们可能会记录您设备所在的位置信息，以便为您提供相关服务。\n（1）在您使用服务时，您可以通过定位服务，方便您快速查找信息及常用地址快速编辑等；\n（2）您或其他用户在使用服务时提供的信息中可能包含您所在地理位置信息，例如您提供的帐号信息中可能包含的您所在地区信息，您或其他人共享的照片包含的地理标记信息；\n1.2.3 其他相关信息。为了帮助您更好地使用我们的产品或服务，我们会收集相关信息。\n1.3 其他用户分享的信息中含有您的信息例如，其他用户发布的照片或分享的视频中可能包含您的信息。\n1.4 盛行天下APP接入第三方SDK目录\n第三方名称：极光推送，使用目的：APP站内消息通知类推送，功能类型：消息、推送、通知SDK，涉及个人信息：设备信息 IMEI、MAC、传感器，第三方官链接：https://www.jiguang.cn/push?source=bdpc&plan=1&unit=18&keyword=241。\n第三方名称：腾讯Bugly，使用目的：APP bug搜集，功能类型：Bug收集SDK，涉及个人信息：无，第三方官链接：https://bugly.qq.com/v2/。\n第三方名称：创蓝闪验，使用目的：获取手机号一键登录，功能类型：一键登录SDK，涉及个人信息：手机号，第三方官链接：https://www.mob.com/。\n第三方名称：百度统计，使用目的：统计界面pv uv等信息，进行数据分析，功能类型：页面点击数据分析SDK，涉及个人信息：设备、登录账号 IMEI、MAC、传感器，第三方官链接：https://mtj.baidu.com/web/welcome/login。\n第三方名称：友盟分享，使用目的：产品内容分享，功能类型：分享SDK，涉及个人信息：无，第三方官链接：https://www.umeng.com/。\n第三方名称：阿里云oss，使用目的：APP内图片保存，功能类型：图片存储SDK，涉及个人信息：用户上传图片 SD卡，第三方官链接：https://free.aliyun.com/。\n第三方名称：北京水草文化科技有限公司，使用目的：实名身份认证，功能类型：实名认证SDK，涉及个人信息：身份信息，第三方官链接：无。\n第三方名称：科大讯飞，使用目的：定位导航语音播报，功能类型：导航，涉及个人信息：位置，第三方官链接：https://www.iflytek.com/index.html。\n二、我们如何使用收集的信息\n我们严格遵守法律法规的规定及与用户的约定，将收集的信息用于以下用途。若我们超出以下用途使用您的信息，我们将再次向您进行说明，并征得您的同意。\n2.1向您提供服务及改善服务。为了让您有更好的体验、改善我们的服务或经您同意的其他用途，在符合相关法律法规的前提下，我们可能将通过某些服务所收集的信息用于我们的其他服务。例如，本机号码快捷登录、平台通知类消息推送等。\n\n2.2满足您的个性化需求。例如，语言设定、位置设定、个性化的帮助服务。\n2.3产品开发和服务优化。例如，当我们的系统发生故障时，我们会记录和分析系统故障时产生的信息，优化我们的服务。\n2.4安全保障。为了确保服务的安全，帮助我们更好地了解我们应用程序的运行情况，我们可能记录相关信息：（1）例如，我们会将您的信息用于身份验证、安全防范、反诈骗监测、存档备份、客户的安全服务等用途；（2）例如，您使用应用程序的频率、故障信息、总体使用情况、性能数据以及应用程序的来源。我们不会将我们存储在分析软件中的信息与您在应用程序中提供的个人身份信息相结合。\n2.5管理软件。例如，进行软件认证、软件升级等。\n我们信息搜集和场景的目的\n申请权限：后台访问地理位置，使用目的：定位，功能类型：位置分享，使用场景：地址添加、目的地优选等，权益影响：获得周边服务，快速添加地址。\n申请权限：获取粗略位置，使用目的：定位，功能类型：位置分享，使用场景：地址添加、目的地优选，权益影响：获得周边服务，快速添加地址。\n申请权限：摄像头，使用目的：im功能拍照并上传图片，以及扫码功能，功能类型：拍照和扫码，使用场景：荣豆、盛行权扫码兑换，实名认证，信息上传等，权益影响：无。\n申请权限：读取日历活动和详情，使用目的：日程功能，功能类型：资源管理，使用场景：商城秒杀优选等，权益影响：日程提醒，避免错过活动。\n申请权限：读取联系人，使用目的：添加创建联系人，快速添加姓名手机号，功能类型：资源管理，使用场景：常用联系人，酒店入住、旅游出行人、收件人添加等，权益影响：无。\n申请权限：读取外置存储卡，使用目的：处理工单流程上传图片，功能类型：图片上传，使用场景：工单处理，权益影响：无。\n申请权限：添加或修改日历活动，使用目的：日程功能，功能类型：资源管理，使用场景：商城秒杀优选等，权益影响：日程提醒，避免错过活动。\n申请权限：写入外部存储卡，使用目的：处理工单流程上传图片，功能类型：图片上传，使用场景：工单处理，权益影响：无。\n申请权限：查看WLAN连接，使用目的：判断是否网络是否连接，功能类型：无，使用场景：无，权益影响：无。\n申请权限：拨打电话，使用目的：用于呼起手机号码进行拨打，功能类型：电话呼叫，使用场景：客服电话呼叫，权益影响：无。\n2.6评估、改善我们的广告投放和其他促销及推广活动的效果。\n2.7邀请您参与有关盛行天下的调查。\n为了让您有更好的体验、改善我们的服务或经您同意的其他用途，在符合相关法律法规的前提下，我们可能将通过某些服务所收集的信息用于我们的其他服务。例如，将您在使用我们某项服务时的信息，用于另一项服务中向您展示个性化的内容或广告、用于用户研究分析与统计等服务。\n\n为了确保服务的安全，帮助我们更好地了解我们应用程序的运行情况，我们可能记录相关信息，例如，您使用应用程序的频率、故障信息、总体使用情况、性能数据以及应用程序的来源。我们不会将我们存储在分析软件中的信息与您在应用程序中提供的个人身份信息相结合。\n\n三、未达法定年龄用户的保护\n我们非常重视对未成年人个人信息的保护。根据相关法律法规的规定，若您未达到使用该应用的法定年龄，在使用盛行天下APP的服务前，应先取得您的家长或法定监护人的同意。若您是未成年人的监护人，当您对您所监护的未成年人的个人信息有相关疑问时，请通过本协议第十条中所列示的联系方式与我们联系。\n\n四、您如何管理自己的信息\n4.1您可以在使用盛行天下的过程中，访问、修改和删除您提供的注册信息和其他个人信息，也可按照通知指引与我们联系。您访问、修改和删除个人信息的范围和方式将取决于您使用的具体服务。\n4.2我们将按照本协议所述，仅为实现我们产品或服务的功能，收集、使用您的信息。如您发现我们违反法律、行政法规的规定或者双方的约定收集、使用您的个人信息，您可以要求我们删除。如您发现我们收集、存储的您的个人信息有错误的，您也可以要求我们更正。请通过本协议第十条列明的联系方式与我们联系。\n\n4.3在您访问、修改和删除相关信息时，我们可能会要求您进行身份验证，以保障帐号的安全。\n4.4请您理解，由于技术所限、法律或监管要求，我们可能无法满足您的所有要求，我们会在合理的期限内答复您的请求。\n五、我们分享的信息\n我们遵照法律法规的规定，对信息的分享进行严格的限制，包括但不限于：\n5.1我们会将所收集到的信息用于大数据分析。例如，我们将收集到的信息用于分析形成不包含任何个人信息的城市热力图或产品洞察报告，用于了解用户如何使用盛行天下，以便对产品做进一步的改良。\n5.2我们可能基于以下目的披露您的个人信息：\n5.2.1 遵守适用的法律法规等有关规定；\n5.2.2 遵守法院判决、裁定或其他法律程序的规定；\n5.2.3 遵守相关政府机关或其他法定授权组织的要求；\n5.2.4 我们有理由确信需要遵守法律法规等有关规定；\n5.2.5 为执行相关服务协议或本协议、维护社会公共利益，为保护我们的客户、我们或我们的关联公司、其他用户或雇员的人身财产安全或其他合法权益合理且必要的用途。\n六、我们可能向您发送的信息\n6.1信息推送您在使用我们的服务时，我们可能向您发送电子邮件、短信、资讯或平台通知。您可以按照我们的相关提示，在设备上选择取消订阅。\n七、存储信息的地点和期限\n7.1存储信息的地点我们遵守法律法规的规定，将境内收集的用户个人信息存储于境内。\n7.2存储信息的期限一般而言，我们仅为实现目的所必需的最短时间保留您的个人信息。但在下列情况下，我们有可能因需符合法律要求，更改个人信息的存储时间：\n7.2.1 为遵守适用的法律法规等有关规定；\n7.2.2 为遵守法院判决、裁定或其他法律程序的规定；\n7.2.3 为遵守相关政府机关或法定授权组织的要求；\n7.2.4 我们有理由确信需要遵守法律法规等有关规定；\n7.2.5 为执行相关服务协议或本协议、维护社会公共利益，为保护我们的客户、我们或我们的关联公司、其他用户或雇员的人身财产安全或其他合法权益所合理必需的用途。\n7.2.6 当我们的产品或服务发生停止运营的情形时，我们将采取例如，推送通知、公告等形式通知您，并在合理的期限内删除或匿名化处理您的个人信息。\n八、信息安全\n我们为您的信息提供相应的安全保障，以防止信息的丢失、不当使用、未经授权访问或披露。\n8.1我们严格遵守法律法规保护用户的通信秘密。\n\n8.2我们将在合理的安全水平内使用各种安全保护措施以保障信息的安全。例如，我们使用加密技术（例如，TLS、SSL）、匿名化处理等手段来保护您的个人信息。\n8.3我们建立专门的管理制度、流程和组织确保信息安全。例如，我们严格限制访问信息的人员范围，要求他们遵守保密义务，并进行审查。\n8.4若发生个人信息泄露等安全事件，我们会启动应急预案，阻止安全事件扩大，并以推送通知、公告等形式告知您。\n九、适用范围\n我们的所有服务均适用本协议。但某些服务有其特定的隐私指引/声明，该特定隐私指引/声明更具体地说明我们在该服务中如何处理您的信息。如本协议与特定服务的隐私指引/声明有不一致之处，请以该特定隐私指引/声明为准。\n\n十、联系我们\n如您对本协议或其他相关事宜有疑问，可通过电子邮件：service@4zlink.com或拨打客服电话【400 004 5755】与我们取得联系，我们将尽快审核所涉问题，并在验证您的用户身份后的15个工作日内予以回复。\n\n联系地址：\n运营主体：西藏盛行宏途旅游文化发展有限公司\n西藏自治区拉萨市堆龙德庆区世邦湿地公园南苑别墅16栋1号\n开发者信息：四众互联(北京)网络科技有限公司\n北京市平谷区中关村科技园区平谷园兴谷A区9号-00-81-28\n十一、其他\n11.1 如本协议与我国相关法律法规的规定相悖，请以法律法规的规定为准。\n11.2 西藏盛行宏途旅游文化发展有限公司有权根据我国相关法律法规的规定对本协议进行调整。"
}