{
    "app_id": "C105070943",
    "app_name": "在机场管家",
    "app_version": "2.2.0",
    "app_download_num_description": "<1 万次安装",
    "app_package_name": "com.iskytrip.rn.manager",
    "app_score": 0.0,
    "app_package_size": "23 MB",
    "app_package_size_precise": 24067076,
    "app_icon_url": "https://appimg.dbankcdn.com/application/icon144/ba729f2b6702493e9d91046579e9375b.png",
    "app_developer": "上海机场国际旅行社有限公司",
    "app_update_time": "2021-12-28",
    "app_update_description": null,
    "app_description": "在机场管家，管理您的机场服务。\n在机场管家APP是由“在机场平台“全新倾力推出的机场服务助手！\n改过全新改版升级，优化了用户体验和视觉体验，提升出行服务品质，让它为您的每一次机场旅途进行守护，为您的机场生活提供方便；\n服务功能：\n【贵宾服务】支持全国机场贵宾休息室，机场快速安检通道核销服务；\n【机场商业】在机场购物、用餐更方便快捷，还有超多的机场购物、餐厅优惠；\n【增值服务】机场内的交通、机场休闲娱乐，可以提供全方位高品质的机场出行服务。\n在机场，更安心。",
    "app_policy_url": "https://static.iskytrip.com/rnManage/privacyPolicy.html",
    "app_listed_permission": "1.完全的网络访问权限\n2.相机\n3.读取存储卡中的内容\n4.修改或删除存储卡中的内容\n5.录制音频",
    "app_listed_permission_description": "1.允许该应用创建网络套接字和使用自定义网络协议。浏览器和其他某些应用提供了向互联网发送数据的途径，因此应用无需该权限即可向互联网发送数据。\n2.允许应用拍摄照片和视频。\n3.允许应用读取存储卡上的照片、媒体内容和文件。\n4.允许应用修改或删除存储卡上的照片、媒体内容和文件。\n5.允许应用录制音频。",
    "app_category": [
        "旅游住宿"
    ],
    "app_subcategory": [
        "行程助手",
        "热门"
    ],
    "app_APK_url": "https://appgallery.cloud.huawei.com/appdl/C105070943",
    "app_APK_name": "C105070943-2.2.0.apk",
    "app_policy_name": "C105070943-2.2.0.txt",
    "policy_html_source_code": "<html><head><meta http-equiv=\"Content-Type\" content=\"text/html; charset=UTF-8\">\n\t<title>在机场管家隐私政策</title>\n\t\n\t<meta name=\"viewport\" content=\"initial-scale=1.0, user-scalable=no\"> \n\t<style type=\"text/css\">\n\t\tbody{\n\t\t\tmargin: 0;\n\t\t\tpadding: 10px 20px 40px;\n\t\t\tfont-size: 12px;\n\t\t\tcolor: #222222;\n\t\t\tline-height: 24px;\n\t\t}\n\t\tsection{\n\t\t\tmargin: 0 0 24px;\n\t\t}\n\t\tp{\n\t\t\tmargin: 0;\n\t\t\ttext-indent: 1em;\n\t\t}\n\t</style>\n</head>\n<body>\n\t<section>\n\t\t发布日期：2021年9月15日\n\t\t<br>\n\t\t生效日期：2021年9月15日\n\t</section>\n\t<section>\n\t\t感谢您对“在机场管家”的关注！在机场管家软件（APP、应用小程序等）由上海机场国际旅行社有限公司（下称“机场国旅”或“我公司”）独立研发并运营，机场国旅对其享有完整的知识产权。\n\t\t<br>\n\t\t机场国旅始终注重保护用户个人信息及隐私安全，我们理解您通过网络向我们提供信息是建立在对我们信任的基础上，我们重视这种信任，也深知隐私对您的重要性，并尽最大努力全力保护您的隐私。\n\t</section>\n\t<section>\n\t\t<strong>机场国旅承诺，我们将按照行业成熟的安全标准，采取相应的安全保护措施来保护您的个人信息。请您在使用“在机场管家”产品或服务前，仔细阅读并了解本《隐私政策》的内容，尤其是加粗字体内容。如果您不同意本隐私政策的任何内容，请立刻停止使用“在机场管家”软件。一旦您使用或继续使用“在机场管家”软件，即意味着您同意隐私政策的全部条款。</strong>\n\t\t<br>\n\t\t依据相关法律法规之规定，制定本隐私政策。本政策将帮助您了解如下内容：\n\t\t<br>\n\t\t<strong>您承诺，向“在机场管家”提供的信息真实、准确并经合法途径获得。如您向“在机场管家”提供的第三方个人信息（包括您员工及其他相关责任主体的个人信息），您确认已经获得合法授权，我们按本隐私政策使用和处理上述信息不违反任何法律、法规及侵犯第三方合法权益。</strong>\n\t\t<br>\n\t\t1、我们收集和使用您个人信息的目的\n\t\t<br>\n\t\t2、我们如何收集和使用您的个人信息\n\t\t<br>\n\t\t3、我们如何保护您的个人信息\n\t\t<br>\n\t\t4、未成年人的个人信息保护\n\t\t<br>\n\t\t5、用户权利\n\t\t<br>\n\t\t6、隐私政策更新\n\t\t<br>\n\t\t7、法律适用与管辖\n    <br>\n    8、联系我们\n\t</section>\n\t<section>\n\t\t<strong>一、我们收集和使用您个人信息的目的</strong>\n\t\t<br>\n\t\t1、为了更好地为您提供服务，机场国旅将遵循<strong>“合理、相关、必要”</strong>原则，且以您同意为前提收集信息，不会收集法律法规禁止收集的信息。\n\t\t<br>\n\t\t2、您在享受我公司提供的各项服务的同时，<strong>授权并同意我司向您的电子邮件、手机、通信地址发送产品/服务信息，包括但不限于我司最新的产品信息、促销信息。若您选择不接受我司提供的各类信息服务，您可以按照我司提供的相应设置拒绝该类信息服务。</strong>\n\t\t<br>\n\t\t<strong>二、我们如何收集和使用您的个人信息</strong>\n\t\t<br>\n\t\t<strong>（一）信息收集</strong>\n\t\t<br>\n\t\t1、帮助您成为我们的用户：为完成“在机场管家”的用户注册，您需要提供您的身份信息（营业执照、身份证或其他身份信息的证明）用于真实身份验证。\n\t\t<br>\n\t\t2、注册完成后，您后续更新或添加的个人信息。为保证完成交易及售后服务，您需要提供门店基本信息，包括门店名称、门店地址、联系人信息（联系人姓名、联系电话、电子邮箱）等。\n\t\t<br>\n\t\t3、您在浏览、访问、使用“在机场管家”平台相关服务时填写您的个人信息。\n\t\t<br>\n\t\t4、您通过我们的客服人员或其他渠道主动提交或反馈的信息，便于我们了解、评估服务质量、优化用户体验。\n\t\t<br>\n\t\t<strong>5、我们将在您使用“在机场”服务过程中，自动收集您的个人信息：</strong>\n\t\t<p><strong>（1）日志信息，指您使用我们的服务时，系统可能通过cookies、web beacon或其他方式自动采集的信息，包括：1）设备标识信息或软件信息，例如您的IP地址和移动设备所用的版本和设备识别码（IDFA/IMEI）、MAC 地址、软件列表、以及通过网页浏览器、移动设备用于接入我们服务的配置信息。2）在使用我们服务时搜索或浏览的信息，例如您使用的网页或APP搜索词语、访问页面，以及您在使用我们服务时浏览或提供的其他信息。3）您通过我们的服务分享的内容所包含的信息，例如拍摄或上传的共享照片或评论，以及日期、时间等。</strong></p>\n\t\t<p><strong>（2）位置信息，指您开启设备定位功能并使用我们基于位置提供的相关服务时，收集的有关您的位置信息，例如通过GPS或WLAN等方式收集您的地理位置信息，或您提供账户信息中包含的您所在地区信息，您或其他人上传的显示您当前或曾经所处地理位置的共享信息等。您可以通过关闭定位功能，停止对您的地理位置信息的收集。</strong></p>\n\t\t<strong>6、为给您提供更加便利的服务，基于您的授权，我们可能从关联公司、业务合作伙伴来源获得您的相关信息。例如当您通过我们关联公司、业务合作伙伴网站及其移动应用软件等预订时，您向其提供的预订信息可能会转交给我们，以便我们处理您的订单，确保您顺利预订。又如，我们允许您使用社交媒体帐号关联我们的帐号进行登录，在您同意的情况下（您授权给该社交平台），您的相关个人信息会通过社交平台分享给我们。机场国旅将依据与关联公司、业务合作伙伴的约定，对这些个人信息来源的合法性进行确认。</strong>\n\t\t<br>\n\t\t<strong>7、为了您能够使用地图服务、第三方支付服务、接收服务通知等功能，我们应用中会嵌入业务合作方的软件工具开发包（SDK），您同意将由其直接收集和处理您的个人信息。目前我们应用中包含的第三方SDK名录详见《第三方SDK详情》，内容含第三方SDK的名称、使用目的、收集个人信息类型和第三方SDK提供商的隐私政策。第三方SDK提供商将根据自身的隐私政策收集和处理您的个人信息，不适用本隐私政策，具体请以相关合作方最新公布的隐私政策内容为准。</strong>\n\t\t<br>\n\t\t<strong>（二）个人信息使用</strong>\n\t\t<br>\n\t\t1、为更好履行服务目的，我们将在获得您授权的前提下使用、披露您的个人信息。\n\t\t<br>\n\t\t2、您可随时在个人中心查看您的个人基本信息。同时为避免您的设备被不当使用时可能造成您的信息泄露，我们可能会对您个人中心的手机号码、身份证明文件及号码等敏感信息设置加密功能按钮。\n\t\t<br>\n\t\t<strong>3、在您使用“在机场管家”产品及服务期间，我们将保存您的信息，直至您提出注销账户或删除信息的要求。在您本人提出注销账户或删除信息的要求后，我们将删除您在在机场平台的个人授权信息。</strong>\n\t\t<br>\n\t\t4、您充分知晓，以下情形下我们使用、披露您的个人信息无需征得您的授权同意：\n\t\t<p>（1）根据现行有效的法律法规及相关政策的规定或司法/行政机关强制性要求；</p>\n\t\t<p>（2）基于法律法规的规定，为实现社会公共利益而使用；</p>\n\t\t<p>（3）法律法规允许的前提下，为维护机场国旅及服务相关方自身利益不受侵害的情形。</p>\n\t\t<strong>5、个人敏感信息特别提示：</strong>\n\t\t<br>\n\t\t<strong>您的特别指向性个人信息，例如您的身份证明信息、电话号码、行迹轨迹、位置信息等属于您个人敏感性信息。在提供此类信息时，您需谨慎考虑，同时机场国旅将征得您的同意，并对您的个人敏感信息通过技术方式严格保护，您同意这些信息将按照本隐私政策所述明的目的和方式来处理。您有权不提供此类信息，但因您未能提供或提供的信息不完整、不准确，可能导致我们无法向您提供部分或全部服务或影响服务提供质量。</strong>\n\t\t<br>\n\t\t<strong>三、我们如何保护您的个人信息</strong>\n\t\t<br>\n\t\t1、我们将尽合理的技术努力，使用符合业界标准的安全防护措施保障您的个人信息安全，防止数据遭到未经授权的访问、公开披露或毁损。\n\t\t<br>\n\t\t<strong>2、我们努力为您提供信息保护，采取了合适的管理、技术及物理安全措施，并设置合理的权限来规范访问、使用、披露您个人信息的程序。我们对可能接触到您个人信息的部门和员工制定了严格的管理规范，并定期进行信息安全培训。</strong>\n\t\t<br>\n\t\t3、我们从数据的生命周期角度出发，在数据收集、存储、显示、处理、使用、销毁等各个环节建立安全防护措施，并根据信息敏感程度的级别采取不同的控制措施。\n\t\t<br>\n\t\t<strong>4、互联网环境并非百分之百安全，我们将尽力确保您发送给我们的信息的安全性。尽管有前述的安全措施，但请您理解机场国旅不能完全避免与个人信息相关的安全风险。</strong>\n\t\t<br>\n\t\t<strong>5、请您协助我们保护您的个人信息安全，请不要泄露您的个人账户密码，或通过社交媒体平台随意分享您使用相关服务时的截图信息。我们建议您在分享过程中，请注意遮盖敏感信息内容。如果您发现自己的个人信息泄露，请您立即与我们客服联系，以便我们采取相应的措施。</strong>\n\t\t<br>\n\t\t6、我们只会在达成本政策所述目的所需的期限内保留您的个人信息，除非需要延保留期或受到法律的允许。\n\t\t<br>\n\t\t<strong>四、未成年人的个人信息保护</strong>\n\t\t<br>\n\t\t<strong>1、未成年人在使用“在机场”平台产品或服务时须征得监护人的同意，并在监护人的陪同下使用“在机场”软件。</strong>\n\t\t<br>\n\t\t<strong>2、对于经监护人同意而收集的未成年人的信息，我们只会在受到法律允许、监护人明确同意或为保护未成年人所必要的情况下使用或公开披露此信息。</strong>\n\t\t<br>\n\t\t<strong>3、如未成年人未经其监护人的同意使用“在机场”服务，监护人有权及时与我们联系，并拒绝进一步收集未成年人的个人信息，或要求删除未成年人的个人信息。</strong>\n\t\t<br>\n\t\t<strong>五、用户权利</strong>\n\t\t<br>\n\t\t按照中国相关法律、法规，以及其他国家、地区通行做法，<strong>我们保障您对自己个人信息行使如下权利：</strong>\n\t\t<br>\n\t\t1、访问您的个人信息。\n\t\t<br>\n\t\t2、更正您的个人信息。\n\t\t<br>\n\t\t3、向我们提出删除您个人信息的请求。我们提醒您，如您的服务正在进行中，该行为可能会影响您继续享受该服务或服务质量将会受到影响。\n\t\t<br>\n\t\t4、改变您授权同意的范围。\n\t\t<br>\n\t\t5、注销您的“在机场管家”平台账户信息。\n\t\t<br>\n\t\t6、其他情形。\n\t\t<br>\n\t\t<strong>六、隐私政策更新</strong>\n\t\t<br>\n\t\t<strong>隐私政策可能随着法律法规或相关政策以及我们服务内容的变动而发生变更。如因前述原因导致本隐私政策内容发生变化，我们会在本页面发布更新后的条款，并对变更内容加粗提示。对于可能影响您个人信息收集或披露内容的修订，我们还会提供更为显著的通知（包括站内信或电子邮件等方式）。</strong>\n\t\t<br>\n\t\t<strong>七、法律适用与管辖</strong>\n\t\t<br>\n\t\t<strong>1、本隐私政策的成立、生效、履行、解释及纠纷解决均受到中华人民共和国大陆地区法律（不包含冲突法）管辖。</strong>\n\t\t<br>\n\t\t<strong>2、您与机场国旅就本隐私政策或其他有关事项发生的争议，应首先友好协商解决；协商不成，任意一方有权向机场国旅所在地有管辖权的人民法院提起诉讼解决。</strong>\n    <br>\n    <strong>八、联系我们</strong>\n    <br>\n    如果您对隐私政策中有关用户权利以及个人信息收集、保护、使用等存在任何疑问，请与我们联系，我们将在不超过15个工作日内受理并处理您的诉求。联系方式如下：\n    <br>\n    公司名称：上海机场国际旅行社有限公司\n    <br>\n    联系地址：上海市长宁区天山西路799号703室\n    <br>\n    客服电话：4008203106\n\t</section>\n\n</body></html>",
    "policy_text": "发布日期：2021年9月15日\n\n生效日期：2021年9月15日\n\n感谢您对“在机场管家”的关注！在机场管家软件（APP、应用小程序等）由上海机场国际旅行社有限公司（下称“机场国旅”或“我公司”）独立研发并运营，机场国旅对其享有完整的知识产权。\n\n机场国旅始终注重保护用户个人信息及隐私安全，我们理解您通过网络向我们提供信息是建立在对我们信任的基础上，我们重视这种信任，也深知隐私对您的重要性，并尽最大努力全力保护您的隐私。\n\n机场国旅承诺，我们将按照行业成熟的安全标准，采取相应的安全保护措施来保护您的个人信息。请您在使用“在机场管家”产品或服务前，仔细阅读并了解本《隐私政策》的内容，尤其是加粗字体内容。如果您不同意本隐私政策的任何内容，请立刻停止使用“在机场管家”软件。一旦您使用或继续使用“在机场管家”软件，即意味着您同意隐私政策的全部条款。\n依据相关法律法规之规定，制定本隐私政策。本政策将帮助您了解如下内容：\n\n您承诺，向“在机场管家”提供的信息真实、准确并经合法途径获得。如您向“在机场管家”提供的第三方个人信息（包括您员工及其他相关责任主体的个人信息），您确认已经获得合法授权，我们按本隐私政策使用和处理上述信息不违反任何法律、法规及侵犯第三方合法权益。\n1、我们收集和使用您个人信息的目的\n\n2、我们如何收集和使用您的个人信息\n\n3、我们如何保护您的个人信息\n\n4、未成年人的个人信息保护\n\n5、用户权利\n\n6、隐私政策更新\n\n7、法律适用与管辖\n\n8、联系我们\n\n一、我们收集和使用您个人信息的目的\n1、为了更好地为您提供服务，机场国旅将遵循“合理、相关、必要”原则，且以您同意为前提收集信息，不会收集法律法规禁止收集的信息。\n\n2、您在享受我公司提供的各项服务的同时，授权并同意我司向您的电子邮件、手机、通信地址发送产品/服务信息，包括但不限于我司最新的产品信息、促销信息。若您选择不接受我司提供的各类信息服务，您可以按照我司提供的相应设置拒绝该类信息服务。\n二、我们如何收集和使用您的个人信息\n（一）信息收集\n1、帮助您成为我们的用户：为完成“在机场管家”的用户注册，您需要提供您的身份信息（营业执照、身份证或其他身份信息的证明）用于真实身份验证。\n\n2、注册完成后，您后续更新或添加的个人信息。为保证完成交易及售后服务，您需要提供门店基本信息，包括门店名称、门店地址、联系人信息（联系人姓名、联系电话、电子邮箱）等。\n\n3、您在浏览、访问、使用“在机场管家”平台相关服务时填写您的个人信息。\n\n4、您通过我们的客服人员或其他渠道主动提交或反馈的信息，便于我们了解、评估服务质量、优化用户体验。\n\n5、我们将在您使用“在机场”服务过程中，自动收集您的个人信息：\n（1）日志信息，指您使用我们的服务时，系统可能通过cookies、web beacon或其他方式自动采集的信息，包括：1）设备标识信息或软件信息，例如您的IP地址和移动设备所用的版本和设备识别码（IDFA/IMEI）、MAC 地址、软件列表、以及通过网页浏览器、移动设备用于接入我们服务的配置信息。2）在使用我们服务时搜索或浏览的信息，例如您使用的网页或APP搜索词语、访问页面，以及您在使用我们服务时浏览或提供的其他信息。3）您通过我们的服务分享的内容所包含的信息，例如拍摄或上传的共享照片或评论，以及日期、时间等。\n（2）位置信息，指您开启设备定位功能并使用我们基于位置提供的相关服务时，收集的有关您的位置信息，例如通过GPS或WLAN等方式收集您的地理位置信息，或您提供账户信息中包含的您所在地区信息，您或其他人上传的显示您当前或曾经所处地理位置的共享信息等。您可以通过关闭定位功能，停止对您的地理位置信息的收集。\n6、为给您提供更加便利的服务，基于您的授权，我们可能从关联公司、业务合作伙伴来源获得您的相关信息。例如当您通过我们关联公司、业务合作伙伴网站及其移动应用软件等预订时，您向其提供的预订信息可能会转交给我们，以便我们处理您的订单，确保您顺利预订。又如，我们允许您使用社交媒体帐号关联我们的帐号进行登录，在您同意的情况下（您授权给该社交平台），您的相关个人信息会通过社交平台分享给我们。机场国旅将依据与关联公司、业务合作伙伴的约定，对这些个人信息来源的合法性进行确认。\n7、为了您能够使用地图服务、第三方支付服务、接收服务通知等功能，我们应用中会嵌入业务合作方的软件工具开发包（SDK），您同意将由其直接收集和处理您的个人信息。目前我们应用中包含的第三方SDK名录详见《第三方SDK详情》，内容含第三方SDK的名称、使用目的、收集个人信息类型和第三方SDK提供商的隐私政策。第三方SDK提供商将根据自身的隐私政策收集和处理您的个人信息，不适用本隐私政策，具体请以相关合作方最新公布的隐私政策内容为准。\n（二）个人信息使用\n1、为更好履行服务目的，我们将在获得您授权的前提下使用、披露您的个人信息。\n\n2、您可随时在个人中心查看您的个人基本信息。同时为避免您的设备被不当使用时可能造成您的信息泄露，我们可能会对您个人中心的手机号码、身份证明文件及号码等敏感信息设置加密功能按钮。\n\n3、在您使用“在机场管家”产品及服务期间，我们将保存您的信息，直至您提出注销账户或删除信息的要求。在您本人提出注销账户或删除信息的要求后，我们将删除您在在机场平台的个人授权信息。\n4、您充分知晓，以下情形下我们使用、披露您的个人信息无需征得您的授权同意：\n\n（1）根据现行有效的法律法规及相关政策的规定或司法/行政机关强制性要求；\n（2）基于法律法规的规定，为实现社会公共利益而使用；\n（3）法律法规允许的前提下，为维护机场国旅及服务相关方自身利益不受侵害的情形。\n5、个人敏感信息特别提示：\n您的特别指向性个人信息，例如您的身份证明信息、电话号码、行迹轨迹、位置信息等属于您个人敏感性信息。在提供此类信息时，您需谨慎考虑，同时机场国旅将征得您的同意，并对您的个人敏感信息通过技术方式严格保护，您同意这些信息将按照本隐私政策所述明的目的和方式来处理。您有权不提供此类信息，但因您未能提供或提供的信息不完整、不准确，可能导致我们无法向您提供部分或全部服务或影响服务提供质量。\n三、我们如何保护您的个人信息\n1、我们将尽合理的技术努力，使用符合业界标准的安全防护措施保障您的个人信息安全，防止数据遭到未经授权的访问、公开披露或毁损。\n\n2、我们努力为您提供信息保护，采取了合适的管理、技术及物理安全措施，并设置合理的权限来规范访问、使用、披露您个人信息的程序。我们对可能接触到您个人信息的部门和员工制定了严格的管理规范，并定期进行信息安全培训。\n3、我们从数据的生命周期角度出发，在数据收集、存储、显示、处理、使用、销毁等各个环节建立安全防护措施，并根据信息敏感程度的级别采取不同的控制措施。\n\n4、互联网环境并非百分之百安全，我们将尽力确保您发送给我们的信息的安全性。尽管有前述的安全措施，但请您理解机场国旅不能完全避免与个人信息相关的安全风险。\n5、请您协助我们保护您的个人信息安全，请不要泄露您的个人账户密码，或通过社交媒体平台随意分享您使用相关服务时的截图信息。我们建议您在分享过程中，请注意遮盖敏感信息内容。如果您发现自己的个人信息泄露，请您立即与我们客服联系，以便我们采取相应的措施。\n6、我们只会在达成本政策所述目的所需的期限内保留您的个人信息，除非需要延保留期或受到法律的允许。\n\n四、未成年人的个人信息保护\n1、未成年人在使用“在机场”平台产品或服务时须征得监护人的同意，并在监护人的陪同下使用“在机场”软件。\n2、对于经监护人同意而收集的未成年人的信息，我们只会在受到法律允许、监护人明确同意或为保护未成年人所必要的情况下使用或公开披露此信息。\n3、如未成年人未经其监护人的同意使用“在机场”服务，监护人有权及时与我们联系，并拒绝进一步收集未成年人的个人信息，或要求删除未成年人的个人信息。\n五、用户权利\n按照中国相关法律、法规，以及其他国家、地区通行做法，我们保障您对自己个人信息行使如下权利：\n1、访问您的个人信息。\n\n2、更正您的个人信息。\n\n3、向我们提出删除您个人信息的请求。我们提醒您，如您的服务正在进行中，该行为可能会影响您继续享受该服务或服务质量将会受到影响。\n\n4、改变您授权同意的范围。\n\n5、注销您的“在机场管家”平台账户信息。\n\n6、其他情形。\n\n六、隐私政策更新\n隐私政策可能随着法律法规或相关政策以及我们服务内容的变动而发生变更。如因前述原因导致本隐私政策内容发生变化，我们会在本页面发布更新后的条款，并对变更内容加粗提示。对于可能影响您个人信息收集或披露内容的修订，我们还会提供更为显著的通知（包括站内信或电子邮件等方式）。\n七、法律适用与管辖\n1、本隐私政策的成立、生效、履行、解释及纠纷解决均受到中华人民共和国大陆地区法律（不包含冲突法）管辖。\n2、您与机场国旅就本隐私政策或其他有关事项发生的争议，应首先友好协商解决；协商不成，任意一方有权向机场国旅所在地有管辖权的人民法院提起诉讼解决。\n八、联系我们\n如果您对隐私政策中有关用户权利以及个人信息收集、保护、使用等存在任何疑问，请与我们联系，我们将在不超过15个工作日内受理并处理您的诉求。联系方式如下：\n\n公司名称：上海机场国际旅行社有限公司\n\n联系地址：上海市长宁区天山西路799号703室\n\n客服电话：4008203106\n",
    "is_popular": true,
    "policy_html_source_code_clean": "在机场管家隐私政策\n<body>\n<section>\n\t\t发布日期：2021年9月15日\n\t\t<br/>\n\t\t生效日期：2021年9月15日\n\t</section>\n<section>\n\t\t感谢您对“在机场管家”的关注！在机场管家软件（APP、应用小程序等）由上海机场国际旅行社有限公司（下称“机场国旅”或“我公司”）独立研发并运营，机场国旅对其享有完整的知识产权。\n\t\t<br/>\n\t\t机场国旅始终注重保护用户个人信息及隐私安全，我们理解您通过网络向我们提供信息是建立在对我们信任的基础上，我们重视这种信任，也深知隐私对您的重要性，并尽最大努力全力保护您的隐私。\n\t</section>\n<section>\n<strong>机场国旅承诺，我们将按照行业成熟的安全标准，采取相应的安全保护措施来保护您的个人信息。请您在使用“在机场管家”产品或服务前，仔细阅读并了解本《隐私政策》的内容，尤其是加粗字体内容。如果您不同意本隐私政策的任何内容，请立刻停止使用“在机场管家”软件。一旦您使用或继续使用“在机场管家”软件，即意味着您同意隐私政策的全部条款。</strong>\n<br/>\n\t\t依据相关法律法规之规定，制定本隐私政策。本政策将帮助您了解如下内容：\n\t\t<br/>\n<strong>您承诺，向“在机场管家”提供的信息真实、准确并经合法途径获得。如您向“在机场管家”提供的第三方个人信息（包括您员工及其他相关责任主体的个人信息），您确认已经获得合法授权，我们按本隐私政策使用和处理上述信息不违反任何法律、法规及侵犯第三方合法权益。</strong>\n<br/>\n\t\t1、我们收集和使用您个人信息的目的\n\t\t<br/>\n\t\t2、我们如何收集和使用您的个人信息\n\t\t<br/>\n\t\t3、我们如何保护您的个人信息\n\t\t<br/>\n\t\t4、未成年人的个人信息保护\n\t\t<br/>\n\t\t5、用户权利\n\t\t<br/>\n\t\t6、隐私政策更新\n\t\t<br/>\n\t\t7、法律适用与管辖\n    <br/>\n    8、联系我们\n\t</section>\n<section>\n<strong>一、我们收集和使用您个人信息的目的</strong>\n<br/>\n\t\t1、为了更好地为您提供服务，机场国旅将遵循<strong>“合理、相关、必要”</strong>原则，且以您同意为前提收集信息，不会收集法律法规禁止收集的信息。\n\t\t<br/>\n\t\t2、您在享受我公司提供的各项服务的同时，<strong>授权并同意我司向您的电子邮件、手机、通信地址发送产品/服务信息，包括但不限于我司最新的产品信息、促销信息。若您选择不接受我司提供的各类信息服务，您可以按照我司提供的相应设置拒绝该类信息服务。</strong>\n<br/>\n<strong>二、我们如何收集和使用您的个人信息</strong>\n<br/>\n<strong>（一）信息收集</strong>\n<br/>\n\t\t1、帮助您成为我们的用户：为完成“在机场管家”的用户注册，您需要提供您的身份信息（营业执照、身份证或其他身份信息的证明）用于真实身份验证。\n\t\t<br/>\n\t\t2、注册完成后，您后续更新或添加的个人信息。为保证完成交易及售后服务，您需要提供门店基本信息，包括门店名称、门店地址、联系人信息（联系人姓名、联系电话、电子邮箱）等。\n\t\t<br/>\n\t\t3、您在浏览、访问、使用“在机场管家”平台相关服务时填写您的个人信息。\n\t\t<br/>\n\t\t4、您通过我们的客服人员或其他渠道主动提交或反馈的信息，便于我们了解、评估服务质量、优化用户体验。\n\t\t<br/>\n<strong>5、我们将在您使用“在机场”服务过程中，自动收集您的个人信息：</strong>\n<p><strong>（1）日志信息，指您使用我们的服务时，系统可能通过cookies、web beacon或其他方式自动采集的信息，包括：1）设备标识信息或软件信息，例如您的IP地址和移动设备所用的版本和设备识别码（IDFA/IMEI）、MAC 地址、软件列表、以及通过网页浏览器、移动设备用于接入我们服务的配置信息。2）在使用我们服务时搜索或浏览的信息，例如您使用的网页或APP搜索词语、访问页面，以及您在使用我们服务时浏览或提供的其他信息。3）您通过我们的服务分享的内容所包含的信息，例如拍摄或上传的共享照片或评论，以及日期、时间等。</strong></p>\n<p><strong>（2）位置信息，指您开启设备定位功能并使用我们基于位置提供的相关服务时，收集的有关您的位置信息，例如通过GPS或WLAN等方式收集您的地理位置信息，或您提供账户信息中包含的您所在地区信息，您或其他人上传的显示您当前或曾经所处地理位置的共享信息等。您可以通过关闭定位功能，停止对您的地理位置信息的收集。</strong></p>\n<strong>6、为给您提供更加便利的服务，基于您的授权，我们可能从关联公司、业务合作伙伴来源获得您的相关信息。例如当您通过我们关联公司、业务合作伙伴网站及其移动应用软件等预订时，您向其提供的预订信息可能会转交给我们，以便我们处理您的订单，确保您顺利预订。又如，我们允许您使用社交媒体帐号关联我们的帐号进行登录，在您同意的情况下（您授权给该社交平台），您的相关个人信息会通过社交平台分享给我们。机场国旅将依据与关联公司、业务合作伙伴的约定，对这些个人信息来源的合法性进行确认。</strong>\n<br/>\n<strong>7、为了您能够使用地图服务、第三方支付服务、接收服务通知等功能，我们应用中会嵌入业务合作方的软件工具开发包（SDK），您同意将由其直接收集和处理您的个人信息。目前我们应用中包含的第三方SDK名录详见《第三方SDK详情》，内容含第三方SDK的名称、使用目的、收集个人信息类型和第三方SDK提供商的隐私政策。第三方SDK提供商将根据自身的隐私政策收集和处理您的个人信息，不适用本隐私政策，具体请以相关合作方最新公布的隐私政策内容为准。</strong>\n<br/>\n<strong>（二）个人信息使用</strong>\n<br/>\n\t\t1、为更好履行服务目的，我们将在获得您授权的前提下使用、披露您的个人信息。\n\t\t<br/>\n\t\t2、您可随时在个人中心查看您的个人基本信息。同时为避免您的设备被不当使用时可能造成您的信息泄露，我们可能会对您个人中心的手机号码、身份证明文件及号码等敏感信息设置加密功能按钮。\n\t\t<br/>\n<strong>3、在您使用“在机场管家”产品及服务期间，我们将保存您的信息，直至您提出注销账户或删除信息的要求。在您本人提出注销账户或删除信息的要求后，我们将删除您在在机场平台的个人授权信息。</strong>\n<br/>\n\t\t4、您充分知晓，以下情形下我们使用、披露您的个人信息无需征得您的授权同意：\n\t\t<p>（1）根据现行有效的法律法规及相关政策的规定或司法/行政机关强制性要求；</p>\n<p>（2）基于法律法规的规定，为实现社会公共利益而使用；</p>\n<p>（3）法律法规允许的前提下，为维护机场国旅及服务相关方自身利益不受侵害的情形。</p>\n<strong>5、个人敏感信息特别提示：</strong>\n<br/>\n<strong>您的特别指向性个人信息，例如您的身份证明信息、电话号码、行迹轨迹、位置信息等属于您个人敏感性信息。在提供此类信息时，您需谨慎考虑，同时机场国旅将征得您的同意，并对您的个人敏感信息通过技术方式严格保护，您同意这些信息将按照本隐私政策所述明的目的和方式来处理。您有权不提供此类信息，但因您未能提供或提供的信息不完整、不准确，可能导致我们无法向您提供部分或全部服务或影响服务提供质量。</strong>\n<br/>\n<strong>三、我们如何保护您的个人信息</strong>\n<br/>\n\t\t1、我们将尽合理的技术努力，使用符合业界标准的安全防护措施保障您的个人信息安全，防止数据遭到未经授权的访问、公开披露或毁损。\n\t\t<br/>\n<strong>2、我们努力为您提供信息保护，采取了合适的管理、技术及物理安全措施，并设置合理的权限来规范访问、使用、披露您个人信息的程序。我们对可能接触到您个人信息的部门和员工制定了严格的管理规范，并定期进行信息安全培训。</strong>\n<br/>\n\t\t3、我们从数据的生命周期角度出发，在数据收集、存储、显示、处理、使用、销毁等各个环节建立安全防护措施，并根据信息敏感程度的级别采取不同的控制措施。\n\t\t<br/>\n<strong>4、互联网环境并非百分之百安全，我们将尽力确保您发送给我们的信息的安全性。尽管有前述的安全措施，但请您理解机场国旅不能完全避免与个人信息相关的安全风险。</strong>\n<br/>\n<strong>5、请您协助我们保护您的个人信息安全，请不要泄露您的个人账户密码，或通过社交媒体平台随意分享您使用相关服务时的截图信息。我们建议您在分享过程中，请注意遮盖敏感信息内容。如果您发现自己的个人信息泄露，请您立即与我们客服联系，以便我们采取相应的措施。</strong>\n<br/>\n\t\t6、我们只会在达成本政策所述目的所需的期限内保留您的个人信息，除非需要延保留期或受到法律的允许。\n\t\t<br/>\n<strong>四、未成年人的个人信息保护</strong>\n<br/>\n<strong>1、未成年人在使用“在机场”平台产品或服务时须征得监护人的同意，并在监护人的陪同下使用“在机场”软件。</strong>\n<br/>\n<strong>2、对于经监护人同意而收集的未成年人的信息，我们只会在受到法律允许、监护人明确同意或为保护未成年人所必要的情况下使用或公开披露此信息。</strong>\n<br/>\n<strong>3、如未成年人未经其监护人的同意使用“在机场”服务，监护人有权及时与我们联系，并拒绝进一步收集未成年人的个人信息，或要求删除未成年人的个人信息。</strong>\n<br/>\n<strong>五、用户权利</strong>\n<br/>\n\t\t按照中国相关法律、法规，以及其他国家、地区通行做法，<strong>我们保障您对自己个人信息行使如下权利：</strong>\n<br/>\n\t\t1、访问您的个人信息。\n\t\t<br/>\n\t\t2、更正您的个人信息。\n\t\t<br/>\n\t\t3、向我们提出删除您个人信息的请求。我们提醒您，如您的服务正在进行中，该行为可能会影响您继续享受该服务或服务质量将会受到影响。\n\t\t<br/>\n\t\t4、改变您授权同意的范围。\n\t\t<br/>\n\t\t5、注销您的“在机场管家”平台账户信息。\n\t\t<br/>\n\t\t6、其他情形。\n\t\t<br/>\n<strong>六、隐私政策更新</strong>\n<br/>\n<strong>隐私政策可能随着法律法规或相关政策以及我们服务内容的变动而发生变更。如因前述原因导致本隐私政策内容发生变化，我们会在本页面发布更新后的条款，并对变更内容加粗提示。对于可能影响您个人信息收集或披露内容的修订，我们还会提供更为显著的通知（包括站内信或电子邮件等方式）。</strong>\n<br/>\n<strong>七、法律适用与管辖</strong>\n<br/>\n<strong>1、本隐私政策的成立、生效、履行、解释及纠纷解决均受到中华人民共和国大陆地区法律（不包含冲突法）管辖。</strong>\n<br/>\n<strong>2、您与机场国旅就本隐私政策或其他有关事项发生的争议，应首先友好协商解决；协商不成，任意一方有权向机场国旅所在地有管辖权的人民法院提起诉讼解决。</strong>\n<br/>\n<strong>八、联系我们</strong>\n<br/>\n    如果您对隐私政策中有关用户权利以及个人信息收集、保护、使用等存在任何疑问，请与我们联系，我们将在不超过15个工作日内受理并处理您的诉求。联系方式如下：\n    <br/>\n    公司名称：上海机场国际旅行社有限公司\n    <br/>\n    联系地址：上海市长宁区天山西路799号703室\n    <br/>\n    客服电话：4008203106\n\t</section>\n</body>",
    "policy_text_clean": "在机场管家隐私政策\n发布日期：2021年9月15日\n\n生效日期：2021年9月15日\n\n感谢您对“在机场管家”的关注！在机场管家软件（APP、应用小程序等）由上海机场国际旅行社有限公司（下称“机场国旅”或“我公司”）独立研发并运营，机场国旅对其享有完整的知识产权。\n\n机场国旅始终注重保护用户个人信息及隐私安全，我们理解您通过网络向我们提供信息是建立在对我们信任的基础上，我们重视这种信任，也深知隐私对您的重要性，并尽最大努力全力保护您的隐私。\n\n机场国旅承诺，我们将按照行业成熟的安全标准，采取相应的安全保护措施来保护您的个人信息。请您在使用“在机场管家”产品或服务前，仔细阅读并了解本《隐私政策》的内容，尤其是加粗字体内容。如果您不同意本隐私政策的任何内容，请立刻停止使用“在机场管家”软件。一旦您使用或继续使用“在机场管家”软件，即意味着您同意隐私政策的全部条款。\n依据相关法律法规之规定，制定本隐私政策。本政策将帮助您了解如下内容：\n\n您承诺，向“在机场管家”提供的信息真实、准确并经合法途径获得。如您向“在机场管家”提供的第三方个人信息（包括您员工及其他相关责任主体的个人信息），您确认已经获得合法授权，我们按本隐私政策使用和处理上述信息不违反任何法律、法规及侵犯第三方合法权益。\n1、我们收集和使用您个人信息的目的\n\n2、我们如何收集和使用您的个人信息\n\n3、我们如何保护您的个人信息\n\n4、未成年人的个人信息保护\n\n5、用户权利\n\n6、隐私政策更新\n\n7、法律适用与管辖\n\n8、联系我们\n\n一、我们收集和使用您个人信息的目的\n1、为了更好地为您提供服务，机场国旅将遵循“合理、相关、必要”原则，且以您同意为前提收集信息，不会收集法律法规禁止收集的信息。\n\n2、您在享受我公司提供的各项服务的同时，授权并同意我司向您的电子邮件、手机、通信地址发送产品/服务信息，包括但不限于我司最新的产品信息、促销信息。若您选择不接受我司提供的各类信息服务，您可以按照我司提供的相应设置拒绝该类信息服务。\n二、我们如何收集和使用您的个人信息\n（一）信息收集\n1、帮助您成为我们的用户：为完成“在机场管家”的用户注册，您需要提供您的身份信息（营业执照、身份证或其他身份信息的证明）用于真实身份验证。\n\n2、注册完成后，您后续更新或添加的个人信息。为保证完成交易及售后服务，您需要提供门店基本信息，包括门店名称、门店地址、联系人信息（联系人姓名、联系电话、电子邮箱）等。\n\n3、您在浏览、访问、使用“在机场管家”平台相关服务时填写您的个人信息。\n\n4、您通过我们的客服人员或其他渠道主动提交或反馈的信息，便于我们了解、评估服务质量、优化用户体验。\n\n5、我们将在您使用“在机场”服务过程中，自动收集您的个人信息：\n（1）日志信息，指您使用我们的服务时，系统可能通过cookies、web beacon或其他方式自动采集的信息，包括：1）设备标识信息或软件信息，例如您的IP地址和移动设备所用的版本和设备识别码（IDFA/IMEI）、MAC 地址、软件列表、以及通过网页浏览器、移动设备用于接入我们服务的配置信息。2）在使用我们服务时搜索或浏览的信息，例如您使用的网页或APP搜索词语、访问页面，以及您在使用我们服务时浏览或提供的其他信息。3）您通过我们的服务分享的内容所包含的信息，例如拍摄或上传的共享照片或评论，以及日期、时间等。\n（2）位置信息，指您开启设备定位功能并使用我们基于位置提供的相关服务时，收集的有关您的位置信息，例如通过GPS或WLAN等方式收集您的地理位置信息，或您提供账户信息中包含的您所在地区信息，您或其他人上传的显示您当前或曾经所处地理位置的共享信息等。您可以通过关闭定位功能，停止对您的地理位置信息的收集。\n6、为给您提供更加便利的服务，基于您的授权，我们可能从关联公司、业务合作伙伴来源获得您的相关信息。例如当您通过我们关联公司、业务合作伙伴网站及其移动应用软件等预订时，您向其提供的预订信息可能会转交给我们，以便我们处理您的订单，确保您顺利预订。又如，我们允许您使用社交媒体帐号关联我们的帐号进行登录，在您同意的情况下（您授权给该社交平台），您的相关个人信息会通过社交平台分享给我们。机场国旅将依据与关联公司、业务合作伙伴的约定，对这些个人信息来源的合法性进行确认。\n7、为了您能够使用地图服务、第三方支付服务、接收服务通知等功能，我们应用中会嵌入业务合作方的软件工具开发包（SDK），您同意将由其直接收集和处理您的个人信息。目前我们应用中包含的第三方SDK名录详见《第三方SDK详情》，内容含第三方SDK的名称、使用目的、收集个人信息类型和第三方SDK提供商的隐私政策。第三方SDK提供商将根据自身的隐私政策收集和处理您的个人信息，不适用本隐私政策，具体请以相关合作方最新公布的隐私政策内容为准。\n（二）个人信息使用\n1、为更好履行服务目的，我们将在获得您授权的前提下使用、披露您的个人信息。\n\n2、您可随时在个人中心查看您的个人基本信息。同时为避免您的设备被不当使用时可能造成您的信息泄露，我们可能会对您个人中心的手机号码、身份证明文件及号码等敏感信息设置加密功能按钮。\n\n3、在您使用“在机场管家”产品及服务期间，我们将保存您的信息，直至您提出注销账户或删除信息的要求。在您本人提出注销账户或删除信息的要求后，我们将删除您在在机场平台的个人授权信息。\n4、您充分知晓，以下情形下我们使用、披露您的个人信息无需征得您的授权同意：\n\n（1）根据现行有效的法律法规及相关政策的规定或司法/行政机关强制性要求；\n（2）基于法律法规的规定，为实现社会公共利益而使用；\n（3）法律法规允许的前提下，为维护机场国旅及服务相关方自身利益不受侵害的情形。\n5、个人敏感信息特别提示：\n您的特别指向性个人信息，例如您的身份证明信息、电话号码、行迹轨迹、位置信息等属于您个人敏感性信息。在提供此类信息时，您需谨慎考虑，同时机场国旅将征得您的同意，并对您的个人敏感信息通过技术方式严格保护，您同意这些信息将按照本隐私政策所述明的目的和方式来处理。您有权不提供此类信息，但因您未能提供或提供的信息不完整、不准确，可能导致我们无法向您提供部分或全部服务或影响服务提供质量。\n三、我们如何保护您的个人信息\n1、我们将尽合理的技术努力，使用符合业界标准的安全防护措施保障您的个人信息安全，防止数据遭到未经授权的访问、公开披露或毁损。\n\n2、我们努力为您提供信息保护，采取了合适的管理、技术及物理安全措施，并设置合理的权限来规范访问、使用、披露您个人信息的程序。我们对可能接触到您个人信息的部门和员工制定了严格的管理规范，并定期进行信息安全培训。\n3、我们从数据的生命周期角度出发，在数据收集、存储、显示、处理、使用、销毁等各个环节建立安全防护措施，并根据信息敏感程度的级别采取不同的控制措施。\n\n4、互联网环境并非百分之百安全，我们将尽力确保您发送给我们的信息的安全性。尽管有前述的安全措施，但请您理解机场国旅不能完全避免与个人信息相关的安全风险。\n5、请您协助我们保护您的个人信息安全，请不要泄露您的个人账户密码，或通过社交媒体平台随意分享您使用相关服务时的截图信息。我们建议您在分享过程中，请注意遮盖敏感信息内容。如果您发现自己的个人信息泄露，请您立即与我们客服联系，以便我们采取相应的措施。\n6、我们只会在达成本政策所述目的所需的期限内保留您的个人信息，除非需要延保留期或受到法律的允许。\n\n四、未成年人的个人信息保护\n1、未成年人在使用“在机场”平台产品或服务时须征得监护人的同意，并在监护人的陪同下使用“在机场”软件。\n2、对于经监护人同意而收集的未成年人的信息，我们只会在受到法律允许、监护人明确同意或为保护未成年人所必要的情况下使用或公开披露此信息。\n3、如未成年人未经其监护人的同意使用“在机场”服务，监护人有权及时与我们联系，并拒绝进一步收集未成年人的个人信息，或要求删除未成年人的个人信息。\n五、用户权利\n按照中国相关法律、法规，以及其他国家、地区通行做法，我们保障您对自己个人信息行使如下权利：\n1、访问您的个人信息。\n\n2、更正您的个人信息。\n\n3、向我们提出删除您个人信息的请求。我们提醒您，如您的服务正在进行中，该行为可能会影响您继续享受该服务或服务质量将会受到影响。\n\n4、改变您授权同意的范围。\n\n5、注销您的“在机场管家”平台账户信息。\n\n6、其他情形。\n\n六、隐私政策更新\n隐私政策可能随着法律法规或相关政策以及我们服务内容的变动而发生变更。如因前述原因导致本隐私政策内容发生变化，我们会在本页面发布更新后的条款，并对变更内容加粗提示。对于可能影响您个人信息收集或披露内容的修订，我们还会提供更为显著的通知（包括站内信或电子邮件等方式）。\n七、法律适用与管辖\n1、本隐私政策的成立、生效、履行、解释及纠纷解决均受到中华人民共和国大陆地区法律（不包含冲突法）管辖。\n2、您与机场国旅就本隐私政策或其他有关事项发生的争议，应首先友好协商解决；协商不成，任意一方有权向机场国旅所在地有管辖权的人民法院提起诉讼解决。\n八、联系我们\n如果您对隐私政策中有关用户权利以及个人信息收集、保护、使用等存在任何疑问，请与我们联系，我们将在不超过15个工作日内受理并处理您的诉求。联系方式如下：\n\n公司名称：上海机场国际旅行社有限公司\n\n联系地址：上海市长宁区天山西路799号703室\n\n客服电话：4008203106\n"
}