{
    "app_id": "C105172493",
    "app_name": "短腿熊旅行",
    "app_version": "1.1.22",
    "app_download_num_description": "<1 万次安装",
    "app_package_name": "com.dtx.tour",
    "app_score": 0.0,
    "app_package_size": "35.5 MB",
    "app_package_size_precise": 37180667,
    "app_icon_url": "https://appimg.dbankcdn.com/application/icon144/29f65bc85f3d46709b1b00662db10d3e.png",
    "app_developer": "灵川县短腿熊旅游咨询服务有限公司",
    "app_update_time": "2022-07-26",
    "app_update_description": null,
    "app_description": "短腿熊旅行是桂林去往文化旅游投资有限公司投资开发的旅游互联网+平台，短腿熊旅行是新生代年轻人所崇尚的自由行旅游新体验服务平台，在陌生而又复杂的梦想去往之地，预约一个最懂自己需求的当地人作贴心向导，给自己的梦幻之旅加冕一段愉悦的社交式体验，何乐而不为？短腿熊旅行提倡并追求高质量的旅行体验，又能对旅游环境起有效的规范作用，让每一位游客在获得愉悦旅行体验的同时，也对当地旅游及人文环境有了新的认知，共同践行社会文明公约。",
    "app_policy_url": "https://www.duantuixiong.com/h5/index/detail?id=7",
    "app_listed_permission": "1.完全的网络访问权限\n2.修改或删除存储卡中的内容\n3.查看 Wi-Fi 连接\n4.访问大致位置信息（使用网络进行定位）\n5.访问确切位置信息（使用 GPS 和网络进行定位）\n6.拨打电话\n7.相机\n8.更改网络连接性\n9.连接 Wi-Fi 或断开连接\n10.录制音频\n11.显示在其他应用上面\n12.修改系统设置\n13.读取通话状态和移动网络信息\n14.获取额外的位置信息提供程序命令\n15.读取存储卡中的内容\n16.读取电话号码",
    "app_listed_permission_description": "1.允许该应用创建网络套接字和使用自定义网络协议。浏览器和其他某些应用提供了向互联网发送数据的途径，因此应用无需该权限即可向互联网发送数据。\n2.允许应用修改或删除存储卡上的照片、媒体内容和文件。\n3.允许该应用查看 Wi-Fi 网络的相关信息，例如是否开启 Wi-Fi 及已连接的 Wi-Fi 设备名称。\n4.允许应用基于基站、 Wi-Fi 等网络源获取位置信息。\n5.允许应用基于GPS、基站、 Wi-Fi 等网络源获取位置信息。这可能会增加耗电量。\n6.允许应用自动拨打电话。\n7.允许应用拍摄照片和视频。\n8.允许该应用更改网络连接的状态。\n9.允许应用与 Wi-Fi 接入点建立和断开连接，并更改 Wi-Fi 网络的设备配置。\n10.允许应用录制音频。\n11.显示弹框、全屏界面到其他应用上面\n12.修改设置应用中的设置项\n13.允许应用获取本机号码、通话状态以及拨打的号码。\n14.允许应用访问额外的位置提供程序命令。此权限可让该应用干扰 GPS 或其他位置源的运行。\n15.允许应用读取存储卡上的照片、媒体内容和文件。\n16.允许应用访问设备上的电话号码。",
    "app_category": [
        "旅游住宿"
    ],
    "app_subcategory": [
        "旅游",
        "热门"
    ],
    "app_APK_url": "https://appgallery.cloud.huawei.com/appdl/C105172493",
    "app_APK_name": "C105172493-1.1.22.apk",
    "app_policy_name": "C105172493-1.1.22.txt",
    "policy_html_source_code": "<html><head>\n    <meta charset=\"UTF-8\">\n    <meta name=\"viewport\" content=\"width=device-width,user-scalable=no\">\n    <title>用户隐私权政策</title>\n    <link rel=\"stylesheet\" href=\"https://unpkg.com/element-ui/lib/theme-chalk/index.css\">\n    <link rel=\"stylesheet\" href=\"/static/css/ccUI.css?v=1678103044\">\n    <script>\n        var id = 7;\n\n    </script>\n</head>\n<body>\n<div id=\"app\"><div class=\"padding-20\"><div><p style=\"line-height: 150%; text-align: center;\"><span style=\"color: rgb(0, 0, 0);\"><strong><span style=\"font-size: 14px; font-family: 宋体;\"><span style=\"font-family: 宋体; font-size: 14px;\">短腿熊旅行</span>隐私政策</span></strong></span></p><p style=\"line-height: 150%;\"><span style=\"color: rgb(0, 0, 0);\"><strong><span style=\"font-size: 14px; font-family: 宋体;\"><br></span></strong></span></p><p style=\"line-height: 150%;\"><span style=\"color: rgb(0, 0, 0); font-size: 14px; font-family: 宋体;\">更新日期：2022年4月13日</span></p><p style=\"line-height: 150%;\"><span style=\"color: rgb(0, 0, 0); font-size: 14px; font-family: 宋体;\">生效日期：<span style=\"font-size: 14px; font-family: 宋体;\">2022年4月13日</span></span></p><p style=\"line-height: 150%;\"><span style=\"color: rgb(0, 0, 0); font-size: 14px; font-family: 宋体;\"><br></span></p><p style=\"line-height:150%\"><span style=\"font-family: 宋体; font-size: 14px; color: rgb(0, 0, 0);\"><span style=\"font-size: 14px; color: rgb(12, 12, 12); font-family: 宋体;\">【灵川县短腿熊旅游咨询服务有限公司】（以下简称</span>“我们或短腿熊旅行”）深知个人信息对您的重要性，并会尽全力保护您的个人信息安全可靠。我们致力于维持您对我们的信任，恪守以下原则，保护您的个人信息：权责一致原则、目的明确原则、选择同意原则、最少够用原则、确保安全原则、主体参与原则、公开透明原则等。同时，我们承诺，我们将按业界成熟的安全标准，采取相应的安全保护措施来保护您的个人信息。</span></p><p style=\"line-height:150%\"><span style=\"font-family: 宋体; font-size: 14px; color: rgb(0, 0, 0);\">请在使用我们的产品（或服务）前，仔细阅读并了解本《隐私权政策》。</span></p><p style=\"line-height:150%\"><span style=\"font-family: 宋体; font-size: 14px; color: rgb(0, 0, 0);\">&nbsp;</span></p><p style=\"line-height:150%\"><span style=\"color: rgb(0, 0, 0);\"><strong><span style=\"font-size: 14px; color: rgb(12, 12, 12); font-family: 宋体;\">我们如何收集和使用您的个人信息</span></strong></span></p><p style=\"line-height:150%\"><span style=\"font-family: 宋体; font-size: 14px; color: rgb(0, 0, 0);\">个人信息是指以电子或者其他方式记录的能够单独或者与其他信息结合识别特定自然人身份或者反映特定自然人活动情况的各种信息。</span></p><p style=\"line-height:150%\"><span style=\"font-family: 宋体; font-size: 14px; color: rgb(0, 0, 0);\">我们仅会出于本政策所述的以下目的，收集和使用您的个人信息：</span></p><p style=\"line-height:150%\"><span style=\"color: rgb(0, 0, 0);\"><strong><span style=\"font-family: 宋体; font-size: 14px; color: rgb(12, 12, 12);\">1.注册成为用户</span></strong></span></p><p style=\"line-height:150%\"><span style=\"text-decoration: underline; color: rgb(0, 0, 0);\"><strong><span style=\"text-decoration: underline; font-family: 宋体; font-size: 14px; color: rgb(12, 12, 12);\">为完成创建账号，您需提供以下信息：您的姓名、电子邮箱地址、创建的用户名和密码等信息。</span></strong></span></p><p style=\"line-height:150%\"><span style=\"font-family: 宋体; font-size: 14px; color: rgb(0, 0, 0);\">在注册过程中，如果您提供以下额外信息，将有助于我们给您提供更好的服务和体验：手机号、工作职位、公司、教育背景等。但如果您不提供这些信息，将不会影响使用本服务的基本功能。</span></p><p style=\"line-height:150%\"><span style=\"font-family: 宋体; font-size: 14px; color: rgb(0, 0, 0);\">您提供的上述信息，将在您使用本服务期间持续授权我们使用。在您注销账号时，我们将停止使用并删除上述信息。</span></p><p style=\"line-height:150%\"><span style=\"font-family: 宋体; font-size: 14px; color: rgb(0, 0, 0);\">上述信息将存储于中华人民共和国境内。如需跨境传输，我们将会单独征得您的授权同意。</span></p><p style=\"line-height:150%\"><span style=\"font-family: 宋体; font-size: 14px; color: rgb(0, 0, 0);\">&nbsp;</span></p><p style=\"line-height:150%\"><span style=\"font-family: 宋体; font-size: 14px; color: rgb(0, 0, 0);\">2.内部数据分析和研究，第三方SDK统计服务，改善我们的产品或服务</span></p><p style=\"line-height:150%\"><span style=\"color: rgb(0, 0, 0);\"><span style=\"font-family: 宋体; font-size: 14px; color: rgb(12, 12, 12);\">我们收集数据是根据您与我们的互动和您所做出的选择，包括您的隐私设置以及您使用的产品和功能。</span><span style=\"font-family: 宋体; font-size: 14px; color: rgb(12, 12, 12); text-decoration: underline;\"><strong>我们收集的数据可能包括SDK/API/JS代码版本、浏览器、互联网服务提供商、IP地址、平台、时间戳、应用标识符、应用程序版本、应用分发渠道、独立设备标识符、iOS广告标识符（IDFA)、安卓广告主标识符、网卡（MAC）地址、国际移动设备识别码（IMEI）、设备型号、终端制造厂商、终端设备操作系统版本、会话启动/停止时间、语言所在地、时区和网络状态（WiFi等）、硬盘、CPU和电池使用情况等</strong></span><span style=\"font-family: 宋体; font-size: 14px; color: rgb(12, 12, 12);\">。</span></span></p><p style=\"line-height:150%\"><span style=\"font-family: 宋体; font-size: 14px; color: rgb(0, 0, 0);\">3.<span style=\"font-family: 宋体; font-size: 14px;\">我们的产品基于DCloud uni-app(5+ App/Wap2App)开发，应用运行期间需要收集您的设备唯一识别码（IMEI/android ID/DEVICE_ID/IDFA、SIM 卡 IMSI 信息、OAID）以提供统计分析服务，并通过应用启动数据及异常错误日志分析改进性能和用户体验，为用户提供更好的服务。</span></span></p><p style=\"line-height:150%\"><span style=\"font-family: 宋体; font-size: 14px; color: rgb(0, 0, 0);\"><span style=\"font-family: 宋体; font-size: 14px;\"><br></span></span></p><p style=\"white-space: normal; line-height: 24px;\"><span style=\"color: rgb(12, 12, 12); font-family: 宋体; font-size: 14px;\"><strong>关于获取用户储存权限说明</strong><br></span></p><p style=\"white-space: normal; line-height: 24px;\"><span style=\"font-family: 宋体; font-size: 14px;\">获取用户的储存权限：</span></p><p style=\"white-space: normal; line-height: 24px;\"><span style=\"text-decoration-line: underline;\"><strong><span style=\"font-family: 宋体; font-size: 14px;\">目的：为帮助用户更好的使用发布动态、交流通信、保存图片时获取存储信息。</span></strong></span></p><p style=\"white-space: normal; line-height: 24px;\"><span style=\"text-decoration-line: underline;\"><strong><span style=\"font-family: 宋体; font-size: 14px;\">使用范围：即时通讯、动态发布、更换头像。</span></strong></span></p><p style=\"white-space: normal; line-height: 24px;\"><span style=\"text-decoration-line: underline;\"><strong><span style=\"font-family: 宋体; font-size: 14px;\">方式：我们会搜集摄像头、相册、媒体和文件等敏感信息及申请储存权限。</span></strong></span></p><p style=\"white-space: normal; line-height: 24px;\"><span style=\"text-decoration-line: underline;\"><strong><span style=\"font-family: 宋体; font-size: 14px;\"><br></span></strong></span></p><p style=\"line-height:150%\"><span style=\"color: rgb(0, 0, 0);\"><strong><span style=\"font-size: 14px; color: rgb(12, 12, 12); font-family: 宋体;\">我们如何共享、转让、公开披露您的个人信息</span></strong></span></p><p style=\"line-height:150%\"><span style=\"font-family: 宋体; font-size: 14px; color: rgb(0, 0, 0);\"><span style=\"font-size: 14px; color: rgb(12, 12, 12); font-family: tahoma, arial, &quot;microsoft yahei&quot;, simsun, sans-serif; background-color: rgb(255, 255, 255);\">(1)</span>共享</span></p><p style=\"line-height:150%\"><span style=\"font-family: 宋体; font-size: 14px; color: rgb(0, 0, 0);\">我们不会向其他任何公司、组织和个人分享您的个人信息，但以下情况除外：</span></p><p style=\"line-height:150%\"><span style=\"color: rgb(0, 0, 0);\"><strong><span style=\"font-family: 宋体; font-size: 14px; color: rgb(12, 12, 12); text-decoration: underline;\">1. 在获取明确同意的情况下共享：获得您的明确同意后，我们会与其他方共享您的个人信息。</span></strong></span></p><p style=\"line-height:150%\"><span style=\"color: rgb(0, 0, 0);\"><strong><span style=\"font-family: 宋体; font-size: 14px; color: rgb(12, 12, 12); text-decoration: underline;\">2. 我们可能会根据法律法规规定，或按政府主管部门的强制性要求，对外共享您的个人信息。</span></strong></span></p><p style=\"line-height:150%\"><span style=\"color: rgb(0, 0, 0);\"><span style=\"font-family: 宋体; font-size: 14px; color: rgb(12, 12, 12);\">3. 与我们的关联公司共享：您的个人信息可能会与我们关联公司共享。我们只会共享</span><span style=\"font-family: 宋体; font-size: 14px; color: rgb(12, 12, 12); text-decoration: underline;\"><strong>必要的个人信息</strong></span><span style=\"font-family: 宋体; font-size: 14px; color: rgb(12, 12, 12);\">，且受本隐私政策中所声明目的的约束。关联公司如要改变个人信息的处理目的，将再次征求您的授权同意。</span></span></p><p style=\"line-height:150%\"><span style=\"color: rgb(0, 0, 0);\"><span style=\"font-family: 宋体; font-size: 14px; color: rgb(12, 12, 12);\">4. 与授权合作伙伴共享：仅为实现本隐私权政策中声明的目的，我们的某些服务将由授权合作伙伴提供。我们可能会与合作伙伴共享您的某些个人信息，以提供更好的客户服务和用户体验。例如，我们聘请来提供第三方数据统计和分析服务的公司可能需要采集和访问个人数据以进行数据统计和分析。在这种情况下，这些公司 必须遵守我们的数据隐私和安全要求。</span><strong><span style=\"font-family: 宋体; font-size: 14px; color: rgb(12, 12, 12); text-decoration: underline;\">我们仅会出于合法、正当、必要、特定、明确的目的共享您的个人信息，并且只会共享提供服务所必要的个人信息</span></strong><span style=\"font-family: 宋体; font-size: 14px; color: rgb(12, 12, 12);\">。</span></span></p><p style=\"line-height:150%\"><span style=\"font-family: 宋体; font-size: 14px; color: rgb(0, 0, 0);\">对我们与之共享个人信息的公司、组织和个人，我们会与其签署严格的保密协定，要求他们按照我们的说明、本隐私政策以及其他任何相关的保密和安全措施来处理个人信息。</span></p><p style=\"line-height:150%\"><span style=\"font-family: 宋体; font-size: 14px; color: rgb(0, 0, 0);\">&nbsp;</span></p><p style=\"line-height:150%\"><span style=\"font-family: 宋体; font-size: 14px; color: rgb(0, 0, 0);\"><span style=\"font-size: 14px; color: rgb(12, 12, 12); font-family: tahoma, arial, &quot;microsoft yahei&quot;, simsun, sans-serif; background-color: rgb(255, 255, 255);\">(2)</span>转让</span></p><p style=\"line-height:150%\"><span style=\"font-family: 宋体; font-size: 14px; color: rgb(0, 0, 0);\">我们不会将您的个人信息转让给任何公司、组织和个人，但以下情况除外：</span></p><p style=\"line-height:150%\"><span style=\"font-family: 宋体; font-size: 14px; color: rgb(0, 0, 0);\">1. 在获取明确同意的情况下转让：获得您的明确同意后，我们会向其他方转让您的个人信息；</span></p><p style=\"line-height:150%\"><span style=\"font-family: 宋体; font-size: 14px; color: rgb(0, 0, 0);\">2. 在涉及合并、收购或破产清算时，如涉及到个人信息转让，我们会在要求新的持有您个人信息的公司、组织继续受此隐私政策的约束，否则我们将要求该公司、组织重新向您征求授权同意。</span></p><p style=\"line-height:150%\"><span style=\"font-family: 宋体; font-size: 14px; color: rgb(0, 0, 0);\">&nbsp;</span></p><p style=\"line-height:150%\"><span style=\"font-family: 宋体; font-size: 14px; color: rgb(0, 0, 0);\"><span style=\"font-size: 14px; color: rgb(12, 12, 12); font-family: tahoma, arial, &quot;microsoft yahei&quot;, simsun, sans-serif; background-color: rgb(255, 255, 255);\">(3)</span>公开披露</span></p><p style=\"line-height:150%\"><span style=\"font-family: 宋体; font-size: 14px; color: rgb(0, 0, 0);\">我们仅会在以下情况下，公开披露您的个人信息：</span></p><p style=\"line-height:150%\"><span style=\"font-family: 宋体; font-size: 14px; color: rgb(0, 0, 0);\">1. 获得您明确同意后；</span></p><p style=\"line-height:150%\"><span style=\"font-family: 宋体; font-size: 14px; color: rgb(0, 0, 0);\">2. 基于法律的披露：在法律、法律程序、诉讼或政府主管部门强制性要求的情况下，我们可能会公开披露您的个人信息。</span></p><p style=\"line-height:150%\"><span style=\"font-family: 宋体; font-size: 14px; color: rgb(0, 0, 0);\">&nbsp;</span></p><p style=\"line-height:150%\"><span style=\"color: rgb(0, 0, 0);\"><strong><span style=\"font-size: 14px; color: rgb(12, 12, 12); font-family: 宋体;\">我们如何保护您的个人信息</span></strong></span></p><p style=\"line-height:150%\"><span style=\"font-family: 宋体; font-size: 14px; color: rgb(0, 0, 0);\">1. 我们已使用符合业界标准的安全防护措施保护您提供的个人信息，防止数据遭到未经授权访问、公开披露、使用、修改、损坏或丢失。我们会采取一切合理可行的措施，保护您的个人信息。例如，在您的浏览器与“服务”之间交换数据（如信用卡信息）时受 SSL 加密保护；我们同时对我们网站提供 https 安全浏览方式；我们会使用加密技术确保数据的保密性；我们会使用受信赖的保护机制防止数据遭到恶意攻击；我们会部署访问控制机制，确保只有授权人员才可访问个人信息；以及我们会举办安全和隐私保护培训课程，加强员工对于保护个人信息重要性的认识。</span></p><p style=\"line-height:150%\"><span style=\"font-family: 宋体; font-size: 14px; color: rgb(0, 0, 0);\">2. 我们会采取一切合理可行的措施，确保未收集无关的个人信息。我们只会在达成本政策所述目的所需的期限内保留您的个人信息，除非需要延长保留期或受到法律的允许。</span></p><p style=\"line-height:150%\"><span style=\"font-family: 宋体; font-size: 14px; color: rgb(0, 0, 0);\">3. 互联网并非绝对安全的环境，而且电子邮件、即时通讯、及与其他我们用户的交流方式并未加密，我们强烈建议您不要通过此类方式发送个人信息。请使用复杂密码，协助我们保证您的账号安全。</span></p><p style=\"line-height:150%\"><span style=\"font-family: 宋体; font-size: 14px; color: rgb(0, 0, 0);\">4. 互联网环境并非百分之百安全，我们将尽力确保或担保您发送给我们的任何信息的安全性。如果我们的物理、技术、或管理防护设施遭到破坏，导致信息被非授权访问、公开披露、篡改、或毁坏，导致您的合法权益受损，我们将承担相应的法律责任。</span></p><p style=\"line-height:150%\"><span style=\"font-family: 宋体; font-size: 14px; color: rgb(0, 0, 0);\">5. 在不幸发生个人信息安全事件后，我们将按照法律法规的要求，及时向您告知：安全事件的基本情况和可能的影响、我们已采取或将要采取的处置措施、您可自主防范和降低风险的建议、对您的补救措施等。我们将及时将事件相关情况以邮件、信函、电话、推送通知等方式告知您，难以逐一告知个人信息主体时，我们会采取合理、有效的方式发布公告。</span></p><p style=\"line-height:150%\"><span style=\"font-family: 宋体; font-size: 14px; color: rgb(0, 0, 0);\">同时，我们还将按照监管部门要求，主动上报个人信息安全事件的处置情况。</span></p><p style=\"line-height:150%\"><span style=\"font-family: 宋体; font-size: 14px; color: rgb(0, 0, 0);\">&nbsp;</span></p><p style=\"line-height:150%\"><span style=\"color: rgb(0, 0, 0);\"><strong><span style=\"font-size: 14px; color: rgb(12, 12, 12); font-family: 宋体;\">您的权利</span></strong></span></p><p style=\"line-height:150%\"><span style=\"font-family: 宋体; font-size: 14px; color: rgb(0, 0, 0);\">按照中国相关的法律、法规、标准，以及其他国家、地区的通行做法，我们保障您对自己的个人信息行使以下权利：</span></p><p style=\"line-height:150%\"><span style=\"text-decoration: underline; color: rgb(0, 0, 0);\"><strong><span style=\"text-decoration: underline; font-family: 宋体; font-size: 14px; color: rgb(12, 12, 12);\">1. 访问您的个人信息</span></strong></span></p><p style=\"line-height:150%\"><span style=\"font-family: 宋体; font-size: 14px; color: rgb(0, 0, 0);\">您有权访问您的个人信息，法律法规规定的例外情况除外。如果您想行使数据访问权，您可以通过应用中的个人信息页面进行查看。</span></p><p style=\"line-height:150%\"><span style=\"text-decoration: underline; color: rgb(0, 0, 0);\"><strong><span style=\"text-decoration: underline; font-family: 宋体; font-size: 14px; color: rgb(12, 12, 12);\">2. 更正您的个人信息</span></strong></span></p><p style=\"line-height:150%\"><span style=\"font-family: 宋体; font-size: 14px; color: rgb(0, 0, 0);\">当您发现我们处理的关于您的个人信息有错误时，您有权要求我们做出更正。您可以通过应用的个人信息页面进行修改操作。</span></p><p style=\"line-height:150%\"><span style=\"text-decoration: underline; color: rgb(0, 0, 0);\"><strong><span style=\"text-decoration: underline; font-family: 宋体; font-size: 14px; color: rgb(12, 12, 12);\">3. 删除您的个人信息</span></strong></span></p><p style=\"line-height:150%\"><span style=\"font-family: 宋体; font-size: 14px; color: rgb(0, 0, 0);\">在以下情形中，您可以向我们提出删除个人信息的请求：</span></p><p style=\"line-height:150%\"><span style=\"font-family: 宋体; font-size: 14px; color: rgb(0, 0, 0);\">- 如果我们处理个人信息的行为违反法律法规；</span></p><p style=\"line-height:150%\"><span style=\"font-family: 宋体; font-size: 14px; color: rgb(0, 0, 0);\">- 如果我们收集、使用您的个人信息，却未征得您的同意；</span></p><p style=\"line-height:150%\"><span style=\"font-family: 宋体; font-size: 14px; color: rgb(0, 0, 0);\">- 如果我们处理个人信息的行为违反了与您的约定；</span></p><p style=\"line-height:150%\"><span style=\"font-family: 宋体; font-size: 14px; color: rgb(0, 0, 0);\">- 如果您不再使用我们的产品或服务；</span></p><p style=\"line-height:150%\"><span style=\"font-family: 宋体; font-size: 14px; color: rgb(0, 0, 0);\">- 如果我们不再为您提供产品或服务。</span></p><p style=\"line-height:150%\"><span style=\"font-family: 宋体; font-size: 14px; color: rgb(0, 0, 0);\">您可以通过应用注销账号时会发送删除个人信息请求，若我们决定响应您的删除请求，我们还将同时通知从我们获得您的个人信息的实体，要求其及时删除，除非法律法规另有规定，或这些实体获得您的独立授权。</span></p><p style=\"line-height:150%\"><span style=\"font-family: 宋体; font-size: 14px; color: rgb(0, 0, 0);\">当您从我们的服务中删除信息后，我们可能不会立即备份系统中删除相应的信息，但会在备份更新时删除这些信息。</span></p><p style=\"line-height:150%\"><br></p><p style=\"line-height:150%\"><span style=\"font-family: 宋体; font-size: 14px; color: rgb(0, 0, 0);\"></span></p><p style=\"white-space: normal; line-height: 24px;\"><span style=\"font-family: 宋体; font-size: 14px;\"><strong style=\"color: rgb(12, 12, 12);\">关于注销账号</strong></span></p><p style=\"white-space: normal;\"><span style=\"font-family: 宋体; font-size: 14px;\"></span></p><p style=\"white-space: normal; line-height: 1.5em;\"><span style=\"font-size: 14px; font-family: 宋体, SimSun;\">如您需要注销的话，可以通过：<span style=\"font-family: 宋体;\">我的--系统设置--账号与安全-注销用户</span>，达到注销的效果。</span></p><p style=\"white-space: normal; line-height: 1.5em;\"><span style=\"font-size: 14px; font-family: 宋体, SimSun;\">在您主动注销账户之后，我们将在三天内为您处理。</span></p><p style=\"line-height:150%\"><span style=\"font-family: 宋体; font-size: 14px; color: rgb(0, 0, 0);\">&nbsp;</span></p><p style=\"line-height:150%\"><span style=\"color: rgb(0, 0, 0);\"><strong><span style=\"font-size: 14px; color: rgb(12, 12, 12); font-family: 宋体;\">本隐私权政策如何更新</span></strong></span></p><p style=\"line-height:150%\"><span style=\"font-family: 宋体; font-size: 14px; color: rgb(0, 0, 0);\">我们可能适时会对本隐私权政策进行调整或变更，本隐私权政策的任何更新将以标注更新时间的方式公布在我们网站上，除法律法规或监管规定另有强制性规定外，经调整或变更的内容一经通知或公布后的7日后生效。如您在隐私权政策调整或变更后继续使用我们提供的任一服务或访问我们相关网站的，我们相信这代表您已充分阅读、理解并接受修改后的隐私权政策并受其约束。</span></p><p style=\"line-height:150%\"><span style=\"font-family: 宋体; font-size: 14px; color: rgb(0, 0, 0);\"><br></span></p><p style=\"line-height:150%\"><strong><span style=\"font-family: 宋体; font-size: 14px; color: rgb(0, 0, 0);\">关于推送和营销服务</span></strong><span style=\"font-family: 宋体; font-size: 14px; color: rgb(0, 0, 0);\"><br></span></p><p style=\"line-height:150%\"><span style=\"font-family: 宋体; font-size: 14px; color: rgb(0, 0, 0);\">本app不会将已获取的用户信息（包括：手机号码、appid等）用户定向营销和推送。<br></span></p><p style=\"line-height:150%\"><span style=\"font-family: 宋体; font-size: 14px; color: rgb(0, 0, 0);\"><br></span></p><p style=\"line-height:150%\"><span style=\"color: rgb(0, 0, 0);\"><strong><span style=\"background-color: rgb(255, 255, 255); color: rgb(12, 12, 12); font-family: 宋体; font-size: 14px;\">本APP内使用的第三方SDK</span></strong></span></p><p style=\"line-height:150%\"><span style=\"color: rgb(0, 0, 0);\"><strong><span style=\"background-color: rgb(255, 255, 255); color: rgb(12, 12, 12); font-family: 宋体; font-size: 14px;\">1.极光认证SDK</span></strong></span></p><p style=\"line-height:150%\"><span style=\"color: rgb(0, 0, 0);\"><strong><span style=\"font-family: 宋体, SimSun; font-size: 14px; color: rgb(12, 12, 12);\"><span style=\"color: rgb(12, 12, 12); font-family: 宋体; font-size: 14px;\">&nbsp;</span><span style=\"color: rgb(0, 176, 80); text-decoration: underline; font-family: 宋体, SimSun; font-size: 14px;\"><a href=\"https://docs.getui.com/privacy/\" target=\"_blank\" title=\"个推用户隐私政策\" style=\"color: rgb(0, 176, 80); text-decoration: underline;\">\"极光认证SDK\"</a></span></span></strong></span></p><p style=\"line-height:150%\"><span style=\"color: rgb(0, 0, 0);\"><strong><span style=\"font-family: 宋体, SimSun; font-size: 14px; color: rgb(12, 12, 12);\">收集用户信息为本机手机号<strong style=\"white-space: normal;\"><span style=\"font-size: 14px; font-family: 宋体, SimSun;\">码</span></strong>，</span></strong><strong><span style=\"color: rgb(0, 0, 0); font-size: 14px; font-family: 宋体, SimSun;\">使用目的为便于用户使用手机号码登录APP，</span><span style=\"color: rgb(0, 0, 0); font-family: 宋体, SimSun; font-size: 14px;\">不会泄露用户信息给任何第三方。</span></strong></span></p><p><strong>2.个推·消息推送</strong></p><p><a href=\"http://docs.getui.com/privacy\" target=\"_self\">点击查看个推隐私政策</a></p><p>使用消息推送功能，将app业务中即时通讯的离线消息、订单提醒、信息修改提示，通知给用户。</p><p>3、华为 HMS push</p><p style=\"line-height:150%\"><span style=\"font-family:宋体, SimSun\"><span style=\"font-size: 14px;\"><span style=\"color: rgb(102, 102, 102); font-family: -apple-system, BlinkMacSystemFont, &quot;Segoe UI&quot;, Helvetica, Arial, sans-serif, &quot;Apple Color Emoji&quot;, &quot;Segoe UI Emoji&quot;, &quot;Segoe UI Symbol&quot;; font-size: 14px; background-color: rgb(246, 248, 250);\"></span></span></span><a href=\"https://developer.huawei.com/consumer/cn/doc/development/HMSCore-Guides/privacy-statement-0000001050042021\" target=\"_self\">点击查看HMS push隐私政策</a></p><p>华为手机厂商推送，将app业务中即时通讯的离线消息、订单提醒、信息修改提示，通知给用户。</p><p style=\"line-height:150%\"><span style=\"color: rgb(0, 0, 0);\"><strong><span style=\"font-size: 14px; color: rgb(12, 12, 12); font-family: 宋体;\">如何联系我们</span></strong></span></p><p style=\"line-height:150%\"><span style=\"font-family: 宋体; font-size: 14px; color: rgb(0, 0, 0);\">如果您对本隐私政策有任何疑问、意见或建议，通过以下方式与我们联系：</span></p><p style=\"line-height:150%\"><span style=\"font-family: 宋体; font-size: 14px; color: rgb(0, 0, 0);\">邮箱：duantuixiong0773@126.com</span></p><p style=\"line-height:150%\"><span style=\"font-family: 宋体; font-size: 14px; color: rgb(0, 0, 0);\"><br></span></p><p style=\"line-height:150%\"><strong><span style=\"color: rgb(0, 0, 0); font-family: 宋体, SimSun; font-size: 14px;\">开发者信息</span></strong></p><p><span style=\"font-family: 宋体, SimSun; font-size: 14px;\">本应用由灵川县短腿熊旅游咨询服务有限公司自行开发。</span></p><p><span style=\"font-family: 宋体, SimSun; font-size: 14px;\">邮箱：duantuixiong123@163.com</span></p><p><span style=\"font-family: 宋体, SimSun; font-size: 14px;\"><br></span></p><p><span style=\"font-family: 宋体, SimSun; font-size: 14px;\"><br></span></p><p><span style=\"font-family: 宋体, SimSun; font-size: 14px;\"><br></span></p></div></div></div>\n\n<style>\n    .title{font-size: 18px; font-weight: 600; margin-bottom: 20px;}\n</style>\n<script src=\"/static/theme/js/vue.min.js\"></script>\n<script src=\"/static/theme/js/axios.min.js\"></script>\n<script>\n    new Vue({\n        el: '#app',\n        data: function() {\n            return {\n                detailInfo:{\n                    title:'',\n                    content:''\n                }\n            }\n        },\n        mounted(){\n            this.loadData()\n        },\n        methods:{\n            loadData(){\n                axios.post(\n                    '/api/Hfive/index?cmd=getArticleInfo',\n                    { article_id: id }\n                ).then(res=>{\n                    console.log(res.data)\n                    this.detailInfo = res.data.data\n                })\n            }\n\n        }\n    })\n</script>\n</body></html>",
    "policy_text": "短腿熊旅行隐私政策\n更新日期：2022年4月13日\n生效日期：2022年4月13日\n【灵川县短腿熊旅游咨询服务有限公司】（以下简称“我们或短腿熊旅行”）深知个人信息对您的重要性，并会尽全力保护您的个人信息安全可靠。我们致力于维持您对我们的信任，恪守以下原则，保护您的个人信息：权责一致原则、目的明确原则、选择同意原则、最少够用原则、确保安全原则、主体参与原则、公开透明原则等。同时，我们承诺，我们将按业界成熟的安全标准，采取相应的安全保护措施来保护您的个人信息。\n请在使用我们的产品（或服务）前，仔细阅读并了解本《隐私权政策》。\n\n我们如何收集和使用您的个人信息\n个人信息是指以电子或者其他方式记录的能够单独或者与其他信息结合识别特定自然人身份或者反映特定自然人活动情况的各种信息。\n我们仅会出于本政策所述的以下目的，收集和使用您的个人信息：\n1.注册成为用户\n为完成创建账号，您需提供以下信息：您的姓名、电子邮箱地址、创建的用户名和密码等信息。\n在注册过程中，如果您提供以下额外信息，将有助于我们给您提供更好的服务和体验：手机号、工作职位、公司、教育背景等。但如果您不提供这些信息，将不会影响使用本服务的基本功能。\n您提供的上述信息，将在您使用本服务期间持续授权我们使用。在您注销账号时，我们将停止使用并删除上述信息。\n上述信息将存储于中华人民共和国境内。如需跨境传输，我们将会单独征得您的授权同意。\n\n2.内部数据分析和研究，第三方SDK统计服务，改善我们的产品或服务\n我们收集数据是根据您与我们的互动和您所做出的选择，包括您的隐私设置以及您使用的产品和功能。我们收集的数据可能包括SDK/API/JS代码版本、浏览器、互联网服务提供商、IP地址、平台、时间戳、应用标识符、应用程序版本、应用分发渠道、独立设备标识符、iOS广告标识符（IDFA)、安卓广告主标识符、网卡（MAC）地址、国际移动设备识别码（IMEI）、设备型号、终端制造厂商、终端设备操作系统版本、会话启动/停止时间、语言所在地、时区和网络状态（WiFi等）、硬盘、CPU和电池使用情况等。\n3.我们的产品基于DCloud uni-app(5+ App/Wap2App)开发，应用运行期间需要收集您的设备唯一识别码（IMEI/android ID/DEVICE_ID/IDFA、SIM 卡 IMSI 信息、OAID）以提供统计分析服务，并通过应用启动数据及异常错误日志分析改进性能和用户体验，为用户提供更好的服务。\n关于获取用户储存权限说明\n获取用户的储存权限：\n目的：为帮助用户更好的使用发布动态、交流通信、保存图片时获取存储信息。\n使用范围：即时通讯、动态发布、更换头像。\n方式：我们会搜集摄像头、相册、媒体和文件等敏感信息及申请储存权限。\n我们如何共享、转让、公开披露您的个人信息\n(1)共享\n我们不会向其他任何公司、组织和个人分享您的个人信息，但以下情况除外：\n1. 在获取明确同意的情况下共享：获得您的明确同意后，我们会与其他方共享您的个人信息。\n2. 我们可能会根据法律法规规定，或按政府主管部门的强制性要求，对外共享您的个人信息。\n3. 与我们的关联公司共享：您的个人信息可能会与我们关联公司共享。我们只会共享必要的个人信息，且受本隐私政策中所声明目的的约束。关联公司如要改变个人信息的处理目的，将再次征求您的授权同意。\n4. 与授权合作伙伴共享：仅为实现本隐私权政策中声明的目的，我们的某些服务将由授权合作伙伴提供。我们可能会与合作伙伴共享您的某些个人信息，以提供更好的客户服务和用户体验。例如，我们聘请来提供第三方数据统计和分析服务的公司可能需要采集和访问个人数据以进行数据统计和分析。在这种情况下，这些公司 必须遵守我们的数据隐私和安全要求。我们仅会出于合法、正当、必要、特定、明确的目的共享您的个人信息，并且只会共享提供服务所必要的个人信息。\n对我们与之共享个人信息的公司、组织和个人，我们会与其签署严格的保密协定，要求他们按照我们的说明、本隐私政策以及其他任何相关的保密和安全措施来处理个人信息。\n\n(2)转让\n我们不会将您的个人信息转让给任何公司、组织和个人，但以下情况除外：\n1. 在获取明确同意的情况下转让：获得您的明确同意后，我们会向其他方转让您的个人信息；\n2. 在涉及合并、收购或破产清算时，如涉及到个人信息转让，我们会在要求新的持有您个人信息的公司、组织继续受此隐私政策的约束，否则我们将要求该公司、组织重新向您征求授权同意。\n\n(3)公开披露\n我们仅会在以下情况下，公开披露您的个人信息：\n1. 获得您明确同意后；\n2. 基于法律的披露：在法律、法律程序、诉讼或政府主管部门强制性要求的情况下，我们可能会公开披露您的个人信息。\n\n我们如何保护您的个人信息\n1. 我们已使用符合业界标准的安全防护措施保护您提供的个人信息，防止数据遭到未经授权访问、公开披露、使用、修改、损坏或丢失。我们会采取一切合理可行的措施，保护您的个人信息。例如，在您的浏览器与“服务”之间交换数据（如信用卡信息）时受 SSL 加密保护；我们同时对我们网站提供 https 安全浏览方式；我们会使用加密技术确保数据的保密性；我们会使用受信赖的保护机制防止数据遭到恶意攻击；我们会部署访问控制机制，确保只有授权人员才可访问个人信息；以及我们会举办安全和隐私保护培训课程，加强员工对于保护个人信息重要性的认识。\n2. 我们会采取一切合理可行的措施，确保未收集无关的个人信息。我们只会在达成本政策所述目的所需的期限内保留您的个人信息，除非需要延长保留期或受到法律的允许。\n3. 互联网并非绝对安全的环境，而且电子邮件、即时通讯、及与其他我们用户的交流方式并未加密，我们强烈建议您不要通过此类方式发送个人信息。请使用复杂密码，协助我们保证您的账号安全。\n4. 互联网环境并非百分之百安全，我们将尽力确保或担保您发送给我们的任何信息的安全性。如果我们的物理、技术、或管理防护设施遭到破坏，导致信息被非授权访问、公开披露、篡改、或毁坏，导致您的合法权益受损，我们将承担相应的法律责任。\n5. 在不幸发生个人信息安全事件后，我们将按照法律法规的要求，及时向您告知：安全事件的基本情况和可能的影响、我们已采取或将要采取的处置措施、您可自主防范和降低风险的建议、对您的补救措施等。我们将及时将事件相关情况以邮件、信函、电话、推送通知等方式告知您，难以逐一告知个人信息主体时，我们会采取合理、有效的方式发布公告。\n同时，我们还将按照监管部门要求，主动上报个人信息安全事件的处置情况。\n\n您的权利\n按照中国相关的法律、法规、标准，以及其他国家、地区的通行做法，我们保障您对自己的个人信息行使以下权利：\n1. 访问您的个人信息\n您有权访问您的个人信息，法律法规规定的例外情况除外。如果您想行使数据访问权，您可以通过应用中的个人信息页面进行查看。\n2. 更正您的个人信息\n当您发现我们处理的关于您的个人信息有错误时，您有权要求我们做出更正。您可以通过应用的个人信息页面进行修改操作。\n3. 删除您的个人信息\n在以下情形中，您可以向我们提出删除个人信息的请求：\n- 如果我们处理个人信息的行为违反法律法规；\n- 如果我们收集、使用您的个人信息，却未征得您的同意；\n- 如果我们处理个人信息的行为违反了与您的约定；\n- 如果您不再使用我们的产品或服务；\n- 如果我们不再为您提供产品或服务。\n您可以通过应用注销账号时会发送删除个人信息请求，若我们决定响应您的删除请求，我们还将同时通知从我们获得您的个人信息的实体，要求其及时删除，除非法律法规另有规定，或这些实体获得您的独立授权。\n当您从我们的服务中删除信息后，我们可能不会立即备份系统中删除相应的信息，但会在备份更新时删除这些信息。\n关于注销账号\n如您需要注销的话，可以通过：我的--系统设置--账号与安全-注销用户，达到注销的效果。\n在您主动注销账户之后，我们将在三天内为您处理。\n\n本隐私权政策如何更新\n我们可能适时会对本隐私权政策进行调整或变更，本隐私权政策的任何更新将以标注更新时间的方式公布在我们网站上，除法律法规或监管规定另有强制性规定外，经调整或变更的内容一经通知或公布后的7日后生效。如您在隐私权政策调整或变更后继续使用我们提供的任一服务或访问我们相关网站的，我们相信这代表您已充分阅读、理解并接受修改后的隐私权政策并受其约束。\n关于推送和营销服务\n本app不会将已获取的用户信息（包括：手机号码、appid等）用户定向营销和推送。\n本APP内使用的第三方SDK\n1.极光认证SDK\n\"极光认证SDK\"【链接地址为：https://docs.getui.com/privacy/】\n收集用户信息为本机手机号码，使用目的为便于用户使用手机号码登录APP，不会泄露用户信息给任何第三方。\n2.个推·消息推送\n点击查看个推隐私政策【链接地址为：http://docs.getui.com/privacy】\n使用消息推送功能，将app业务中即时通讯的离线消息、订单提醒、信息修改提示，通知给用户。\n3、华为 HMS push\n点击查看HMS push隐私政策【链接地址为：https://developer.huawei.com/consumer/cn/doc/development/HMSCore-Guides/privacy-statement-0000001050042021】\n华为手机厂商推送，将app业务中即时通讯的离线消息、订单提醒、信息修改提示，通知给用户。\n如何联系我们\n如果您对本隐私政策有任何疑问、意见或建议，通过以下方式与我们联系：\n邮箱：duantuixiong0773@126.com\n开发者信息\n本应用由灵川县短腿熊旅游咨询服务有限公司自行开发。\n邮箱：duantuixiong123@163.com",
    "is_popular": true,
    "policy_html_source_code_clean": "用户隐私权政策\n<div><p><span><strong><span><span>短腿熊旅行</span>隐私政策</span></strong></span></p><p><span><strong><span><br/></span></strong></span></p><p><span>更新日期：2022年4月13日</span></p><p><span>生效日期：<span>2022年4月13日</span></span></p><p><span><br/></span></p><p><span><span>【灵川县短腿熊旅游咨询服务有限公司】（以下简称</span>“我们或短腿熊旅行”）深知个人信息对您的重要性，并会尽全力保护您的个人信息安全可靠。我们致力于维持您对我们的信任，恪守以下原则，保护您的个人信息：权责一致原则、目的明确原则、选择同意原则、最少够用原则、确保安全原则、主体参与原则、公开透明原则等。同时，我们承诺，我们将按业界成熟的安全标准，采取相应的安全保护措施来保护您的个人信息。</span></p><p><span>请在使用我们的产品（或服务）前，仔细阅读并了解本《隐私权政策》。</span></p><p><span> </span></p><p><span><strong><span>我们如何收集和使用您的个人信息</span></strong></span></p><p><span>个人信息是指以电子或者其他方式记录的能够单独或者与其他信息结合识别特定自然人身份或者反映特定自然人活动情况的各种信息。</span></p><p><span>我们仅会出于本政策所述的以下目的，收集和使用您的个人信息：</span></p><p><span><strong><span>1.注册成为用户</span></strong></span></p><p><span><strong><span>为完成创建账号，您需提供以下信息：您的姓名、电子邮箱地址、创建的用户名和密码等信息。</span></strong></span></p><p><span>在注册过程中，如果您提供以下额外信息，将有助于我们给您提供更好的服务和体验：手机号、工作职位、公司、教育背景等。但如果您不提供这些信息，将不会影响使用本服务的基本功能。</span></p><p><span>您提供的上述信息，将在您使用本服务期间持续授权我们使用。在您注销账号时，我们将停止使用并删除上述信息。</span></p><p><span>上述信息将存储于中华人民共和国境内。如需跨境传输，我们将会单独征得您的授权同意。</span></p><p><span> </span></p><p><span>2.内部数据分析和研究，第三方SDK统计服务，改善我们的产品或服务</span></p><p><span><span>我们收集数据是根据您与我们的互动和您所做出的选择，包括您的隐私设置以及您使用的产品和功能。</span><span><strong>我们收集的数据可能包括SDK/API/JS代码版本、浏览器、互联网服务提供商、IP地址、平台、时间戳、应用标识符、应用程序版本、应用分发渠道、独立设备标识符、iOS广告标识符（IDFA)、安卓广告主标识符、网卡（MAC）地址、国际移动设备识别码（IMEI）、设备型号、终端制造厂商、终端设备操作系统版本、会话启动/停止时间、语言所在地、时区和网络状态（WiFi等）、硬盘、CPU和电池使用情况等</strong></span><span>。</span></span></p><p><span>3.<span>我们的产品基于DCloud uni-app(5+ App/Wap2App)开发，应用运行期间需要收集您的设备唯一识别码（IMEI/android ID/DEVICE_ID/IDFA、SIM 卡 IMSI 信息、OAID）以提供统计分析服务，并通过应用启动数据及异常错误日志分析改进性能和用户体验，为用户提供更好的服务。</span></span></p><p><span><span><br/></span></span></p><p><span><strong>关于获取用户储存权限说明</strong><br/></span></p><p><span>获取用户的储存权限：</span></p><p><span><strong><span>目的：为帮助用户更好的使用发布动态、交流通信、保存图片时获取存储信息。</span></strong></span></p><p><span><strong><span>使用范围：即时通讯、动态发布、更换头像。</span></strong></span></p><p><span><strong><span>方式：我们会搜集摄像头、相册、媒体和文件等敏感信息及申请储存权限。</span></strong></span></p><p><span><strong><span><br/></span></strong></span></p><p><span><strong><span>我们如何共享、转让、公开披露您的个人信息</span></strong></span></p><p><span><span>(1)</span>共享</span></p><p><span>我们不会向其他任何公司、组织和个人分享您的个人信息，但以下情况除外：</span></p><p><span><strong><span>1. 在获取明确同意的情况下共享：获得您的明确同意后，我们会与其他方共享您的个人信息。</span></strong></span></p><p><span><strong><span>2. 我们可能会根据法律法规规定，或按政府主管部门的强制性要求，对外共享您的个人信息。</span></strong></span></p><p><span><span>3. 与我们的关联公司共享：您的个人信息可能会与我们关联公司共享。我们只会共享</span><span><strong>必要的个人信息</strong></span><span>，且受本隐私政策中所声明目的的约束。关联公司如要改变个人信息的处理目的，将再次征求您的授权同意。</span></span></p><p><span><span>4. 与授权合作伙伴共享：仅为实现本隐私权政策中声明的目的，我们的某些服务将由授权合作伙伴提供。我们可能会与合作伙伴共享您的某些个人信息，以提供更好的客户服务和用户体验。例如，我们聘请来提供第三方数据统计和分析服务的公司可能需要采集和访问个人数据以进行数据统计和分析。在这种情况下，这些公司 必须遵守我们的数据隐私和安全要求。</span><strong><span>我们仅会出于合法、正当、必要、特定、明确的目的共享您的个人信息，并且只会共享提供服务所必要的个人信息</span></strong><span>。</span></span></p><p><span>对我们与之共享个人信息的公司、组织和个人，我们会与其签署严格的保密协定，要求他们按照我们的说明、本隐私政策以及其他任何相关的保密和安全措施来处理个人信息。</span></p><p><span> </span></p><p><span><span>(2)</span>转让</span></p><p><span>我们不会将您的个人信息转让给任何公司、组织和个人，但以下情况除外：</span></p><p><span>1. 在获取明确同意的情况下转让：获得您的明确同意后，我们会向其他方转让您的个人信息；</span></p><p><span>2. 在涉及合并、收购或破产清算时，如涉及到个人信息转让，我们会在要求新的持有您个人信息的公司、组织继续受此隐私政策的约束，否则我们将要求该公司、组织重新向您征求授权同意。</span></p><p><span> </span></p><p><span><span>(3)</span>公开披露</span></p><p><span>我们仅会在以下情况下，公开披露您的个人信息：</span></p><p><span>1. 获得您明确同意后；</span></p><p><span>2. 基于法律的披露：在法律、法律程序、诉讼或政府主管部门强制性要求的情况下，我们可能会公开披露您的个人信息。</span></p><p><span> </span></p><p><span><strong><span>我们如何保护您的个人信息</span></strong></span></p><p><span>1. 我们已使用符合业界标准的安全防护措施保护您提供的个人信息，防止数据遭到未经授权访问、公开披露、使用、修改、损坏或丢失。我们会采取一切合理可行的措施，保护您的个人信息。例如，在您的浏览器与“服务”之间交换数据（如信用卡信息）时受 SSL 加密保护；我们同时对我们网站提供 https 安全浏览方式；我们会使用加密技术确保数据的保密性；我们会使用受信赖的保护机制防止数据遭到恶意攻击；我们会部署访问控制机制，确保只有授权人员才可访问个人信息；以及我们会举办安全和隐私保护培训课程，加强员工对于保护个人信息重要性的认识。</span></p><p><span>2. 我们会采取一切合理可行的措施，确保未收集无关的个人信息。我们只会在达成本政策所述目的所需的期限内保留您的个人信息，除非需要延长保留期或受到法律的允许。</span></p><p><span>3. 互联网并非绝对安全的环境，而且电子邮件、即时通讯、及与其他我们用户的交流方式并未加密，我们强烈建议您不要通过此类方式发送个人信息。请使用复杂密码，协助我们保证您的账号安全。</span></p><p><span>4. 互联网环境并非百分之百安全，我们将尽力确保或担保您发送给我们的任何信息的安全性。如果我们的物理、技术、或管理防护设施遭到破坏，导致信息被非授权访问、公开披露、篡改、或毁坏，导致您的合法权益受损，我们将承担相应的法律责任。</span></p><p><span>5. 在不幸发生个人信息安全事件后，我们将按照法律法规的要求，及时向您告知：安全事件的基本情况和可能的影响、我们已采取或将要采取的处置措施、您可自主防范和降低风险的建议、对您的补救措施等。我们将及时将事件相关情况以邮件、信函、电话、推送通知等方式告知您，难以逐一告知个人信息主体时，我们会采取合理、有效的方式发布公告。</span></p><p><span>同时，我们还将按照监管部门要求，主动上报个人信息安全事件的处置情况。</span></p><p><span> </span></p><p><span><strong><span>您的权利</span></strong></span></p><p><span>按照中国相关的法律、法规、标准，以及其他国家、地区的通行做法，我们保障您对自己的个人信息行使以下权利：</span></p><p><span><strong><span>1. 访问您的个人信息</span></strong></span></p><p><span>您有权访问您的个人信息，法律法规规定的例外情况除外。如果您想行使数据访问权，您可以通过应用中的个人信息页面进行查看。</span></p><p><span><strong><span>2. 更正您的个人信息</span></strong></span></p><p><span>当您发现我们处理的关于您的个人信息有错误时，您有权要求我们做出更正。您可以通过应用的个人信息页面进行修改操作。</span></p><p><span><strong><span>3. 删除您的个人信息</span></strong></span></p><p><span>在以下情形中，您可以向我们提出删除个人信息的请求：</span></p><p><span>- 如果我们处理个人信息的行为违反法律法规；</span></p><p><span>- 如果我们收集、使用您的个人信息，却未征得您的同意；</span></p><p><span>- 如果我们处理个人信息的行为违反了与您的约定；</span></p><p><span>- 如果您不再使用我们的产品或服务；</span></p><p><span>- 如果我们不再为您提供产品或服务。</span></p><p><span>您可以通过应用注销账号时会发送删除个人信息请求，若我们决定响应您的删除请求，我们还将同时通知从我们获得您的个人信息的实体，要求其及时删除，除非法律法规另有规定，或这些实体获得您的独立授权。</span></p><p><span>当您从我们的服务中删除信息后，我们可能不会立即备份系统中删除相应的信息，但会在备份更新时删除这些信息。</span></p><p><br/></p><p><span></span></p><p><span><strong>关于注销账号</strong></span></p><p><span></span></p><p><span>如您需要注销的话，可以通过：<span>我的--系统设置--账号与安全-注销用户</span>，达到注销的效果。</span></p><p><span>在您主动注销账户之后，我们将在三天内为您处理。</span></p><p><span> </span></p><p><span><strong><span>本隐私权政策如何更新</span></strong></span></p><p><span>我们可能适时会对本隐私权政策进行调整或变更，本隐私权政策的任何更新将以标注更新时间的方式公布在我们网站上，除法律法规或监管规定另有强制性规定外，经调整或变更的内容一经通知或公布后的7日后生效。如您在隐私权政策调整或变更后继续使用我们提供的任一服务或访问我们相关网站的，我们相信这代表您已充分阅读、理解并接受修改后的隐私权政策并受其约束。</span></p><p><span><br/></span></p><p><strong><span>关于推送和营销服务</span></strong><span><br/></span></p><p><span>本app不会将已获取的用户信息（包括：手机号码、appid等）用户定向营销和推送。<br/></span></p><p><span><br/></span></p><p><span><strong><span>本APP内使用的第三方SDK</span></strong></span></p><p><span><strong><span>1.极光认证SDK</span></strong></span></p><p><span><strong><span><span> </span><span><a href=\"https://docs.getui.com/privacy/\" title=\"个推用户隐私政策\" target=\"_blank\">&quot;极光认证SDK&quot;</a></span></span></strong></span></p><p><span><strong><span>收集用户信息为本机手机号<strong><span>码</span></strong>，</span></strong><strong><span>使用目的为便于用户使用手机号码登录APP，</span><span>不会泄露用户信息给任何第三方。</span></strong></span></p><p><strong>2.个推·消息推送</strong></p><p><a href=\"http://docs.getui.com/privacy\" target=\"_blank\">点击查看个推隐私政策</a></p><p>使用消息推送功能，将app业务中即时通讯的离线消息、订单提醒、信息修改提示，通知给用户。</p><p>3、华为 HMS push</p><p><span><span><span></span></span></span><a href=\"https://developer.huawei.com/consumer/cn/doc/development/HMSCore-Guides/privacy-statement-0000001050042021\" target=\"_blank\">点击查看HMS push隐私政策</a></p><p>华为手机厂商推送，将app业务中即时通讯的离线消息、订单提醒、信息修改提示，通知给用户。</p><p><span><strong><span>如何联系我们</span></strong></span></p><p><span>如果您对本隐私政策有任何疑问、意见或建议，通过以下方式与我们联系：</span></p><p><span>邮箱：duantuixiong0773@126.com</span></p><p><span><br/></span></p><p><strong><span>开发者信息</span></strong></p><p><span>本应用由灵川县短腿熊旅游咨询服务有限公司自行开发。</span></p><p><span>邮箱：duantuixiong123@163.com</span></p><p><span><br/></span></p><p><span><br/></span></p><p><span><br/></span></p></div>",
    "policy_text_clean": "用户隐私权政策\n短腿熊旅行隐私政策\n更新日期：2022年4月13日\n生效日期：2022年4月13日\n【灵川县短腿熊旅游咨询服务有限公司】（以下简称“我们或短腿熊旅行”）深知个人信息对您的重要性，并会尽全力保护您的个人信息安全可靠。我们致力于维持您对我们的信任，恪守以下原则，保护您的个人信息：权责一致原则、目的明确原则、选择同意原则、最少够用原则、确保安全原则、主体参与原则、公开透明原则等。同时，我们承诺，我们将按业界成熟的安全标准，采取相应的安全保护措施来保护您的个人信息。\n请在使用我们的产品（或服务）前，仔细阅读并了解本《隐私权政策》。\n\n我们如何收集和使用您的个人信息\n个人信息是指以电子或者其他方式记录的能够单独或者与其他信息结合识别特定自然人身份或者反映特定自然人活动情况的各种信息。\n我们仅会出于本政策所述的以下目的，收集和使用您的个人信息：\n1.注册成为用户\n为完成创建账号，您需提供以下信息：您的姓名、电子邮箱地址、创建的用户名和密码等信息。\n在注册过程中，如果您提供以下额外信息，将有助于我们给您提供更好的服务和体验：手机号、工作职位、公司、教育背景等。但如果您不提供这些信息，将不会影响使用本服务的基本功能。\n您提供的上述信息，将在您使用本服务期间持续授权我们使用。在您注销账号时，我们将停止使用并删除上述信息。\n上述信息将存储于中华人民共和国境内。如需跨境传输，我们将会单独征得您的授权同意。\n\n2.内部数据分析和研究，第三方SDK统计服务，改善我们的产品或服务\n我们收集数据是根据您与我们的互动和您所做出的选择，包括您的隐私设置以及您使用的产品和功能。我们收集的数据可能包括SDK/API/JS代码版本、浏览器、互联网服务提供商、IP地址、平台、时间戳、应用标识符、应用程序版本、应用分发渠道、独立设备标识符、iOS广告标识符（IDFA)、安卓广告主标识符、网卡（MAC）地址、国际移动设备识别码（IMEI）、设备型号、终端制造厂商、终端设备操作系统版本、会话启动/停止时间、语言所在地、时区和网络状态（WiFi等）、硬盘、CPU和电池使用情况等。\n3.我们的产品基于DCloud uni-app(5+ App/Wap2App)开发，应用运行期间需要收集您的设备唯一识别码（IMEI/android ID/DEVICE_ID/IDFA、SIM 卡 IMSI 信息、OAID）以提供统计分析服务，并通过应用启动数据及异常错误日志分析改进性能和用户体验，为用户提供更好的服务。\n关于获取用户储存权限说明\n获取用户的储存权限：\n目的：为帮助用户更好的使用发布动态、交流通信、保存图片时获取存储信息。\n使用范围：即时通讯、动态发布、更换头像。\n方式：我们会搜集摄像头、相册、媒体和文件等敏感信息及申请储存权限。\n我们如何共享、转让、公开披露您的个人信息\n(1)共享\n我们不会向其他任何公司、组织和个人分享您的个人信息，但以下情况除外：\n1. 在获取明确同意的情况下共享：获得您的明确同意后，我们会与其他方共享您的个人信息。\n2. 我们可能会根据法律法规规定，或按政府主管部门的强制性要求，对外共享您的个人信息。\n3. 与我们的关联公司共享：您的个人信息可能会与我们关联公司共享。我们只会共享必要的个人信息，且受本隐私政策中所声明目的的约束。关联公司如要改变个人信息的处理目的，将再次征求您的授权同意。\n4. 与授权合作伙伴共享：仅为实现本隐私权政策中声明的目的，我们的某些服务将由授权合作伙伴提供。我们可能会与合作伙伴共享您的某些个人信息，以提供更好的客户服务和用户体验。例如，我们聘请来提供第三方数据统计和分析服务的公司可能需要采集和访问个人数据以进行数据统计和分析。在这种情况下，这些公司 必须遵守我们的数据隐私和安全要求。我们仅会出于合法、正当、必要、特定、明确的目的共享您的个人信息，并且只会共享提供服务所必要的个人信息。\n对我们与之共享个人信息的公司、组织和个人，我们会与其签署严格的保密协定，要求他们按照我们的说明、本隐私政策以及其他任何相关的保密和安全措施来处理个人信息。\n\n(2)转让\n我们不会将您的个人信息转让给任何公司、组织和个人，但以下情况除外：\n1. 在获取明确同意的情况下转让：获得您的明确同意后，我们会向其他方转让您的个人信息；\n2. 在涉及合并、收购或破产清算时，如涉及到个人信息转让，我们会在要求新的持有您个人信息的公司、组织继续受此隐私政策的约束，否则我们将要求该公司、组织重新向您征求授权同意。\n\n(3)公开披露\n我们仅会在以下情况下，公开披露您的个人信息：\n1. 获得您明确同意后；\n2. 基于法律的披露：在法律、法律程序、诉讼或政府主管部门强制性要求的情况下，我们可能会公开披露您的个人信息。\n\n我们如何保护您的个人信息\n1. 我们已使用符合业界标准的安全防护措施保护您提供的个人信息，防止数据遭到未经授权访问、公开披露、使用、修改、损坏或丢失。我们会采取一切合理可行的措施，保护您的个人信息。例如，在您的浏览器与“服务”之间交换数据（如信用卡信息）时受 SSL 加密保护；我们同时对我们网站提供 https 安全浏览方式；我们会使用加密技术确保数据的保密性；我们会使用受信赖的保护机制防止数据遭到恶意攻击；我们会部署访问控制机制，确保只有授权人员才可访问个人信息；以及我们会举办安全和隐私保护培训课程，加强员工对于保护个人信息重要性的认识。\n2. 我们会采取一切合理可行的措施，确保未收集无关的个人信息。我们只会在达成本政策所述目的所需的期限内保留您的个人信息，除非需要延长保留期或受到法律的允许。\n3. 互联网并非绝对安全的环境，而且电子邮件、即时通讯、及与其他我们用户的交流方式并未加密，我们强烈建议您不要通过此类方式发送个人信息。请使用复杂密码，协助我们保证您的账号安全。\n4. 互联网环境并非百分之百安全，我们将尽力确保或担保您发送给我们的任何信息的安全性。如果我们的物理、技术、或管理防护设施遭到破坏，导致信息被非授权访问、公开披露、篡改、或毁坏，导致您的合法权益受损，我们将承担相应的法律责任。\n5. 在不幸发生个人信息安全事件后，我们将按照法律法规的要求，及时向您告知：安全事件的基本情况和可能的影响、我们已采取或将要采取的处置措施、您可自主防范和降低风险的建议、对您的补救措施等。我们将及时将事件相关情况以邮件、信函、电话、推送通知等方式告知您，难以逐一告知个人信息主体时，我们会采取合理、有效的方式发布公告。\n同时，我们还将按照监管部门要求，主动上报个人信息安全事件的处置情况。\n\n您的权利\n按照中国相关的法律、法规、标准，以及其他国家、地区的通行做法，我们保障您对自己的个人信息行使以下权利：\n1. 访问您的个人信息\n您有权访问您的个人信息，法律法规规定的例外情况除外。如果您想行使数据访问权，您可以通过应用中的个人信息页面进行查看。\n2. 更正您的个人信息\n当您发现我们处理的关于您的个人信息有错误时，您有权要求我们做出更正。您可以通过应用的个人信息页面进行修改操作。\n3. 删除您的个人信息\n在以下情形中，您可以向我们提出删除个人信息的请求：\n- 如果我们处理个人信息的行为违反法律法规；\n- 如果我们收集、使用您的个人信息，却未征得您的同意；\n- 如果我们处理个人信息的行为违反了与您的约定；\n- 如果您不再使用我们的产品或服务；\n- 如果我们不再为您提供产品或服务。\n您可以通过应用注销账号时会发送删除个人信息请求，若我们决定响应您的删除请求，我们还将同时通知从我们获得您的个人信息的实体，要求其及时删除，除非法律法规另有规定，或这些实体获得您的独立授权。\n当您从我们的服务中删除信息后，我们可能不会立即备份系统中删除相应的信息，但会在备份更新时删除这些信息。\n关于注销账号\n如您需要注销的话，可以通过：我的--系统设置--账号与安全-注销用户，达到注销的效果。\n在您主动注销账户之后，我们将在三天内为您处理。\n\n本隐私权政策如何更新\n我们可能适时会对本隐私权政策进行调整或变更，本隐私权政策的任何更新将以标注更新时间的方式公布在我们网站上，除法律法规或监管规定另有强制性规定外，经调整或变更的内容一经通知或公布后的7日后生效。如您在隐私权政策调整或变更后继续使用我们提供的任一服务或访问我们相关网站的，我们相信这代表您已充分阅读、理解并接受修改后的隐私权政策并受其约束。\n关于推送和营销服务\n本app不会将已获取的用户信息（包括：手机号码、appid等）用户定向营销和推送。\n本APP内使用的第三方SDK\n1.极光认证SDK\n\"极光认证SDK\"【链接地址为：https://docs.getui.com/privacy/】\n收集用户信息为本机手机号码，使用目的为便于用户使用手机号码登录APP，不会泄露用户信息给任何第三方。\n2.个推·消息推送\n点击查看个推隐私政策【链接地址为：http://docs.getui.com/privacy】\n使用消息推送功能，将app业务中即时通讯的离线消息、订单提醒、信息修改提示，通知给用户。\n3、华为 HMS push\n点击查看HMS push隐私政策【链接地址为：https://developer.huawei.com/consumer/cn/doc/development/HMSCore-Guides/privacy-statement-0000001050042021】\n华为手机厂商推送，将app业务中即时通讯的离线消息、订单提醒、信息修改提示，通知给用户。\n如何联系我们\n如果您对本隐私政策有任何疑问、意见或建议，通过以下方式与我们联系：\n邮箱：duantuixiong0773@126.com\n开发者信息\n本应用由灵川县短腿熊旅游咨询服务有限公司自行开发。\n邮箱：duantuixiong123@163.com"
}