{
    "app_id": "C105649709",
    "app_name": "桃源人家幸福生活",
    "app_version": "2.1",
    "app_download_num_description": "17 万次安装",
    "app_package_name": "jiang.zuo.xfsh",
    "app_score": 1.1,
    "app_package_size": "21.8 MB",
    "app_package_size_precise": 22838082,
    "app_icon_url": "https://appimg.dbankcdn.com/application/icon144/97410d8f6a944e798b2cd0879a40b483.png",
    "app_developer": "长沙茂若网络科技有限公司",
    "app_update_time": "2023-03-07",
    "app_update_description": null,
    "app_description": "桃源人家幸福生活\n旅行，是放送自己的好选择！\n外出旅行的注意事项！\n各地旅行攻略！\n超美景点视频鉴赏！\n精选风景美图！",
    "app_policy_url": "http://www.maoruo.top/m/htmlPage/8YLyKUq7t.html",
    "app_listed_permission": "1.完全的网络访问权限\n2.修改或删除存储卡中的内容\n3.读取存储卡中的内容",
    "app_listed_permission_description": "1.允许该应用创建网络套接字和使用自定义网络协议。浏览器和其他某些应用提供了向互联网发送数据的途径，因此应用无需该权限即可向互联网发送数据。\n2.允许应用修改或删除存储卡上的照片、媒体内容和文件。\n3.允许应用读取存储卡上的照片、媒体内容和文件。",
    "app_category": [
        "旅游住宿"
    ],
    "app_subcategory": [
        "旅游"
    ],
    "app_APK_url": "https://appgallery.cloud.huawei.com/appdl/C105649709",
    "app_APK_name": "C105649709-2.1.apk",
    "app_policy_name": "C105649709-2.1.txt",
    "policy_html_source_code": "<html><head><meta charset=\"gbk\"> <meta http-equiv=\"Content-Type\" content=\"text/html; charset=gbk\">\n <meta name=\"viewport\" content=\"width=device-width,initial-scale=1.0, minimum-scale=1.0, maximum-scale=1.0, user-scalable=no\">\n <title>隐私政策</title></head><body class=\"\" mu=\"mu\" md=\"md\" module=\"qmReadMail\" context=\"ZC2826-M9~goA13E6klKzNuvrbAG99\">\n\t<meta http-equiv=\"Content-Type\" content=\"text/html; charset=utf-8\">\n\t<meta name=\"referrer\" content=\"origin\">\n\t<meta name=\"renderer\" content=\"webkit\">\n\t<title>隐私政策</title>\n\t<style>\n\t\t\tbody {\n\t\t\t\tbackground: #fff;\n\t\t\t\tcolor: #000;\n\t\t\t\tfont-weight: normal;\n\t\t\t\tfont-family: \"lucida Grande\", Verdana, \"Microsoft YaHei\";\n\t\t\t\tpadding: 0 7px 6px 4px;\n\t\t\t\tmargin: 0;\n\t\t\t}\n\t\t\t\n\t\t\t.MacOS body {\n\t\t\t\tfont-family: \"lucida Grande\", Verdana;\n\t\t\t}\n\t\t\t\n\t\t\t.qmbox {\n\t\t\t\tpadding: 0;\n\t\t\t}\n\t\t\t\n\t\t\t.qm_con_body_content {\n\t\t\t\theight: auto;\n\t\t\t\tmin-height: 100px;\n\t\t\t\t_height: 100px;\n\t\t\t\tword-wrap: break-word;\n\t\t\t\tfont-size: 14px;\n\t\t\t\tfont-family: \"lucida Grande\", Verdana, \"Microsoft YaHei\";\n\t\t\t}\n\t\t\t\n\t\t\t.MacOS .qm_con_body_content {\n\t\t\t\tfont-family: \"lucida Grande\", Verdana;\n\t\t\t}\n\t\t\t\n\t\t\tbody.thumb_list_readmail {\n\t\t\t\tpadding: 0;\n\t\t\t}\n\t\t\t\n\t\t\t.thumb_list_readmail #nextnewDiv,\n\t\t\t.thumb_list_readmail #nextmail_top,\n\t\t\t.thumb_list_readmail #nextmail_bt {\n\t\t\t\tdisplay: none;\n\t\t\t}\n\t\t</style>\n\n\t<script type=\"text/javascript\">\n\t\t\tfunction textModify(appname)\n\t\t\t\t{\n\t\t\t\t\tvar obj = document.getElementById(\"appname\");\n\t\t\t\t\tobj.innerHTML = appname;\n\t\t\t\t}\n\t\t\t\tfunction setCompany(companyname)\n\t\t\t\t{\n\t\t\t\t\tvar obj = document.getElementById(\"companyname\");\n\t\t\t\t\tobj.innerHTML = companyname;\n\t\t\t\t}\n\t\t\t\tfunction setNotice(content)\n\t\t\t\t{\n\t\t\t\t  var obj = document.getElementById(\"notice\");\n\t\t\t\t  obj.innerHTML = content;\n\t\t\t\t}\n        </script>\n\n\n\n\n<div class=\"mailcontainer\" id=\"qqmail_mailcontainer\">\n\t<div id=\"contentDiv\" style=\"position:relative;font-size:14px;height:auto;padding:15px 15px 10px 15px;z-index:1;zoom:1;line-height:1.7;\" class=\"body\">\n\t\t<div id=\"qm_con_body\">\n\t\t\t<div id=\"mailContentContainer\" class=\"qmbox qm_con_body_content qqmail_webmail_only\" style=\"\">\n\t\t\t\t<div>\n\t\t\t\t\t<div class=\"STYLE4\" style=\"font-family: Verdana, Arial, Helvetica, sans-serif; font-size: medium;\"><span id=\"companyname\">长沙茂若网络科技有限公司</span>(\"<span id=\"appname\">桃源人家幸福生活</span>\"、\"我方\"或\"我们\")尊重并保护所有使用隐私政策网络服务用户的个人隐私权。我们的隐私政策涵盖我们收集，使用，披露，传输和存储您的信息的方式。但隐私政策将以高度的勤勉、审慎义务对待这些信息。隐私政策会不时更新本隐私权政策。 您在同意隐私政策络服务使用协议之时，即视为您已经同意本隐私权政策全部内容。本隐私权政策属于隐私政策络服务使用协议不可分割的一部分。你不是一定要提供我们要求的个人信息，但在许多情况下，如果你选择不提供，我们将无法为你提供我们的产品或服务，也无法回应你遇到的任何问题。 <br><strong>一、我们如何收集信息</strong><br>我们根据合法、正当、必要的原则，仅收集实现产品功能所必要的信息。我们公司收集个人信息的主要来源有：您提供的信息、在您使用我们产品或服务过程中获取的信息、第三方分享的您的信息。我们会出于如下产品功能的目的，收集和使用您的个人信息，如您不提供相关信息或不同意我们收集相关信息，您可能无法成为我们的用户或无法享受我们提供的某些服务，或无法达到好的服务效果。 <br>\n\t\t\t\t\t\t<div class=\"titlePage\" style=\"font-size: 18px;\"><strong>1. 集成SDK服务及权限使用说明</strong></div>\n\t\t\t\t\t\t<div class=\"titlePage\" style=\"font-size: 16px;color: red;\">(1). 友盟+SDK</div>\n\t\t\t\t\t\t\t<div>使用目的：统计分析、推送信息</div>\n\t\t\t\t\t\t<div style=\"color: red;\">数据类型：我们的产品应用运行期间在经过您同意之后在后台状态下需要收集用户个人信息。我们收集、使用的个人信息包括但不限于以下类型：包括但不限于手机号/设备ID(DEVICE_ID)/IMEI/Mac/androidID/IDFA/OPENUDID/GUID/SIM卡IMSI/地理位置信息或其他永久性或非永久性设备标识符（“设备标识符”）；设备平台和固件；加速度传感器;剪切板;手机运营商；邮政编码、地域码、粗略定位等地理数据</div>\n\t\t\t\t\t\t<div class=\"titlePage\" style=\"font-size: 16px;\">官网链接：https://www.umeng.com</div>\n\t\t\t\t\t\t<div class=\"titlePage\" style=\"font-size: 16px;color: red;\">(2). 字节跳动穿山甲广告SDK</div>\n\t\t\t\t\t\t\t<div class=\"titlePage\" style=\"font-size: 16px;\">我们的产品集成字节跳动穿山甲广告SDK， 可能需要访问您的网络状态来获取粗略位置以及获取软件安装列表，以提供广告展示的业务。<span id=\"notice\"></span></div>\n\t\t\t\t\t\t\t<div style=\"color: red;\">信息收集：我们的产品应用运行期间在经过您同意之后在后台状态下需要收集用户个人信息。我们收集、使用的个人信息包括但不限于以下类型：包括但不限于手机号/设备ID(DEVICE_ID)/IMEI/Mac/androidID/IDFA/OPENUDID/GUID/SIM卡IMSI/地理位置信息或其他永久性或非永久性设备标识符（“设备标识符”）；设备平台和固件；加速度传感器;剪切板;手机运营商；邮政编码、地域码、粗略定位等地理数据</div>\n\t\t\t\t\t\t<div class=\"titlePage\" style=\"font-size: 16px;\">官网链接：https://www.pangle.cn</div>\n\t\t\t\t\t\t<div class=\"titlePage\" style=\"font-size: 16px;color: red;\">(3). 微信SDK：com.tencent.mm.opensdk</div>\n\t\t\t\t\t\t<div class=\"titlePage\" style=\"font-size: 16px;\">我们的产品集成微信SDK， 可能需要访问您的网络状态来获取粗略位置以及获取软件安装列表，以提供广告展示的业务。<span id=\"notice\"></span></div>\n\t\t\t\t\t\t<div style=\"color: red;\">信息收集：我们的产品应用运行期间在经过您同意之后在后台状态下需要收集用户个人信息。我们收集、使用的个人信息包括但不限于以下类型：包括但不限于手机号/设备ID(DEVICE_ID)/IMEI/Mac/androidID/IDFA/OPENUDID/GUID/SIM卡IMSI/地理位置信息或其他永久性或非永久性设备标识符（“设备标识符”）；设备平台和固件；加速度传感器;剪切板;手机运营商；邮政编码、地域码、粗略定位等地理数据</div>\n\t\t\t\t\t\t<div class=\"titlePage\" style=\"font-size: 16px;\">官网链接：https://open.weixin.qq.com</div>\n\t\t\t\t\t\t<div class=\"titlePage\" style=\"font-size: 18px;\"><strong>2. App使用权限说明</strong></div>\n\t\t\t\t\t\t<div class=\"titlePage\" style=\"font-size: 16px;\">(1). 存储权限：用于网络数据缓存或本地文件的存储读取</div>\n\t\t\t\t\t\t<div class=\"titlePage\" style=\"font-size: 16px;\">(2). 地理位置权限：用户声明地理位置权限将应用于穿山甲的广告</div>\n\t\t\t\t\t\t<div class=\"titlePage\" style=\"font-size: 16px;\">(3). 获取安装列表权限：判定广告对应的应用是否在用户的手机上安装，避免投放错误的广告</div>\n\t\t\t\t\t\t<div class=\"titlePage\" style=\"font-size: 18px;\">3. 您通过我们的客服或参加我们举办的活动时所提交的信息。为及时与您取得联系，反馈客服问题或相关活动信息，您可能会向我们提供您的联系方式，以便及时沟通。</div>\n\t\t\t\t\t\t<div class=\"titlePage\" style=\"font-size: 18px;\">4. 设备信息</div>设备信息，是指您使用我们产品或服务时使用的设备的信息。为了产品和服务与设备进行必要的适配及提供安全服务，您在使用产品或服务时，会收集您使用的设备名称、设备型号、设备识别码、操作系统和应用程序版本、语言设置、分辨率、服务提供商网络ID（PLMN）相关信息。收集这些信息是为了帮助我们进行bug分析，保障您正常使用我们产品和服务、改进和优化我们的产品体验、保障您的账号安全。除本政策另有明确约定外，我们不会将您的设备信息提供给任何第三方。但我们无法保证其他第三方不会通过其他途径获知您设备信息、并将设备信息与其他信息相结合识别您个人身份的情况，由此造成您任何损失的，您应向第三方追偿。上述设备信息是为提供服务所收集的基础信息，如您不想设备信息被我们收集，则可能导致我们无法向您提供正常的服务。\n\t\t\t\t\t\t<div class=\"titlePage\" style=\"font-size: 18px;\">5. 日志信息</div>出于服务安全的必要，您使用产品和服务时，系统可能通过cookies或其他方式自动收集某些信息并存储在服务器日志中。此类信息可能包括：<br>对我们的产品和服务的详细使用情况，此种信息可能包括您使用的网页搜索词语、访问的页面地址、以及您在使用服务时浏览或要求提供的其他信息和内容详情；设备或软件信息，除以上所述设备信息外，我们可能收集您使用的软件的版本号、浏览器类型。为确保您操作环境的安全或提供服务所需，我们会收集有关您使用的移动应用和其他软件的信息。设备事件信息，包括崩溃、系统活动信息及其他相关信息。\n\t\t\t\t\t\t<div class=\"titlePage\" style=\"font-size: 18px;\">6. 经您同意后收集的其他信息</div>我们的部分产品和服务的个别特定功能可能需要您提供特定的个人敏感信息来实现。若您选择不提供该类信息，则可能无法正常使用对应功能，但不影响您使用服务中的其他功能。这些功能包括：<br>（1）基于摄像头（相机）的应用功能：您可在开启相机/摄像头权限后完成视频拍摄、拍照、扫码以及人脸识别的功能。未来我们可能会将人脸识别技术应用于更多场景，但那时我们会再次与您确认您是否愿意我们使用您的面部信息来实现这些扩展功能。 <br>（2）基于相册（图片库/视频库）的图片/视频访问及上传的应用功能：您可在开启相册权限后使用对应功能对你的照片/图片/视频进行编辑处理。 <br>（3）基于麦克风语音技术的应用功能：您可在开启麦克风权限后直接使用麦克风来进行录音或是实现对应的功能。在这些功能中我们会收集您的录音以识别您语音内容，实现对应的功能效果。 <br>（4）基于通讯录信息的应用功能：我们将在您开启通讯录权限后收集您的通讯录信息，使你在使用对应功能时可以更便利的取用您通讯录内的联系人信息，无需再手动输入。 <br>（5）基于日历的应用功能：我们将在您开启可读取/写入您日历的权限后，我们将收集您的日历信息用于备忘录记录及提醒。 <br>（6）基于手机文件读取的应用功能：您可在开启文件读取/上传的权限后使用对应功能对手机内的文件进行编辑处理。 <br>您理解并同意，上述应用功能可能需要您在您的设备中向我们开启您的相机（摄像头）、相册（图片库）、麦克风（语音）、通讯录及日历的访问权限，以实现这些功能所涉及的信息的收集和使用。请您注意，收集个人敏感信息前，我们会以弹窗或类似显著方式获取您的同意。若您主动提供您的个人敏感信息，即表示您同意我们按本政策所述目的和方式来处理您的个人敏感信息\n\t\t\t\t\t\t<div class=\"titlePage\" style=\"font-size: 18px;\">7. 其他第三方分享的您的信息</div>主要包括的情况：（1）其他用户发布的信息中可能包含您的信息。<br><br>\n\t\t\t\t\t\t<strong>二、我们如何使用收集的信息</strong>\n\t\t\t\t\t\t<br>我们严格遵守法律法规的规定及与用户的约定，将收集的信息用于以下用途。若我们超出以下用途使用您的信息，我们将再次向您进行说明，并征得您的同意。\n\t\t\t\t\t\t<br>1. 向您提供服务，产品开发和服务优化 ：例如，当我们的系统发生故障时，我们会记录和分析系统故障时产生的信息，优化我们的服务。\n\t\t\t\t\t\t<br>2. 安全保障 ：例如，我们会将您的信息用于身份验证、安全防范、反诈骗监测、存档备份、客户的安全服务等用途。例如，您下载或安装的安全软件会对恶意程序或病毒进行检测，或为您识别诈骗信息。\n\t\t\t\t\t\t<br>3. 评估、改善我们的广告投放和其他促销及推广活动的效果 。\n\t\t\t\t\t\t<br>4. 管理软件 ：例如，进行软件认证、软件升级等。\n\t\t\t\t\t\t<br>5. 邀请您参与有关我们服务的调查 。\n\t\t\t\t\t\t<br>6. 根据法律法规在如下情形收集使用您的相关信息，此种情况下无须获得您的授权。 <br>与国家安全、国防安全有关的； <br>与公共安全、公共卫生、重大公共利益有关的； <br>与犯罪侦查、起诉、审判和判决执行等有关的； <br>出于维护个人信息主体或其他个人的生命、财产等重大合法权益但又很难得到本人同意的； <br>用于维护所提供的产品与/或服务的安全稳定运行所必需的，包括发现、处置产品与/或服务的故障等； <br>为合法的新闻报道所必需的； <br>学术研究机构基于公共利益开展统计或学术研究所必要，且对外提供学术研究或描述的结果时，对结果中所包含的个人信息进行去标识化处理的； <br>法律法规规定的其他情形。\n\t\t\t\t\t\t<br><strong>三、我们如何共享、转让、公开披露你的个人信息</strong><br>我们充分知晓因违法共享、转让、公开披露个人信息对个人信息主体造成损害时所应承担的法律责任，对于你的个人信息的一切共享、转让、公开披露，我们将严格按照以下条款进行：\n\t\t\t\t\t\t<div class=\"titlePage\" style=\"font-size: 18px;\">(一) &nbsp;共享</div>尊重用户个人隐私是我们的一项基本原则。除以下情形外，我们不会与任何公司、组织和个人分享你的个人信息： <br>1、在获取明确同意的情况下共享：获得你的明确同意后，我们会与其他方共享你的个人信息。 <br>2、我们可能会按照司法机关或行政机关的要求，对外共享你的个人信息。 <br>3、与关联方共享：你的个人信息可能会与我们的关联公司共享。我们只会共享必要的个人信息，且受本隐私政策中所声明目的的约束。关联公司如要改变个人信息的处理目的，将再次征求你的授权同意。 <br>4、与授权合作伙伴共享：仅为实现本政策中声明的目的，我们的某些服务将由授权合作伙伴提供。我们可能会与合作伙伴共享你的某些个人信息，以提供更好的客户服务和用户体验。我们仅会出于合法、正当、必要、特定、明确的目的共享你的个人信息，并且只会共享提供服务所必要的个人信息，例如在你上网购买我们的产品时必须与物流公司共享你的信息。我们的合作伙伴无权将共享的个人信息用于任何其他用途。 <br>对我们与之共享个人信息的公司、组织和个人，我们会与其签署严格的保密协定，要求他们按照我们的说明、本隐私政策以及其他任何相关的保密和安全措施来处理个人信息。\n\t\t\t\t\t\t<div class=\"titlePage\" style=\"font-size: 18px;\">(二) &nbsp;转让</div>我们不会将你的个人信息转让给任何公司、组织和个人，但以下情况除外：<br>1、在获取明确同意的情况下转让：获得你的明确同意后，我们会向其他方转让你的个人信息。 <br>2、在涉及合并、收购或破产清算时，如涉及到个人信息转让，我们会在要求新的持有你个人信息的公司、组织继续受此隐私政策的约束，否则我们将要求该公司、组织重新向你征求授权同意。\n\t\t\t\t\t\t<div class=\"titlePage\" style=\"font-size: 18px;\">(三) &nbsp;公开披露</div>我们仅会在以下情况下，公开披露你的个人信息：<br>1、在您明确同意的披露方式下披露您所指定的个人信息 <br>2、根据法律、法规的要求、强制性的行政执法或司法要求所必须提供您个人信息的情况下，我们可能会依据所要求的个人信息类型和披露方式公开披露您的个人信息。在符合法律法规的前提下，当我们收到上述披露信息的请求时，我们会要求必须出具与之相应的法律文件，如传票或调查函。 <br>\n\n\t\t\t\t\t\t<br><strong>四、我们如何保护你的个人信息</strong><br>\n\t\t\t\t\t\t1. 我们已使用符合业界标准的安全防护措施保护你提供的个人信息， 防止数据遭到未经授权访问、公开披露、使用、修改、损坏或丢失。我们会采取一切合理可行的措施，保护你的个人信息。例如，在你的浏览器与“服务”之间交换数据(如信用卡信息)时受SSL加密保护；我们同时对网站提供https安全浏览方式；我们会使用加密技术确保数据的保密性；我们会使用受信赖的保护机制防止数据遭到恶意攻击；我们会部署访问控制机制，确保只有授权人员才可访问个人信息；以及我们会举办安全和隐私保护培训课程，加强员工对于保护个人信息重要性的认识。 <br>\n\t\t\t\t\t\t2. 我们会采取一切合理可行的措施，确保未收集无关的个人信息。<br>3. 互联网并非绝对安全的环境，而且电子邮件、即时通讯、及与其他用户的交流方式并未加密，我们强烈建议你不要通过此类方式发送个人信息。请使用复杂密码，协助我们保证你的账号安全。 <br>4. 互联网环境并非百分之百安全，我们将尽力确保或担保你发送给我们的任何信息的安全性。如果我们的物理、技术、或管理防护设施遭到破坏，导致信息被非授权访问、公开披露、篡改、或毁坏，导致你的合法权益受损，我们将承担相应的法律责任。 <br>5. 在不幸发生个人信息安全事件后，我们将按照《网络安全法》第42条第二款之规定及时向你告知：安全事件的基本情况和可能的影响、我们已采取或将要采取的处置措施、你可自主防范和降低风险的建议、对你的补救措施等。我们将及时将事件相关情况以邮件、信函、电话、推送通知等方式告知你，难以逐一告知个人信息主体时，我们会采取合理、有效的方式发布公告。同时，我们还将按照监管部门要求，主动上报个人信息安全事件的处置情况。 <br><br>\n\n\t\t\t\t\t\t<strong>五、您如何管理您的个人信息</strong><br>1. 您可以在使用我们服务的过程中，访问、修改和删除您提供的信息和其他个人信息，也可按照通知指引与我们联系。您访问、修改和删除个人信息的范围和方式将取决于您使用的具体服务。 <br>例如，若您在使用地理位置相关服务时，希望停止分享您的地理位置信息，您可通过手机定位关闭功能、软硬件服务商及通讯服务提供商的关闭方式停止分享，建议您仔细阅读相关指引。 <br>2. 我们将按照本政策所述，仅为实现我们产品或服务的功能，收集、使用您的信息。 <br>如您发现我们违反法律、行政法规的规定或者双方的约定收集、使用您的个人信息，您可以要求我们删除。 <br>如您发现我们收集、存储的您的个人信息有错误的，您也可以要求我们更正。 <br>在您访问、修改和删除相关信息时，我们可能会要求您进行身份验证，以保障帐号的安全。 <br>3. 在以下情形中，按照法律法规要求，我们将无法响应你的请求： <br>与国家安全、国防安全直接相关的。 <br>与公共安全、公共卫生、重大公共利益直接相关的。 <br>与犯罪侦查、起诉、审判和判决执行等直接相关的。 <br>有充分证据表明你存在主观恶意或滥用权利的。 <br>响应你的请求将导致你或其他个人、组织的合法权益受到严重损害的。 <br>涉及商业秘密的。 <br><br>\n\t\t\t\t\t\t<strong>六、关于儿童的个人信息</strong><br>我们的产品、网站和服务主要面向成人。如果没有父母或监护人的同意，未成年人不得创建自己的用户账户。对于经父母同意而收集未成年个人信息的情况，我们只会在司法机关或行政机关要求、父母或监护人明确同意或者保护未成年人所必要的情况下使用或公开披露此信息。 <br>尽管当地法律和习俗对未成年人的定义不同，但我们将不满 16 周岁的任何人均视为未成年人。 <br>如果我们发现自己在未事先获得可证实的父母同意的情况下收集了未成年人的个人信息，则会设法尽快删除相关数据。 <br><br>\n\t\t\t\t\t\t<strong>七、本政策如何更新</strong><br>我们的隐私政策将不定时更新。<br>通常情况下，我们不会削减你按照本隐私政策所应享有的权利。我们会在本页面上发布更新后的版本并且以弹框或与弹框同等显著的方式通知你本政策所做的任何变更，你同意后，即表示同意受经修订的本政策的约束。 <br><br>\n\t\t\t\t\t\t<strong>八、如何联系我们</strong><br>如果你对我们的回复不满意，特别是我们的个人信息处理行为损害了你的合法权益，你还可以通过向我们所在地有管辖权的人民法院提起诉讼的方式寻求解决方案。 <br></div>\n\n\t\t\t\t\t<p>隐私政策发布日期：2020年12月11日</p>\n\t\t\t\t\t<p>隐私政策更新日期：2022年4月4日</p>\n\t\t\t\t\t<p>隐私政策生效日期：2022年4月4日</p>\n\t\t\t\t</div>\n\t\t\t\t<div></div>\n\t\t\t\t<style type=\"text/css\">\n\t\t\t\t\t\t\t.qmbox style,\n\t\t\t\t\t\t\t.qmbox script,\n\t\t\t\t\t\t\t.qmbox head,\n\t\t\t\t\t\t\t.qmbox link,\n\t\t\t\t\t\t\t.qmbox meta {\n\t\t\t\t\t\t\t\tdisplay: none !important;\n\t\t\t\t\t\t\t}\n\t\t\t\t\t\t</style>\n\t\t\t</div>\n\t\t</div>\n\t\t<!-- -->\n\t\t<style>\n\t\t\t\t\t#mailContentContainer .txt {\n\t\t\t\t\t\theight: auto;\n\t\t\t\t\t}\n\t\t\t\t</style>\n\t</div>\n</div>\n\n\n\n<script>\n window.parent.document.getElementById(\"child\").height = document.body.scrollHeight+50;\n  window.parent.parent.document.getElementById(\"iframe\").height = document.body.scrollHeight+500;\n </script></body></html>",
    "policy_text": "隐私政策\n长沙茂若网络科技有限公司(\"桃源人家幸福生活\"、\"我方\"或\"我们\")尊重并保护所有使用隐私政策网络服务用户的个人隐私权。我们的隐私政策涵盖我们收集，使用，披露，传输和存储您的信息的方式。但隐私政策将以高度的勤勉、审慎义务对待这些信息。隐私政策会不时更新本隐私权政策。 您在同意隐私政策络服务使用协议之时，即视为您已经同意本隐私权政策全部内容。本隐私权政策属于隐私政策络服务使用协议不可分割的一部分。你不是一定要提供我们要求的个人信息，但在许多情况下，如果你选择不提供，我们将无法为你提供我们的产品或服务，也无法回应你遇到的任何问题。\n一、我们如何收集信息\n我们根据合法、正当、必要的原则，仅收集实现产品功能所必要的信息。我们公司收集个人信息的主要来源有：您提供的信息、在您使用我们产品或服务过程中获取的信息、第三方分享的您的信息。我们会出于如下产品功能的目的，收集和使用您的个人信息，如您不提供相关信息或不同意我们收集相关信息，您可能无法成为我们的用户或无法享受我们提供的某些服务，或无法达到好的服务效果。\n1. 集成SDK服务及权限使用说明\n(1). 友盟+SDK\n使用目的：统计分析、推送信息\n数据类型：我们的产品应用运行期间在经过您同意之后在后台状态下需要收集用户个人信息。我们收集、使用的个人信息包括但不限于以下类型：包括但不限于手机号/设备ID(DEVICE_ID)/IMEI/Mac/androidID/IDFA/OPENUDID/GUID/SIM卡IMSI/地理位置信息或其他永久性或非永久性设备标识符（“设备标识符”）；设备平台和固件；加速度传感器;剪切板;手机运营商；邮政编码、地域码、粗略定位等地理数据\n官网链接：https://www.umeng.com\n(2). 字节跳动穿山甲广告SDK\n我们的产品集成字节跳动穿山甲广告SDK， 可能需要访问您的网络状态来获取粗略位置以及获取软件安装列表，以提供广告展示的业务。\n信息收集：我们的产品应用运行期间在经过您同意之后在后台状态下需要收集用户个人信息。我们收集、使用的个人信息包括但不限于以下类型：包括但不限于手机号/设备ID(DEVICE_ID)/IMEI/Mac/androidID/IDFA/OPENUDID/GUID/SIM卡IMSI/地理位置信息或其他永久性或非永久性设备标识符（“设备标识符”）；设备平台和固件；加速度传感器;剪切板;手机运营商；邮政编码、地域码、粗略定位等地理数据\n官网链接：https://www.pangle.cn\n(3). 微信SDK：com.tencent.mm.opensdk\n我们的产品集成微信SDK， 可能需要访问您的网络状态来获取粗略位置以及获取软件安装列表，以提供广告展示的业务。\n信息收集：我们的产品应用运行期间在经过您同意之后在后台状态下需要收集用户个人信息。我们收集、使用的个人信息包括但不限于以下类型：包括但不限于手机号/设备ID(DEVICE_ID)/IMEI/Mac/androidID/IDFA/OPENUDID/GUID/SIM卡IMSI/地理位置信息或其他永久性或非永久性设备标识符（“设备标识符”）；设备平台和固件；加速度传感器;剪切板;手机运营商；邮政编码、地域码、粗略定位等地理数据\n官网链接：https://open.weixin.qq.com\n2. App使用权限说明\n(1). 存储权限：用于网络数据缓存或本地文件的存储读取\n(2). 地理位置权限：用户声明地理位置权限将应用于穿山甲的广告\n(3). 获取安装列表权限：判定广告对应的应用是否在用户的手机上安装，避免投放错误的广告\n3. 您通过我们的客服或参加我们举办的活动时所提交的信息。为及时与您取得联系，反馈客服问题或相关活动信息，您可能会向我们提供您的联系方式，以便及时沟通。\n4. 设备信息\n设备信息，是指您使用我们产品或服务时使用的设备的信息。为了产品和服务与设备进行必要的适配及提供安全服务，您在使用产品或服务时，会收集您使用的设备名称、设备型号、设备识别码、操作系统和应用程序版本、语言设置、分辨率、服务提供商网络ID（PLMN）相关信息。收集这些信息是为了帮助我们进行bug分析，保障您正常使用我们产品和服务、改进和优化我们的产品体验、保障您的账号安全。除本政策另有明确约定外，我们不会将您的设备信息提供给任何第三方。但我们无法保证其他第三方不会通过其他途径获知您设备信息、并将设备信息与其他信息相结合识别您个人身份的情况，由此造成您任何损失的，您应向第三方追偿。上述设备信息是为提供服务所收集的基础信息，如您不想设备信息被我们收集，则可能导致我们无法向您提供正常的服务。\n\n5. 日志信息\n出于服务安全的必要，您使用产品和服务时，系统可能通过cookies或其他方式自动收集某些信息并存储在服务器日志中。此类信息可能包括：\n对我们的产品和服务的详细使用情况，此种信息可能包括您使用的网页搜索词语、访问的页面地址、以及您在使用服务时浏览或要求提供的其他信息和内容详情；设备或软件信息，除以上所述设备信息外，我们可能收集您使用的软件的版本号、浏览器类型。为确保您操作环境的安全或提供服务所需，我们会收集有关您使用的移动应用和其他软件的信息。设备事件信息，包括崩溃、系统活动信息及其他相关信息。\n\n6. 经您同意后收集的其他信息\n我们的部分产品和服务的个别特定功能可能需要您提供特定的个人敏感信息来实现。若您选择不提供该类信息，则可能无法正常使用对应功能，但不影响您使用服务中的其他功能。这些功能包括：\n（1）基于摄像头（相机）的应用功能：您可在开启相机/摄像头权限后完成视频拍摄、拍照、扫码以及人脸识别的功能。未来我们可能会将人脸识别技术应用于更多场景，但那时我们会再次与您确认您是否愿意我们使用您的面部信息来实现这些扩展功能。\n（2）基于相册（图片库/视频库）的图片/视频访问及上传的应用功能：您可在开启相册权限后使用对应功能对你的照片/图片/视频进行编辑处理。\n（3）基于麦克风语音技术的应用功能：您可在开启麦克风权限后直接使用麦克风来进行录音或是实现对应的功能。在这些功能中我们会收集您的录音以识别您语音内容，实现对应的功能效果。\n（4）基于通讯录信息的应用功能：我们将在您开启通讯录权限后收集您的通讯录信息，使你在使用对应功能时可以更便利的取用您通讯录内的联系人信息，无需再手动输入。\n（5）基于日历的应用功能：我们将在您开启可读取/写入您日历的权限后，我们将收集您的日历信息用于备忘录记录及提醒。\n（6）基于手机文件读取的应用功能：您可在开启文件读取/上传的权限后使用对应功能对手机内的文件进行编辑处理。\n您理解并同意，上述应用功能可能需要您在您的设备中向我们开启您的相机（摄像头）、相册（图片库）、麦克风（语音）、通讯录及日历的访问权限，以实现这些功能所涉及的信息的收集和使用。请您注意，收集个人敏感信息前，我们会以弹窗或类似显著方式获取您的同意。若您主动提供您的个人敏感信息，即表示您同意我们按本政策所述目的和方式来处理您的个人敏感信息\n\n7. 其他第三方分享的您的信息\n主要包括的情况：（1）其他用户发布的信息中可能包含您的信息。\n二、我们如何使用收集的信息\n我们严格遵守法律法规的规定及与用户的约定，将收集的信息用于以下用途。若我们超出以下用途使用您的信息，我们将再次向您进行说明，并征得您的同意。\n\n1. 向您提供服务，产品开发和服务优化 ：例如，当我们的系统发生故障时，我们会记录和分析系统故障时产生的信息，优化我们的服务。\n\n2. 安全保障 ：例如，我们会将您的信息用于身份验证、安全防范、反诈骗监测、存档备份、客户的安全服务等用途。例如，您下载或安装的安全软件会对恶意程序或病毒进行检测，或为您识别诈骗信息。\n\n3. 评估、改善我们的广告投放和其他促销及推广活动的效果 。\n\n4. 管理软件 ：例如，进行软件认证、软件升级等。\n\n5. 邀请您参与有关我们服务的调查 。\n\n6. 根据法律法规在如下情形收集使用您的相关信息，此种情况下无须获得您的授权。\n与国家安全、国防安全有关的；\n与公共安全、公共卫生、重大公共利益有关的；\n与犯罪侦查、起诉、审判和判决执行等有关的；\n出于维护个人信息主体或其他个人的生命、财产等重大合法权益但又很难得到本人同意的；\n用于维护所提供的产品与/或服务的安全稳定运行所必需的，包括发现、处置产品与/或服务的故障等；\n为合法的新闻报道所必需的；\n学术研究机构基于公共利益开展统计或学术研究所必要，且对外提供学术研究或描述的结果时，对结果中所包含的个人信息进行去标识化处理的；\n法律法规规定的其他情形。\n\n三、我们如何共享、转让、公开披露你的个人信息\n我们充分知晓因违法共享、转让、公开披露个人信息对个人信息主体造成损害时所应承担的法律责任，对于你的个人信息的一切共享、转让、公开披露，我们将严格按照以下条款进行：\n\n(一)  共享\n尊重用户个人隐私是我们的一项基本原则。除以下情形外，我们不会与任何公司、组织和个人分享你的个人信息：\n1、在获取明确同意的情况下共享：获得你的明确同意后，我们会与其他方共享你的个人信息。\n2、我们可能会按照司法机关或行政机关的要求，对外共享你的个人信息。\n3、与关联方共享：你的个人信息可能会与我们的关联公司共享。我们只会共享必要的个人信息，且受本隐私政策中所声明目的的约束。关联公司如要改变个人信息的处理目的，将再次征求你的授权同意。\n4、与授权合作伙伴共享：仅为实现本政策中声明的目的，我们的某些服务将由授权合作伙伴提供。我们可能会与合作伙伴共享你的某些个人信息，以提供更好的客户服务和用户体验。我们仅会出于合法、正当、必要、特定、明确的目的共享你的个人信息，并且只会共享提供服务所必要的个人信息，例如在你上网购买我们的产品时必须与物流公司共享你的信息。我们的合作伙伴无权将共享的个人信息用于任何其他用途。\n对我们与之共享个人信息的公司、组织和个人，我们会与其签署严格的保密协定，要求他们按照我们的说明、本隐私政策以及其他任何相关的保密和安全措施来处理个人信息。\n\n(二)  转让\n我们不会将你的个人信息转让给任何公司、组织和个人，但以下情况除外：\n1、在获取明确同意的情况下转让：获得你的明确同意后，我们会向其他方转让你的个人信息。\n2、在涉及合并、收购或破产清算时，如涉及到个人信息转让，我们会在要求新的持有你个人信息的公司、组织继续受此隐私政策的约束，否则我们将要求该公司、组织重新向你征求授权同意。\n\n(三)  公开披露\n我们仅会在以下情况下，公开披露你的个人信息：\n1、在您明确同意的披露方式下披露您所指定的个人信息\n2、根据法律、法规的要求、强制性的行政执法或司法要求所必须提供您个人信息的情况下，我们可能会依据所要求的个人信息类型和披露方式公开披露您的个人信息。在符合法律法规的前提下，当我们收到上述披露信息的请求时，我们会要求必须出具与之相应的法律文件，如传票或调查函。\n四、我们如何保护你的个人信息\n1. 我们已使用符合业界标准的安全防护措施保护你提供的个人信息， 防止数据遭到未经授权访问、公开披露、使用、修改、损坏或丢失。我们会采取一切合理可行的措施，保护你的个人信息。例如，在你的浏览器与“服务”之间交换数据(如信用卡信息)时受SSL加密保护；我们同时对网站提供https安全浏览方式；我们会使用加密技术确保数据的保密性；我们会使用受信赖的保护机制防止数据遭到恶意攻击；我们会部署访问控制机制，确保只有授权人员才可访问个人信息；以及我们会举办安全和隐私保护培训课程，加强员工对于保护个人信息重要性的认识。\n2. 我们会采取一切合理可行的措施，确保未收集无关的个人信息。\n3. 互联网并非绝对安全的环境，而且电子邮件、即时通讯、及与其他用户的交流方式并未加密，我们强烈建议你不要通过此类方式发送个人信息。请使用复杂密码，协助我们保证你的账号安全。\n4. 互联网环境并非百分之百安全，我们将尽力确保或担保你发送给我们的任何信息的安全性。如果我们的物理、技术、或管理防护设施遭到破坏，导致信息被非授权访问、公开披露、篡改、或毁坏，导致你的合法权益受损，我们将承担相应的法律责任。\n5. 在不幸发生个人信息安全事件后，我们将按照《网络安全法》第42条第二款之规定及时向你告知：安全事件的基本情况和可能的影响、我们已采取或将要采取的处置措施、你可自主防范和降低风险的建议、对你的补救措施等。我们将及时将事件相关情况以邮件、信函、电话、推送通知等方式告知你，难以逐一告知个人信息主体时，我们会采取合理、有效的方式发布公告。同时，我们还将按照监管部门要求，主动上报个人信息安全事件的处置情况。\n五、您如何管理您的个人信息\n1. 您可以在使用我们服务的过程中，访问、修改和删除您提供的信息和其他个人信息，也可按照通知指引与我们联系。您访问、修改和删除个人信息的范围和方式将取决于您使用的具体服务。\n例如，若您在使用地理位置相关服务时，希望停止分享您的地理位置信息，您可通过手机定位关闭功能、软硬件服务商及通讯服务提供商的关闭方式停止分享，建议您仔细阅读相关指引。\n2. 我们将按照本政策所述，仅为实现我们产品或服务的功能，收集、使用您的信息。\n如您发现我们违反法律、行政法规的规定或者双方的约定收集、使用您的个人信息，您可以要求我们删除。\n如您发现我们收集、存储的您的个人信息有错误的，您也可以要求我们更正。\n在您访问、修改和删除相关信息时，我们可能会要求您进行身份验证，以保障帐号的安全。\n3. 在以下情形中，按照法律法规要求，我们将无法响应你的请求：\n与国家安全、国防安全直接相关的。\n与公共安全、公共卫生、重大公共利益直接相关的。\n与犯罪侦查、起诉、审判和判决执行等直接相关的。\n有充分证据表明你存在主观恶意或滥用权利的。\n响应你的请求将导致你或其他个人、组织的合法权益受到严重损害的。\n涉及商业秘密的。\n六、关于儿童的个人信息\n我们的产品、网站和服务主要面向成人。如果没有父母或监护人的同意，未成年人不得创建自己的用户账户。对于经父母同意而收集未成年个人信息的情况，我们只会在司法机关或行政机关要求、父母或监护人明确同意或者保护未成年人所必要的情况下使用或公开披露此信息。\n尽管当地法律和习俗对未成年人的定义不同，但我们将不满 16 周岁的任何人均视为未成年人。\n如果我们发现自己在未事先获得可证实的父母同意的情况下收集了未成年人的个人信息，则会设法尽快删除相关数据。\n七、本政策如何更新\n我们的隐私政策将不定时更新。\n通常情况下，我们不会削减你按照本隐私政策所应享有的权利。我们会在本页面上发布更新后的版本并且以弹框或与弹框同等显著的方式通知你本政策所做的任何变更，你同意后，即表示同意受经修订的本政策的约束。\n八、如何联系我们\n如果你对我们的回复不满意，特别是我们的个人信息处理行为损害了你的合法权益，你还可以通过向我们所在地有管辖权的人民法院提起诉讼的方式寻求解决方案。\n隐私政策发布日期：2020年12月11日\n隐私政策更新日期：2022年4月4日\n隐私政策生效日期：2022年4月4日",
    "policy_html_source_code_clean": "闅愮鏀跨瓥\n<body>\n<meta></meta>\n<meta></meta>\n<meta></meta>\n<title>闅愮鏀跨瓥</title>\n<div id=\"qqmail_mailcontainer\">\n<div id=\"contentDiv\">\n<div id=\"qm_con_body\">\n<div id=\"mailContentContainer\">\n<div>\n<div><span id=\"companyname\">闀挎矙鑼傝嫢缃戠粶绉戞妧鏈夐檺鍏徃</span>(&quot;<span id=\"appname\">妗冩簮浜哄骞哥鐢熸椿</span></div></div></div></div></div></div></body>",
    "policy_text_clean": "闅愮鏀跨瓥\n闅愮鏀跨瓥\n闀挎矙鑼傝嫢缃戠粶绉戞妧鏈夐檺鍏徃(\"妗冩簮浜哄骞哥鐢熸椿"
}