{
    "app_id": "C105845065",
    "app_name": "隽久金句",
    "app_version": "1.3",
    "app_download_num_description": "<1 万次安装",
    "app_package_name": "com.lvapk.juzi",
    "app_score": 0.0,
    "app_package_size": "33.8 MB",
    "app_package_size_precise": 35467807,
    "app_icon_url": "https://appimg.dbankcdn.com/application/icon144/24cd047aa5d24ae58a826610b6e69bf5.png",
    "app_developer": "合肥应顺信息科技有限公司",
    "app_update_time": "2022-09-26",
    "app_update_description": "句子控的福音",
    "app_description": "金句名言补足正能量，元气满满再出发\n幽默段子扫除小烦恼，会心一笑好心情\n\n【甜蜜恋爱诗】献给梦里最挂念的人，爱情的文字如此让人沉醉\n【微博最个性】社交达人个性发帖不重样\n【经典英文迷】英语美文，励志金句随手拈来\n【幽默最搞笑】每天段子停不下来\n【神秘火星文】你的心思谁来猜\n\n【每日精选】精心搭配的美文和主题图片，方便分享朋友圈微博，快捷的编辑更换文字背景色和背景图片功能。\n快捷搜索功能：可以直接搜索想要表达的关键字，检索对应的经典语录。\n自写创作：随手记录心情感言，感悟，贴图保存或者分享。\n收藏功能：句子控 被一句唯美的句子打动，是否偶尔碰到一句犀利的言辞，有种醍醐灌顶的感觉。一句歌词，一段对白，一句摘抄，一句语录，触动人心的往往是一些短小精悍的经验总结。高效的整理句子，给您高效的推荐句子。",
    "app_policy_url": "https://static.zhulongjiang.com/privacy_policy/943F094A6D99EE62C46D9BF5592D0269.html",
    "app_listed_permission": "1.读取存储卡中的内容\n2.完全的网络访问权限\n3.读取通话状态和移动网络信息\n4.查看 Wi-Fi 连接",
    "app_listed_permission_description": "1.允许应用读取存储卡上的照片、媒体内容和文件。\n2.允许该应用创建网络套接字和使用自定义网络协议。浏览器和其他某些应用提供了向互联网发送数据的途径，因此应用无需该权限即可向互联网发送数据。\n3.允许应用获取本机号码、通话状态以及拨打的号码。\n4.允许该应用查看 Wi-Fi 网络的相关信息，例如是否开启 Wi-Fi 及已连接的 Wi-Fi 设备名称。",
    "app_category": [
        "新闻阅读"
    ],
    "app_subcategory": [
        "幽默"
    ],
    "app_APK_url": "https://appgallery.cloud.huawei.com/appdl/C105845065",
    "app_APK_name": "C105845065-1.3.apk",
    "app_policy_name": "C105845065-1.3.txt",
    "policy_html_source_code": "<html class=\"gr__boss_jddmob_com\" lang=\"zh-CN\"><head><meta http-equiv=\"Content-Type\" content=\"text/html; charset=UTF-8\">\n\n    <meta name=\"viewport\" content=\"width=device-width, initial-scale=1, maximum-scale=1, user-scalable=no\">\n    <style>\n    table, th, td {\n      border: 1px solid black;\n      border-collapse: collapse;\n    }\n  </style>\n</head>\n<body data-gr-c-s-loaded=\"true\">\n\n<div class=\"d-version\">\n    <div class=\"row\">\n        <h2>隽久金句隐私政策</h2>\n    </div>\n    <p>更新日期：2022年5月17日</p>\n    <p>生效日期：2022年5月17日</p>\n    <div>\n        <p style=\"text-indent:20px;\">[隽久金句]由合肥应顺信息科技有限公司开发，[隽久金句]尊重并保护所有使用服务用户的个人隐私权。为了给您提供更准确的服务，[隽久金句]会按照本隐私权政策的规定使用和披露您的个人信息。但[隽久金句]将以高度的勤勉、审慎义务对待这些信息。除本隐私权政策另有规定外，在未征得您事先许可的情况下，[隽久金句]不会将这些信息对外披露或向第三方提供。[隽久金句]会不时更新本隐私权政策。 您在同意[隽久金句]服务使用协议之时，即视为您已经同意本隐私权政策全部内容。本隐私权政策属于[隽久金句]服务使用协议不可分割的一部分。\n        </p></div>\n\n    <div>\n        <h3>信息获取</h3>\n        <p style=\"text-indent:20px;\">\n            请您了解，在您使用我们服务过程中，为向您提供正常的页面信息展示，保障软件安全运行，经您授权，我们会收集以下基本信息：您设备的硬件型号、操作系统版本号、国际移动设备识别码（IMEI）、国际移动用户识别码（IMSI）、媒体存取控制位址（MAC地址）、安卓系统设备唯一标识（安卓ID）、设备序列号、IOS系统设备的广告标识符（IDFA）、IP地址、软件版本号、网络接入方式及类型、操作日志，我们收集这些信息用于保障网络安全或运营安全，同时也将根据这些信息为您做对应的版本适配，以保障软件的正常启动运营。<br>\n            您理解并同意，您需要授权我们“电话”权限来允许我们获取前述的“设备的硬件型号”和“国际移动设备识别码（IMEI）”信息，我们不会调用“电话”权限下的其他权限。您可以选择拒绝授权或关闭该权限，您拒绝授权或关闭“电话”权限后，您仍然可以使用我们的服务，但可能会影响您的用户体验。<br>\n            同时，为了及时向您同步您的互动反馈信息（包括其他用户对您的点赞、打赏、评论回复）、内容更新（时事要闻、急闻，您关注的内容更新及时同步）同步、软件版本更新同步，我们会周期性的采集您的国际移动设备识别码(IMEI)、安卓系统设备唯一标识（安卓ID）、网络接入方式及类型、操作系统版本、软件版本号。</p>\n\n        <p style=\"text-indent:20px;\">同时，在使用我们的APP进行服务时，我们可能还将获取以下您的信息：\n        </p><h4>本地存储</h4>\n        <ul>\n            <li class=\"qx-li\">在您进行APP功能使用时，需要读取您的原始图片以及向您的本地存储中写入您修改后的图片。</li>\n        </ul>\n\n        <h4>电话（设备信息）</h4>\n        <ul><li class=\"qx-li\">我们APP内集成了友盟SDK统计，会获取您的设备信息，用于提供设备应用性能监控服务，排查应用性能崩溃原因。详见「第三方」章节。</li></ul>\n\n        <h4>MAC信息</h4>\n        <ul><li class=\"qx-li\">我们会在静默状态下获取mac地址，在无法通过IMEI标识设备，我们会将mac地址作为用户的唯一标识，以便正常提供统计分析服务和反作弊服务。</li></ul>\n\n        <h4>地理位置</h4>\n        <ul><li class=\"qx-li\">我们APP内集成了友盟SDK统计，会获取您的地理位置信息，通过采集位置信息提供反作弊服务，剔除作弊设备，详见「第三方」章节。</li></ul>\n\n        <h4>手机号码</h4>\n        <ul><li class=\"qx-li\">[隽久金句]的部分功能和服务可能需要您注册帐号才能使用，注册账号时需要您提供相应的个人信息，例如您的手机号码等。</li></ul>\n\n        <h4>应用安装列表</h4>\n        <ul><li class=\"qx-li\">[隽久金句]的部分功能和服务可能获取您设备的应用安装列表，用于确保操作环境的安全</li></ul>\n\n        <h4>相册读写</h4>\n<ul><li class=\"qx-li\">获取相册读写权限，此权限用于读取相册照片作为分享内容的背景图。</li></ul>\n\n        <h3>信息使用</h3>\n        <ul>\n            <li class=\"qx-li\">[隽久金句]不会向任何无关第三方提供、出售、出租、分享或交易您的个人信息，除非事先得到您的许可，或该第三方和[隽久金句]（含[隽久金句]关联公司）单独或共同为您提供服务，且在该服务结束后，其将被禁止访问包括其以前能够访问的所有这些资料。\n            </li>\n            <li class=\"qx-li\">\n                [隽久金句]亦不允许任何第三方以任何手段收集、编辑、出售或者无偿传播您的个人信息。任何平台用户如从事上述活动，一经发现，[隽久金句]有权立即终止与该用户的服务协议。\n            </li>\n            <li class=\"qx-li\">您的手机号码等个人信息将用于身份验证等用途。\n            </li>\n        </ul>\n\n        <h3>信息披露</h3>\n        <p style=\"text-indent:20px;\">在如下情况下，[隽久金句]将依据您的个人意愿或法律的规定全部或部分的披露您的个人信息：</p>\n        <ul>\n            <li class=\"qx-li\">经您事先同意，向第三方披露；\n            </li>\n            <li class=\"qx-li\">\n                为提供您所要求的产品和服务，而必须和第三方分享您的个人信息；\n            </li>\n            <li class=\"qx-li\">根据法律的有关规定，或者行政或司法机构的要求，向第三方或者行政、司法机构披露；\n            </li>\n            <li class=\"qx-li\">如您出现违反中国有关法律、法规或者[隽久金句]服务协议或相关规则的情况，需要向第三方披露；\n            </li>\n            <li class=\"qx-li\">如您是适格的知识产权投诉人并已提起投诉，应被投诉人要求，向被投诉人披露，以便双方处理可能的权利纠纷；\n            </li>\n            <li class=\"qx-li\">在[隽久金句]平台上创建的某一交易中，如交易任何一方履行或部分履行了交易义务并提出信息披露请求的，[隽久金句]有权决定向该用户提供其交易对方的联络方式等必要信息，以促成交易的完成或纠纷的解决。\n            </li>\n            <li class=\"qx-li\">其它[隽久金句]根据法律、法规或者网站政策认为合适的披露。\n            </li>\n        </ul>\n\n        <h3>信息存储和交换</h3>\n        <p style=\"text-indent:20px;\">[隽久金句]收集的有关您的信息和资料将保存在[隽久金句]及（或）其关联公司的服务器上，这些信息和资料可能传送至您所在国家、地区或[隽久金句]收集信息和资料所在地的境外并在境外被访问、存储。</p>\n\n        <h3>第三方</h3>\n\n        <table>\n        <thead>\n        <tr>\n            <th>SDK名称</th>\n            <th>SDK包名</th>\n            <th>SDK用途</th>\n            <th>可能获取的个人信息类型</th>\n            <th>调用的设备权限</th>\n            <th>官网链接</th>\n        </tr>\n        </thead>\n        <tbody><tr>\n            <td>友盟统计</td>\n            <td>\n                com.umeng.umsdk:common\n                com.umeng.umsdk:asms\n                com.umeng.umsdk:apm\n            </td>\n            <td>提供设备应用性能监控服务；通过采集位置信息提供反作弊服务，剔除作弊设备，排查应用性能崩溃原因。</td>\n            <td>IMEI/Mac/android ID/IDFA/OPENUDID/GUID、SIM 卡 IMSI 信息、硬件序列号（Build.Serial）</td>\n            <td>\n                检测联网方式，在网络异常状态下避免数据发送，节省流量和电量。<br>\n                获取用户设备的IMEI，通过IMEI对用户进行唯一标识，以便提供统计分析服务。<br>\n                获取WIFI mac地址，在平板设备或电视盒子上，无法通过IMEI标识设备，我们会将WIFI mac地址作为用户的唯一标识，以便正常提供统计分析服务。<br>\n                允许应用程序联网和发送统计数据的权限，以便提供统计分析服务。\n            </td>\n            <td>https://mobile.umeng.com/</td>\n        </tr>\n        <tr>\n            <td>穿山甲广告SDK</td>\n            <td>com.bytedance.sdk.openadsdk</td>\n            <td>提供广告服务</td>\n            <td>设备品牌、型号、android ID，SIM卡IMSI 信息、硬件序列号（Build.Serial），软件系统版本相关信息，oaid等基础信息；无线SSID名称、wifi路由器mac地址、设备的mac地址、设备IMEI、设备地理位置；设备应用安装列表</td>\n            <td>检测联网方式，在网络异常状态下避免数据发送，节省流量和电量。\n                获取用户设备的IMEI，通过IMEI对用户进行唯一标识</td>\n            <td>https://www.pangle.cn/</td>\n        </tr>\n        <tr>\n            <td>支付宝支付SDK</td>\n            <td>com.alipay.sdk</td>\n            <td>让用户在App内使用支付宝账号快速登录，调用支付宝App内的支付模块进行支付</td>\n            <td>用户设备信息：android ID、本机Mac地址、BSSID、SSID、SIM卡序列号、硬件序列号（Build.Serial）、设备屏幕密度、IMEI、IMSI；网络信息：网络类型、当前连接Wi-Fi信息、运营商名称；应用数据：访问外部存储卡。</td>\n            <td>访问网络连接，获取当前 Wi-Fi 接入的状态以及 WLAN 热点的信息</td>\n            <td>https://open.alipay.com/</td>\n        </tr>\n        <tr>\n            <td>微信登录及支付</td>\n            <td>com.tencent.mm.opensdk</td>\n            <td>提供微信登录及微信支付服务</td>\n            <td>设备信息（IMEI/MAC/Android ID/IDFA/OpenUDID/GUID/SIM卡IMSI）、网络信息（IP）、地理位置信息、日志信息</td>\n            <td>访问网络，获取当前 Wi-Fi 接入的状态以及 WLAN 热点的信息</td>\n            <td>https://pay.weixin.qq.com/</td>\n        </tr>\n\n        \n\n        </tbody>\n    </table>\n\n        <h3>关于个人信息的查询、更正和删除（注销）</h3>\n        <p style=\"text-indent:20px;\">\n\n            [隽久金句]的部分功能无需注册/登录即可使用，此时我们不会存储任何能关联到您个人身份的信息（手机号码等），系统也不会显示个人信息查询、更正和删除入口。</p>\n        <p style=\"text-indent:20px;\">当您通过个人手机号或者其他个人信息登录系统后，您可以在我们的“个人中心”页面查询到您的个人信息，并可根据页面引导对个人信息进行更正或删除（注销）。\n        </p>\n\n        <p style=\"text-indent:20px;\">当您删除个人信息后，我们可能不会立即从备份系统中删除相应的信息，但会在备份更新时删除这些信息。在您注销账号时我们将删除您的个人信息，但根据法律法规不得删除的情形除外。\n        </p>\n        <p style=\"text-indent:20px;\">\n            我们匿名化处理或删除您的个人信息时，如您的个人信息曾被共享，我们还会通知相关公司、组织或个人对您的个人信息做匿名化或删除处理。\n        </p>\n\n        <h3>联系我们</h3>\n        <p style=\"text-indent:20px;\">\n            当您有其他建议、投诉或其他产品隐私问题，可通过以下方式联系我们：\n        </p>\n        <p style=\"text-indent:20px;\">\n            运营者：合肥应顺信息科技有限公司</p>\n        <p style=\"text-indent:20px;\">\n            注册地址：合肥市蜀山区轩辕路与习友路交口南湖春城56栋3003室</p>\n        <p style=\"text-indent:20px;\">\n            办公地址：合肥市蜀山区轩辕路与习友路交口南湖春城56栋3003室</p>\n        <p style=\"text-indent:20px;\">\n            客服邮箱：support@zhulongjiang.com</p>\n        <p style=\"text-indent:20px;\">\n            信息保护负责人：小应，13395608032</p>\n\n    </div>\n</div>\n\n\n\n\n</body></html>",
    "policy_text": "隽久金句隐私政策\n更新日期：2022年5月17日\n生效日期：2022年5月17日\n[隽久金句]由合肥应顺信息科技有限公司开发，[隽久金句]尊重并保护所有使用服务用户的个人隐私权。为了给您提供更准确的服务，[隽久金句]会按照本隐私权政策的规定使用和披露您的个人信息。但[隽久金句]将以高度的勤勉、审慎义务对待这些信息。除本隐私权政策另有规定外，在未征得您事先许可的情况下，[隽久金句]不会将这些信息对外披露或向第三方提供。[隽久金句]会不时更新本隐私权政策。 您在同意[隽久金句]服务使用协议之时，即视为您已经同意本隐私权政策全部内容。本隐私权政策属于[隽久金句]服务使用协议不可分割的一部分。\n\n信息获取\n请您了解，在您使用我们服务过程中，为向您提供正常的页面信息展示，保障软件安全运行，经您授权，我们会收集以下基本信息：您设备的硬件型号、操作系统版本号、国际移动设备识别码（IMEI）、国际移动用户识别码（IMSI）、媒体存取控制位址（MAC地址）、安卓系统设备唯一标识（安卓ID）、设备序列号、IOS系统设备的广告标识符（IDFA）、IP地址、软件版本号、网络接入方式及类型、操作日志，我们收集这些信息用于保障网络安全或运营安全，同时也将根据这些信息为您做对应的版本适配，以保障软件的正常启动运营。\n您理解并同意，您需要授权我们“电话”权限来允许我们获取前述的“设备的硬件型号”和“国际移动设备识别码（IMEI）”信息，我们不会调用“电话”权限下的其他权限。您可以选择拒绝授权或关闭该权限，您拒绝授权或关闭“电话”权限后，您仍然可以使用我们的服务，但可能会影响您的用户体验。\n同时，为了及时向您同步您的互动反馈信息（包括其他用户对您的点赞、打赏、评论回复）、内容更新（时事要闻、急闻，您关注的内容更新及时同步）同步、软件版本更新同步，我们会周期性的采集您的国际移动设备识别码(IMEI)、安卓系统设备唯一标识（安卓ID）、网络接入方式及类型、操作系统版本、软件版本号。\n同时，在使用我们的APP进行服务时，我们可能还将获取以下您的信息：\n\n本地存储\n在您进行APP功能使用时，需要读取您的原始图片以及向您的本地存储中写入您修改后的图片。\n电话（设备信息）\n我们APP内集成了友盟SDK统计，会获取您的设备信息，用于提供设备应用性能监控服务，排查应用性能崩溃原因。详见「第三方」章节。\nMAC信息\n我们会在静默状态下获取mac地址，在无法通过IMEI标识设备，我们会将mac地址作为用户的唯一标识，以便正常提供统计分析服务和反作弊服务。\n地理位置\n我们APP内集成了友盟SDK统计，会获取您的地理位置信息，通过采集位置信息提供反作弊服务，剔除作弊设备，详见「第三方」章节。\n手机号码\n[隽久金句]的部分功能和服务可能需要您注册帐号才能使用，注册账号时需要您提供相应的个人信息，例如您的手机号码等。\n应用安装列表\n[隽久金句]的部分功能和服务可能获取您设备的应用安装列表，用于确保操作环境的安全\n相册读写\n获取相册读写权限，此权限用于读取相册照片作为分享内容的背景图。\n信息使用\n[隽久金句]不会向任何无关第三方提供、出售、出租、分享或交易您的个人信息，除非事先得到您的许可，或该第三方和[隽久金句]（含[隽久金句]关联公司）单独或共同为您提供服务，且在该服务结束后，其将被禁止访问包括其以前能够访问的所有这些资料。\n\n[隽久金句]亦不允许任何第三方以任何手段收集、编辑、出售或者无偿传播您的个人信息。任何平台用户如从事上述活动，一经发现，[隽久金句]有权立即终止与该用户的服务协议。\n\n您的手机号码等个人信息将用于身份验证等用途。\n\n信息披露\n在如下情况下，[隽久金句]将依据您的个人意愿或法律的规定全部或部分的披露您的个人信息：\n经您事先同意，向第三方披露；\n\n为提供您所要求的产品和服务，而必须和第三方分享您的个人信息；\n\n根据法律的有关规定，或者行政或司法机构的要求，向第三方或者行政、司法机构披露；\n\n如您出现违反中国有关法律、法规或者[隽久金句]服务协议或相关规则的情况，需要向第三方披露；\n\n如您是适格的知识产权投诉人并已提起投诉，应被投诉人要求，向被投诉人披露，以便双方处理可能的权利纠纷；\n\n在[隽久金句]平台上创建的某一交易中，如交易任何一方履行或部分履行了交易义务并提出信息披露请求的，[隽久金句]有权决定向该用户提供其交易对方的联络方式等必要信息，以促成交易的完成或纠纷的解决。\n\n其它[隽久金句]根据法律、法规或者网站政策认为合适的披露。\n\n信息存储和交换\n[隽久金句]收集的有关您的信息和资料将保存在[隽久金句]及（或）其关联公司的服务器上，这些信息和资料可能传送至您所在国家、地区或[隽久金句]收集信息和资料所在地的境外并在境外被访问、存储。\n第三方\nSDK名称：友盟统计，SDK包名：com.umeng.umsdk:common  com.umeng.umsdk:asms  com.umeng.umsdk:apm，SDK用途：提供设备应用性能监控服务；通过采集位置信息提供反作弊服务，剔除作弊设备，排查应用性能崩溃原因。，可能获取的个人信息类型：IMEI/Mac/android ID/IDFA/OPENUDID/GUID、SIM 卡 IMSI 信息、硬件序列号（Build.Serial），调用的设备权限：检测联网方式，在网络异常状态下避免数据发送，节省流量和电量。  获取用户设备的IMEI，通过IMEI对用户进行唯一标识，以便提供统计分析服务。  获取WIFI mac地址，在平板设备或电视盒子上，无法通过IMEI标识设备，我们会将WIFI mac地址作为用户的唯一标识，以便正常提供统计分析服务。  允许应用程序联网和发送统计数据的权限，以便提供统计分析服务。，官网链接：https://mobile.umeng.com/。\nSDK名称：穿山甲广告SDK，SDK包名：com.bytedance.sdk.openadsdk，SDK用途：提供广告服务，可能获取的个人信息类型：设备品牌、型号、android ID，SIM卡IMSI 信息、硬件序列号（Build.Serial），软件系统版本相关信息，oaid等基础信息；无线SSID名称、wifi路由器mac地址、设备的mac地址、设备IMEI、设备地理位置；设备应用安装列表，调用的设备权限：检测联网方式，在网络异常状态下避免数据发送，节省流量和电量。  获取用户设备的IMEI，通过IMEI对用户进行唯一标识，官网链接：https://www.pangle.cn/。\nSDK名称：支付宝支付SDK，SDK包名：com.alipay.sdk，SDK用途：让用户在App内使用支付宝账号快速登录，调用支付宝App内的支付模块进行支付，可能获取的个人信息类型：用户设备信息：android ID、本机Mac地址、BSSID、SSID、SIM卡序列号、硬件序列号（Build.Serial）、设备屏幕密度、IMEI、IMSI；网络信息：网络类型、当前连接Wi-Fi信息、运营商名称；应用数据：访问外部存储卡。，调用的设备权限：访问网络连接，获取当前 Wi-Fi 接入的状态以及 WLAN 热点的信息，官网链接：https://open.alipay.com/。\nSDK名称：微信登录及支付，SDK包名：com.tencent.mm.opensdk，SDK用途：提供微信登录及微信支付服务，可能获取的个人信息类型：设备信息（IMEI/MAC/Android ID/IDFA/OpenUDID/GUID/SIM卡IMSI）、网络信息（IP）、地理位置信息、日志信息，调用的设备权限：访问网络，获取当前 Wi-Fi 接入的状态以及 WLAN 热点的信息，官网链接：https://pay.weixin.qq.com/。\n关于个人信息的查询、更正和删除（注销）\n[隽久金句]的部分功能无需注册/登录即可使用，此时我们不会存储任何能关联到您个人身份的信息（手机号码等），系统也不会显示个人信息查询、更正和删除入口。\n当您通过个人手机号或者其他个人信息登录系统后，您可以在我们的“个人中心”页面查询到您的个人信息，并可根据页面引导对个人信息进行更正或删除（注销）。\n\n当您删除个人信息后，我们可能不会立即从备份系统中删除相应的信息，但会在备份更新时删除这些信息。在您注销账号时我们将删除您的个人信息，但根据法律法规不得删除的情形除外。\n\n我们匿名化处理或删除您的个人信息时，如您的个人信息曾被共享，我们还会通知相关公司、组织或个人对您的个人信息做匿名化或删除处理。\n\n联系我们\n当您有其他建议、投诉或其他产品隐私问题，可通过以下方式联系我们：\n\n运营者：合肥应顺信息科技有限公司\n注册地址：合肥市蜀山区轩辕路与习友路交口南湖春城56栋3003室\n办公地址：合肥市蜀山区轩辕路与习友路交口南湖春城56栋3003室\n客服邮箱：support@zhulongjiang.com\n信息保护负责人：小应，13395608032",
    "policy_html_source_code_clean": "\n<div>\n<div>\n<h2>隽久金句隐私政策</h2>\n</div>\n<p>更新日期：2022年5月17日</p>\n<p>生效日期：2022年5月17日</p>\n<div>\n<p>[隽久金句]由合肥应顺信息科技有限公司开发，[隽久金句]尊重并保护所有使用服务用户的个人隐私权。为了给您提供更准确的服务，[隽久金句]会按照本隐私权政策的规定使用和披露您的个人信息。但[隽久金句]将以高度的勤勉、审慎义务对待这些信息。除本隐私权政策另有规定外，在未征得您事先许可的情况下，[隽久金句]不会将这些信息对外披露或向第三方提供。[隽久金句]会不时更新本隐私权政策。 您在同意[隽久金句]服务使用协议之时，即视为您已经同意本隐私权政策全部内容。本隐私权政策属于[隽久金句]服务使用协议不可分割的一部分。\n        </p></div>\n<div>\n<h3>信息获取</h3>\n<p>\n            请您了解，在您使用我们服务过程中，为向您提供正常的页面信息展示，保障软件安全运行，经您授权，我们会收集以下基本信息：您设备的硬件型号、操作系统版本号、国际移动设备识别码（IMEI）、国际移动用户识别码（IMSI）、媒体存取控制位址（MAC地址）、安卓系统设备唯一标识（安卓ID）、设备序列号、IOS系统设备的广告标识符（IDFA）、IP地址、软件版本号、网络接入方式及类型、操作日志，我们收集这些信息用于保障网络安全或运营安全，同时也将根据这些信息为您做对应的版本适配，以保障软件的正常启动运营。<br/>\n            您理解并同意，您需要授权我们“电话”权限来允许我们获取前述的“设备的硬件型号”和“国际移动设备识别码（IMEI）”信息，我们不会调用“电话”权限下的其他权限。您可以选择拒绝授权或关闭该权限，您拒绝授权或关闭“电话”权限后，您仍然可以使用我们的服务，但可能会影响您的用户体验。<br/>\n            同时，为了及时向您同步您的互动反馈信息（包括其他用户对您的点赞、打赏、评论回复）、内容更新（时事要闻、急闻，您关注的内容更新及时同步）同步、软件版本更新同步，我们会周期性的采集您的国际移动设备识别码(IMEI)、安卓系统设备唯一标识（安卓ID）、网络接入方式及类型、操作系统版本、软件版本号。</p>\n<p>同时，在使用我们的APP进行服务时，我们可能还将获取以下您的信息：\n        </p><h4>本地存储</h4>\n<ul>\n<li>在您进行APP功能使用时，需要读取您的原始图片以及向您的本地存储中写入您修改后的图片。</li>\n</ul>\n<h4>电话（设备信息）</h4>\n<ul><li>我们APP内集成了友盟SDK统计，会获取您的设备信息，用于提供设备应用性能监控服务，排查应用性能崩溃原因。详见「第三方」章节。</li></ul>\n<h4>MAC信息</h4>\n<ul><li>我们会在静默状态下获取mac地址，在无法通过IMEI标识设备，我们会将mac地址作为用户的唯一标识，以便正常提供统计分析服务和反作弊服务。</li></ul>\n<h4>地理位置</h4>\n<ul><li>我们APP内集成了友盟SDK统计，会获取您的地理位置信息，通过采集位置信息提供反作弊服务，剔除作弊设备，详见「第三方」章节。</li></ul>\n<h4>手机号码</h4>\n<ul><li>[隽久金句]的部分功能和服务可能需要您注册帐号才能使用，注册账号时需要您提供相应的个人信息，例如您的手机号码等。</li></ul>\n<h4>应用安装列表</h4>\n<ul><li>[隽久金句]的部分功能和服务可能获取您设备的应用安装列表，用于确保操作环境的安全</li></ul>\n<h4>相册读写</h4>\n<ul><li>获取相册读写权限，此权限用于读取相册照片作为分享内容的背景图。</li></ul>\n<h3>信息使用</h3>\n<ul>\n<li>[隽久金句]不会向任何无关第三方提供、出售、出租、分享或交易您的个人信息，除非事先得到您的许可，或该第三方和[隽久金句]（含[隽久金句]关联公司）单独或共同为您提供服务，且在该服务结束后，其将被禁止访问包括其以前能够访问的所有这些资料。\n            </li>\n<li>\n                [隽久金句]亦不允许任何第三方以任何手段收集、编辑、出售或者无偿传播您的个人信息。任何平台用户如从事上述活动，一经发现，[隽久金句]有权立即终止与该用户的服务协议。\n            </li>\n<li>您的手机号码等个人信息将用于身份验证等用途。\n            </li>\n</ul>\n<h3>信息披露</h3>\n<p>在如下情况下，[隽久金句]将依据您的个人意愿或法律的规定全部或部分的披露您的个人信息：</p>\n<ul>\n<li>经您事先同意，向第三方披露；\n            </li>\n<li>\n                为提供您所要求的产品和服务，而必须和第三方分享您的个人信息；\n            </li>\n<li>根据法律的有关规定，或者行政或司法机构的要求，向第三方或者行政、司法机构披露；\n            </li>\n<li>如您出现违反中国有关法律、法规或者[隽久金句]服务协议或相关规则的情况，需要向第三方披露；\n            </li>\n<li>如您是适格的知识产权投诉人并已提起投诉，应被投诉人要求，向被投诉人披露，以便双方处理可能的权利纠纷；\n            </li>\n<li>在[隽久金句]平台上创建的某一交易中，如交易任何一方履行或部分履行了交易义务并提出信息披露请求的，[隽久金句]有权决定向该用户提供其交易对方的联络方式等必要信息，以促成交易的完成或纠纷的解决。\n            </li>\n<li>其它[隽久金句]根据法律、法规或者网站政策认为合适的披露。\n            </li>\n</ul>\n<h3>信息存储和交换</h3>\n<p>[隽久金句]收集的有关您的信息和资料将保存在[隽久金句]及（或）其关联公司的服务器上，这些信息和资料可能传送至您所在国家、地区或[隽久金句]收集信息和资料所在地的境外并在境外被访问、存储。</p>\n<h3>第三方</h3>\n<table>\n<thead>\n<tr>\n<th>SDK名称</th>\n<th>SDK包名</th>\n<th>SDK用途</th>\n<th>可能获取的个人信息类型</th>\n<th>调用的设备权限</th>\n<th>官网链接</th>\n</tr>\n</thead>\n<tbody><tr>\n<td>友盟统计</td>\n<td>\n                com.umeng.umsdk:common\n                com.umeng.umsdk:asms\n                com.umeng.umsdk:apm\n            </td>\n<td>提供设备应用性能监控服务；通过采集位置信息提供反作弊服务，剔除作弊设备，排查应用性能崩溃原因。</td>\n<td>IMEI/Mac/android ID/IDFA/OPENUDID/GUID、SIM 卡 IMSI 信息、硬件序列号（Build.Serial）</td>\n<td>\n                检测联网方式，在网络异常状态下避免数据发送，节省流量和电量。<br/>\n                获取用户设备的IMEI，通过IMEI对用户进行唯一标识，以便提供统计分析服务。<br/>\n                获取WIFI mac地址，在平板设备或电视盒子上，无法通过IMEI标识设备，我们会将WIFI mac地址作为用户的唯一标识，以便正常提供统计分析服务。<br/>\n                允许应用程序联网和发送统计数据的权限，以便提供统计分析服务。\n            </td>\n<td>https://mobile.umeng.com/</td>\n</tr>\n<tr>\n<td>穿山甲广告SDK</td>\n<td>com.bytedance.sdk.openadsdk</td>\n<td>提供广告服务</td>\n<td>设备品牌、型号、android ID，SIM卡IMSI 信息、硬件序列号（Build.Serial），软件系统版本相关信息，oaid等基础信息；无线SSID名称、wifi路由器mac地址、设备的mac地址、设备IMEI、设备地理位置；设备应用安装列表</td>\n<td>检测联网方式，在网络异常状态下避免数据发送，节省流量和电量。\n                获取用户设备的IMEI，通过IMEI对用户进行唯一标识</td>\n<td>https://www.pangle.cn/</td>\n</tr>\n<tr>\n<td>支付宝支付SDK</td>\n<td>com.alipay.sdk</td>\n<td>让用户在App内使用支付宝账号快速登录，调用支付宝App内的支付模块进行支付</td>\n<td>用户设备信息：android ID、本机Mac地址、BSSID、SSID、SIM卡序列号、硬件序列号（Build.Serial）、设备屏幕密度、IMEI、IMSI；网络信息：网络类型、当前连接Wi-Fi信息、运营商名称；应用数据：访问外部存储卡。</td>\n<td>访问网络连接，获取当前 Wi-Fi 接入的状态以及 WLAN 热点的信息</td>\n<td>https://open.alipay.com/</td>\n</tr>\n<tr>\n<td>微信登录及支付</td>\n<td>com.tencent.mm.opensdk</td>\n<td>提供微信登录及微信支付服务</td>\n<td>设备信息（IMEI/MAC/Android ID/IDFA/OpenUDID/GUID/SIM卡IMSI）、网络信息（IP）、地理位置信息、日志信息</td>\n<td>访问网络，获取当前 Wi-Fi 接入的状态以及 WLAN 热点的信息</td>\n<td>https://pay.weixin.qq.com/</td>\n</tr>\n</tbody>\n</table>\n<h3>关于个人信息的查询、更正和删除（注销）</h3>\n<p>\n\n            [隽久金句]的部分功能无需注册/登录即可使用，此时我们不会存储任何能关联到您个人身份的信息（手机号码等），系统也不会显示个人信息查询、更正和删除入口。</p>\n<p>当您通过个人手机号或者其他个人信息登录系统后，您可以在我们的“个人中心”页面查询到您的个人信息，并可根据页面引导对个人信息进行更正或删除（注销）。\n        </p>\n<p>当您删除个人信息后，我们可能不会立即从备份系统中删除相应的信息，但会在备份更新时删除这些信息。在您注销账号时我们将删除您的个人信息，但根据法律法规不得删除的情形除外。\n        </p>\n<p>\n            我们匿名化处理或删除您的个人信息时，如您的个人信息曾被共享，我们还会通知相关公司、组织或个人对您的个人信息做匿名化或删除处理。\n        </p>\n<h3>联系我们</h3>\n<p>\n            当您有其他建议、投诉或其他产品隐私问题，可通过以下方式联系我们：\n        </p>\n<p>\n            运营者：合肥应顺信息科技有限公司</p>\n<p>\n            注册地址：合肥市蜀山区轩辕路与习友路交口南湖春城56栋3003室</p>\n<p>\n            办公地址：合肥市蜀山区轩辕路与习友路交口南湖春城56栋3003室</p>\n<p>\n            客服邮箱：support@zhulongjiang.com</p>\n<p>\n            信息保护负责人：小应，13395608032</p>\n</div>\n</div>",
    "policy_text_clean": "隽久金句隐私政策\n更新日期：2022年5月17日\n生效日期：2022年5月17日\n[隽久金句]由合肥应顺信息科技有限公司开发，[隽久金句]尊重并保护所有使用服务用户的个人隐私权。为了给您提供更准确的服务，[隽久金句]会按照本隐私权政策的规定使用和披露您的个人信息。但[隽久金句]将以高度的勤勉、审慎义务对待这些信息。除本隐私权政策另有规定外，在未征得您事先许可的情况下，[隽久金句]不会将这些信息对外披露或向第三方提供。[隽久金句]会不时更新本隐私权政策。 您在同意[隽久金句]服务使用协议之时，即视为您已经同意本隐私权政策全部内容。本隐私权政策属于[隽久金句]服务使用协议不可分割的一部分。\n\n信息获取\n请您了解，在您使用我们服务过程中，为向您提供正常的页面信息展示，保障软件安全运行，经您授权，我们会收集以下基本信息：您设备的硬件型号、操作系统版本号、国际移动设备识别码（IMEI）、国际移动用户识别码（IMSI）、媒体存取控制位址（MAC地址）、安卓系统设备唯一标识（安卓ID）、设备序列号、IOS系统设备的广告标识符（IDFA）、IP地址、软件版本号、网络接入方式及类型、操作日志，我们收集这些信息用于保障网络安全或运营安全，同时也将根据这些信息为您做对应的版本适配，以保障软件的正常启动运营。\n您理解并同意，您需要授权我们“电话”权限来允许我们获取前述的“设备的硬件型号”和“国际移动设备识别码（IMEI）”信息，我们不会调用“电话”权限下的其他权限。您可以选择拒绝授权或关闭该权限，您拒绝授权或关闭“电话”权限后，您仍然可以使用我们的服务，但可能会影响您的用户体验。\n同时，为了及时向您同步您的互动反馈信息（包括其他用户对您的点赞、打赏、评论回复）、内容更新（时事要闻、急闻，您关注的内容更新及时同步）同步、软件版本更新同步，我们会周期性的采集您的国际移动设备识别码(IMEI)、安卓系统设备唯一标识（安卓ID）、网络接入方式及类型、操作系统版本、软件版本号。\n同时，在使用我们的APP进行服务时，我们可能还将获取以下您的信息：\n\n本地存储\n在您进行APP功能使用时，需要读取您的原始图片以及向您的本地存储中写入您修改后的图片。\n电话（设备信息）\n我们APP内集成了友盟SDK统计，会获取您的设备信息，用于提供设备应用性能监控服务，排查应用性能崩溃原因。详见「第三方」章节。\nMAC信息\n我们会在静默状态下获取mac地址，在无法通过IMEI标识设备，我们会将mac地址作为用户的唯一标识，以便正常提供统计分析服务和反作弊服务。\n地理位置\n我们APP内集成了友盟SDK统计，会获取您的地理位置信息，通过采集位置信息提供反作弊服务，剔除作弊设备，详见「第三方」章节。\n手机号码\n[隽久金句]的部分功能和服务可能需要您注册帐号才能使用，注册账号时需要您提供相应的个人信息，例如您的手机号码等。\n应用安装列表\n[隽久金句]的部分功能和服务可能获取您设备的应用安装列表，用于确保操作环境的安全\n相册读写\n获取相册读写权限，此权限用于读取相册照片作为分享内容的背景图。\n信息使用\n[隽久金句]不会向任何无关第三方提供、出售、出租、分享或交易您的个人信息，除非事先得到您的许可，或该第三方和[隽久金句]（含[隽久金句]关联公司）单独或共同为您提供服务，且在该服务结束后，其将被禁止访问包括其以前能够访问的所有这些资料。\n\n[隽久金句]亦不允许任何第三方以任何手段收集、编辑、出售或者无偿传播您的个人信息。任何平台用户如从事上述活动，一经发现，[隽久金句]有权立即终止与该用户的服务协议。\n\n您的手机号码等个人信息将用于身份验证等用途。\n\n信息披露\n在如下情况下，[隽久金句]将依据您的个人意愿或法律的规定全部或部分的披露您的个人信息：\n经您事先同意，向第三方披露；\n\n为提供您所要求的产品和服务，而必须和第三方分享您的个人信息；\n\n根据法律的有关规定，或者行政或司法机构的要求，向第三方或者行政、司法机构披露；\n\n如您出现违反中国有关法律、法规或者[隽久金句]服务协议或相关规则的情况，需要向第三方披露；\n\n如您是适格的知识产权投诉人并已提起投诉，应被投诉人要求，向被投诉人披露，以便双方处理可能的权利纠纷；\n\n在[隽久金句]平台上创建的某一交易中，如交易任何一方履行或部分履行了交易义务并提出信息披露请求的，[隽久金句]有权决定向该用户提供其交易对方的联络方式等必要信息，以促成交易的完成或纠纷的解决。\n\n其它[隽久金句]根据法律、法规或者网站政策认为合适的披露。\n\n信息存储和交换\n[隽久金句]收集的有关您的信息和资料将保存在[隽久金句]及（或）其关联公司的服务器上，这些信息和资料可能传送至您所在国家、地区或[隽久金句]收集信息和资料所在地的境外并在境外被访问、存储。\n第三方\nSDK名称：友盟统计，SDK包名：com.umeng.umsdk:common  com.umeng.umsdk:asms  com.umeng.umsdk:apm，SDK用途：提供设备应用性能监控服务；通过采集位置信息提供反作弊服务，剔除作弊设备，排查应用性能崩溃原因。，可能获取的个人信息类型：IMEI/Mac/android ID/IDFA/OPENUDID/GUID、SIM 卡 IMSI 信息、硬件序列号（Build.Serial），调用的设备权限：检测联网方式，在网络异常状态下避免数据发送，节省流量和电量。  获取用户设备的IMEI，通过IMEI对用户进行唯一标识，以便提供统计分析服务。  获取WIFI mac地址，在平板设备或电视盒子上，无法通过IMEI标识设备，我们会将WIFI mac地址作为用户的唯一标识，以便正常提供统计分析服务。  允许应用程序联网和发送统计数据的权限，以便提供统计分析服务。，官网链接：https://mobile.umeng.com/。\nSDK名称：穿山甲广告SDK，SDK包名：com.bytedance.sdk.openadsdk，SDK用途：提供广告服务，可能获取的个人信息类型：设备品牌、型号、android ID，SIM卡IMSI 信息、硬件序列号（Build.Serial），软件系统版本相关信息，oaid等基础信息；无线SSID名称、wifi路由器mac地址、设备的mac地址、设备IMEI、设备地理位置；设备应用安装列表，调用的设备权限：检测联网方式，在网络异常状态下避免数据发送，节省流量和电量。  获取用户设备的IMEI，通过IMEI对用户进行唯一标识，官网链接：https://www.pangle.cn/。\nSDK名称：支付宝支付SDK，SDK包名：com.alipay.sdk，SDK用途：让用户在App内使用支付宝账号快速登录，调用支付宝App内的支付模块进行支付，可能获取的个人信息类型：用户设备信息：android ID、本机Mac地址、BSSID、SSID、SIM卡序列号、硬件序列号（Build.Serial）、设备屏幕密度、IMEI、IMSI；网络信息：网络类型、当前连接Wi-Fi信息、运营商名称；应用数据：访问外部存储卡。，调用的设备权限：访问网络连接，获取当前 Wi-Fi 接入的状态以及 WLAN 热点的信息，官网链接：https://open.alipay.com/。\nSDK名称：微信登录及支付，SDK包名：com.tencent.mm.opensdk，SDK用途：提供微信登录及微信支付服务，可能获取的个人信息类型：设备信息（IMEI/MAC/Android ID/IDFA/OpenUDID/GUID/SIM卡IMSI）、网络信息（IP）、地理位置信息、日志信息，调用的设备权限：访问网络，获取当前 Wi-Fi 接入的状态以及 WLAN 热点的信息，官网链接：https://pay.weixin.qq.com/。\n关于个人信息的查询、更正和删除（注销）\n[隽久金句]的部分功能无需注册/登录即可使用，此时我们不会存储任何能关联到您个人身份的信息（手机号码等），系统也不会显示个人信息查询、更正和删除入口。\n当您通过个人手机号或者其他个人信息登录系统后，您可以在我们的“个人中心”页面查询到您的个人信息，并可根据页面引导对个人信息进行更正或删除（注销）。\n\n当您删除个人信息后，我们可能不会立即从备份系统中删除相应的信息，但会在备份更新时删除这些信息。在您注销账号时我们将删除您的个人信息，但根据法律法规不得删除的情形除外。\n\n我们匿名化处理或删除您的个人信息时，如您的个人信息曾被共享，我们还会通知相关公司、组织或个人对您的个人信息做匿名化或删除处理。\n\n联系我们\n当您有其他建议、投诉或其他产品隐私问题，可通过以下方式联系我们：\n\n运营者：合肥应顺信息科技有限公司\n注册地址：合肥市蜀山区轩辕路与习友路交口南湖春城56栋3003室\n办公地址：合肥市蜀山区轩辕路与习友路交口南湖春城56栋3003室\n客服邮箱：support@zhulongjiang.com\n信息保护负责人：小应，13395608032"
}