{
    "app_id": "C105955141",
    "app_name": "途尔",
    "app_version": "1.7.1.1",
    "app_download_num_description": "2 万次安装",
    "app_package_name": "com.shiqihuyu.map",
    "app_score": 0.0,
    "app_package_size": "150 MB",
    "app_package_size_precise": 157237681,
    "app_icon_url": "https://appimg.dbankcdn.com/application/icon144/d9fd6e3927124350854a320ea07552fb.png",
    "app_developer": "十七互娱（重庆）科技有限公司",
    "app_update_time": "2022-11-04",
    "app_update_description": "-套餐新增详情页面，用户更直观了解营地信息\n-优化地图界面历史记录查看功能，方便用户回顾信息\n-修复一些bug,给用户更好的体验\n-优化性能和体验问题，用户互动性增强",
    "app_description": "【途尔带你去向往的户外生活】\n每一次新的遇见，只为带给你不断惊喜\n途尔，城市“潮”生活玩乐平台。\n为用户提供更“潮”玩法，更“酷”的圈子，更“省心”的户外露营一站式服务 。\n-------功能优势------\n【营地搜集】\n国内营地全覆盖，包含各种地形地貌，收费公共野地，满足你所有对营地的探索。\n【露营百科】\n从入门篇到地点篇到装备篇，一步步消除你对营地的未知，不踩坑不迷路，带你成为露营大神。\n【组队露营】\n当你想玩没伙伴时，只需一键组队。以共同兴趣出发，结识不同有趣的灵魂，放肆开怀，分享快乐，心灵碰撞。\n【户外装备】\n发布闲置，精品租赁，实现装备共享。为出行减负，降低“酷玩，新生活”体验门槛。\n【活动中心】\n宠物露营、亲子露营、房车露营、航拍露营...\n持续增加ing\n【商城】\n多样选择，48小时发货，七天无理由退货，售后保障，安全无忧。\n\n【途尔心声】\n我们不会停止对产品的热忱、对完美的追求！点点滴滴的优化，都为了给你好的体验。如果在使用中有任何问题或者建议，欢迎联系途尔反馈。\n官方QQ群：670771094\n合作服务：pr@17wh.net",
    "app_policy_url": "https://oss.17tuer.com/htm/yscl_1.html",
    "app_listed_permission": "1.拨打电话\n2.完全的网络访问权限\n3.访问大致位置信息（使用网络进行定位）\n4.访问确切位置信息（使用 GPS 和网络进行定位）\n5.相机\n6.修改或删除存储卡中的内容\n7.读取存储卡中的内容\n8.查看 Wi-Fi 连接\n9.读取通话状态和移动网络信息\n10.连接 Wi-Fi 或断开连接\n11.录制音频\n12.修改系统设置\n13.在后台使用位置信息\n14.辅助功能\n15.显示在其他应用上面\n16.获取额外的位置信息提供程序命令\n17.读取已安装应用软件列表\n18.更改网络连接性",
    "app_listed_permission_description": "1.允许应用自动拨打电话。\n2.允许该应用创建网络套接字和使用自定义网络协议。浏览器和其他某些应用提供了向互联网发送数据的途径，因此应用无需该权限即可向互联网发送数据。\n3.允许应用基于基站、 Wi-Fi 等网络源获取位置信息。\n4.允许应用基于GPS、基站、 Wi-Fi 等网络源获取位置信息。这可能会增加耗电量。\n5.允许应用拍摄照片和视频。\n6.允许应用修改或删除存储卡上的照片、媒体内容和文件。\n7.允许应用读取存储卡上的照片、媒体内容和文件。\n8.允许该应用查看 Wi-Fi 网络的相关信息，例如是否开启 Wi-Fi 及已连接的 Wi-Fi 设备名称。\n9.允许应用获取本机号码、通话状态以及拨打的号码。\n10.允许应用与 Wi-Fi 接入点建立和断开连接，并更改 Wi-Fi 网络的设备配置。\n11.允许应用录制音频。\n12.修改设置应用中的设置项\n13.如应用已获取了“访问确切位置信息”或“访问大致位置信息”权限，则允许应用在后台运行时使用位置信息。\n14.屏幕取词、文字转语音等辅助功能\n15.显示弹框、全屏界面到其他应用上面\n16.允许应用访问额外的位置提供程序命令。此权限可让该应用干扰 GPS 或其他位置源的运行。\n17.允许应用读取设备上的已安装应用软件列表。\n18.允许该应用更改网络连接的状态。",
    "app_category": [
        "旅游住宿"
    ],
    "app_subcategory": [
        "旅游",
        "热门"
    ],
    "app_APK_url": "https://appgallery.cloud.huawei.com/appdl/C105955141",
    "app_APK_name": "C105955141-1.7.1.1.apk",
    "app_policy_name": "C105955141-1.7.1.1.txt",
    "policy_html_source_code": "<html lang=\"zh-cn\"><head>\n        <meta charset=\"utf-8\">\n    </head>\n    <body>\n       <div>\n\t\t\t<p>途尔Camp,以下简称“途尔”（“十七互娱（重庆）科技有限公司”）深知个人隐私及信息的重要性，并非常重视用户个人隐私和信息的保护，我们将按照法律法规的要求，采取相应的措施保护您个人信息的安全可控。基于前述的理念和目的，我们制定了《途尔隐私政策》（下称“本隐私政策”）并对您做出如下提示：本隐私协议的全部条款属于本软件用户隐私协议的重要部份之一。</p>\n\t\t\t<p>为了给您提供更准确、更有针对性的服务，本软件可能会以如下方式，使用您提交的个人信息。但本软件会以高度的勤勉义务对待这些信息，在未征得您许可的情况下，不会将这些信息对外公开或向第三方提供。</p>\n\t\t\t<p>一、保有您提供的信息</p>\n\t\t\t<p>&nbsp;&nbsp;本软件会在您自愿选择服务或提供信息的情况下收集您的个人信息，并将这些信息进行整合，以便向您提供更好的用户服务。请您在注册时及时、详尽及准确的提供个人资料，并不断更新注册资料，符合及时、详尽准确的要求。所有原始键入的资料将引用为注册资料。如果因注册信息不真实而引起的问题，由您自行承担相应的后果。请您不要将您的帐号、密码转让或出借予他人使用。如您发现您的帐号遭他人非法使用，应立即通知本软件。因黑客行为或用户的保管疏忽导致帐号、密码遭他人非法使用，本软件不承担责任。</p>\n\t\t\t<p>二、保有您的使用记录</p>\n\t\t\t<p>当您使用本软件的服务时，服务器会自动记录一些信息，包括手机型号、IP地址等。主要有：</p>\n\t\t\t<p>（1）拍照权限：用于上传/更换用户头像</p>\n\t\t\t<p>（2）定位权限：用于地图/导航等核心功能使用的基础条件</p>\n\t\t\t<p>（3）访问/读取SD卡：访问系统相册，选择照片上传用户头像</p>\n\t\t\t<p>（4）获取网络权限：用于基础的地图数据加载</p>\n\t\t\t<p>（5）麦克风权限：用于用户发送语音</p>\n\t\t\t<p>（6）通知权限：用于通知消息和推送内容</p>\n\t\t\t<p>（7）广告标识符：为了推送广告内容</p>\n\t\t\t<p>（8）ip地址和端口号:应网络安全监管要求记录</p>\n\t\t\t<p>&nbsp;</p>\n\t\t\t<p>&nbsp;&nbsp;&nbsp;&nbsp;在如下情况下，本软件会遵照您的意愿或法律的规定披露您的个人信息，由此引发的问题将由您个人承担：</p>\n\t\t\t<p>（1）事先获得您的授权；</p>\n\t\t\t<p>（2）只有透露你的个人资料，才能提供你所要求的产品和服务；</p>\n\t\t\t<p>（3）根据有关的法律法规要求；</p>\n\t\t\t<p>（4）按照相关政府主管部门的要求；</p>\n\t\t\t<p>（5）为维护本软件的合法权益。</p>\n\t\t\t<p>（6）您同意让第三方共享资料。</p>\n\t\t\t<p>（7）我们发现您违反了本软件的服务条款或使用规定。</p>\n\t\t\t<p>（8）我们需要向代表我们提供产品或服务的公司提供资料（除非我们另行通知你，否则这些公司无权使用你的身份识别资料）。</p>\n\t\t\t<p>三、涉及主要三方SDK</p>\n\t\t\t<p>（1）第三方&nbsp;SDK:友盟</p>\n\t\t\t<p>个人信息类型:个人常用设备信息</p>\n\t\t\t<p>个人信息字段:设备信息(IMEI/MAC/Android ID/OpenUDID/GUID/SIM&nbsp;卡&nbsp;IMSI&nbsp;信息等)</p>\n\t\t\t<p>应用场景:数据统计、提供&nbsp;PUSH&nbsp;推送服务&nbsp;第三方机构名称:北京锐讯灵通科技有限公司&nbsp;http://dev.umeng.com</p>\n\t\t\t<p>第三方相关隐私政策:<u>https://www.umeng.com/page/policy</u></p>\n\t\t\t<p>（2）第三方&nbsp;SDK:高德地图</p>\n\t\t\t<p>个人信息类型:个人常用设备信息、个人位置信息</p>\n\t\t\t<p>个人信息字段:设备信息、位置信息</p>\n\t\t\t<p>应用场景:提供地图及定位相关服务</p>\n\t\t\t<p>第三方机构名称:高德软件有限公司&nbsp;<u>https://lbs.amap.com</u></p>\n\t\t\t<p>第三方相关隐私政策:<u>https://lbs.amap.com/home/privacy/</u></p>\n\t\t\t<p>（3）第三方&nbsp;SDK:Bugly</p>\n\t\t\t<p>个人信息类型:个人常用设备信息、设备MAC地址、软件安装列表、通讯录、短信、通话记录、相机等信息</p>\n\t\t\t<p>个人信息字段:Crash</p>\n\t\t\t<p>环境:Crash&nbsp;信息及线程堆栈，ROM/RAM/SD&nbsp;卡容量、网络/语言等状态</p>\n\t\t\t<p>应用场景:用于程序崩溃信息统计分析</p>\n\t\t\t<p>第三方机构名称:腾讯科技(深圳)有限公司&nbsp;<u>https://bugly.qq.com/v2/index</u></p>\n\t\t\t<p>第三方相关隐私政策:</p>\n\t\t\t<p><a href=\"#9-bugly\"><u>https://bugly.qq.com/docs/user-guide/faq-android/?v=20200622202242#9-bugly</u></a></p>\n\t\t\t<p>（4）第三方&nbsp;SDK:微信<br>个人信息类型：设备信息</p>\n\t\t\t<p>服务类型：微信登录、微信分享、微信支付</p>\n\t\t\t<p>处理方式：通过去标识化、加密传输和处理的安全处理</p>\n\t\t\t<p>收集数据范围：设备标识信息</p>\n\t\t\t<p>隐私权政策链接：<a href=\"https://www.tencent.com/zh-cn/privacy-policy.html\"><u>https://www.tencent.com/zh-cn/privacy-policy.html</u></a></p>\n\t\t\t<ul>\n\t\t\t<li>第三方 &nbsp;SDK:QQ<br>个人信息类型：设备信息</li>\n\t\t\t</ul>\n\t\t\t<p>服务类型：内容分享</p>\n\t\t\t<p>使用目的：支持 QQ 授权登录</p>\n\t\t\t<p>收集数据范围：设备标识信息</p>\n\t\t\t<p>隐私权政策链接：<a href=\"https://wiki.connect.qq.com/oauth2-0%E7%AE%80%E4%BB%8B\"><u>https://wiki.connect.qq.com/o…</u></a></p>\n\t\t\t<p>（6）网易云信</p>\n\t\t\t<p>第三方公司名称:杭州网易质云科技有限公司</p>\n\t\t\t<p>共享类型:内嵌SDK</p>\n\t\t\t<p>共享信息:硬件序列号、网络信息</p>\n\t\t\t<p>使用目的:即时聊天</p>\n\t\t\t<p>使用场景:用于用户实时聊天时</p>\n\t\t\t<p>共享方式:(外部)接口共享</p>\n\t\t\t<p>第三方隐私链接:</p>\n\t\t\t<p><a href=\"https://netease.im/clauses?serviceType=3\"><u>https://netease.im/clauses?serviceType=3</u></a></p>\n\t\t\t<p>（7）极光推送</p>\n\t\t\t<p>第三方公司名称:深圳市和讯华谷信息技术有限公司</p>\n\t\t\t<p>获取信息：唯一设备识别码、设备Mac地址、IP地址、位置信息、应用安装列表</p>\n\t\t\t<p>使用环境：消息推送</p>\n\t\t\t<p>第三方隐私政策：</p>\n\t\t\t<p><u>https://www.jiguang.cn/license/privacy</u></p>\n\t\t\t<p>&nbsp;四、设备信息收集</p>\n\t\t\t<p>使用目的:在您访问或使用我们服务的过程中，我们会收集您的设备信息，以便获取屏幕分辨率等信息进行界面展示．避免其他设备的异常登录、留存必要的日志信息，从而保障您的账号安全、交易安全和系统运行安全。此外,如您未登录账号，我们使用您的设备信息以便为您发送对应的信息展示。</p>\n\t\t\t<p>信息说明:我们收集的设备状态包括您的设备型IMEl/android ID/IDFA/OPEN UDID/GUID/OAID、SIM卡IMSI、ICCID信息等设备标识符、设备MAC地址、移动应用列表、电信运营商等。我们将在征得您的授权后，在后台状态下获取您的以上设备、个人信息。未经您的授权，我们不会提前获取以上信息。目前多数手机终端厂商支持对设备标识符的更改，以保障您对个人信息的自主控制，具体撤回或更改的方式可参见您所使用的终端设备说明。</p>\n\t\t\t<p>五、APP收集传感器等的目的方式范围</p>\n\t\t\t<p>banner区，用于3D效果展示</p>\n\t\t\t<p>六、非个性化推荐/定向推送</p>\n\t\t\t<p>金刚区推荐营地、活动中心、组队露营、户外装备，首页瀑布流推荐功能，应用内推荐模块不涉及算法推送，推荐内容向所有用户展示，非个性化推荐/定向推送。</p>\n\t\t\t<p>七、本《隐私政策》不适用于以下情况：</p>\n\t\t\t<p>（1）通过我们的服务而接入的第三方服务（包括任何第三方网站）收集的信息。本政策仅适用于我们所收集的信息，并不适用于任何第三方提供的服务或第三方的信息使用规则，我们对任何第三方使用由您提供的信息不承担任何责任；</p>\n\t\t\t<p>（2）通过在我们服务中进行广告服务的其他公司或机构所收集的信息。</p>\n\t\t\t<p>八、隐私权政策的修订</p>\n\t\t\t<p>&nbsp;&nbsp;我们可能适时修订本政策的条款，修订政策也是构成本政策的一部分。如修订政策造成您在本政策下权利的实质减少，我们将在修订生效前通过在主页上显著位置提示或向您发送电子邮件或以其他方式通知您。在该种情况下，若您继续使用我们的服务，即表示同意受经修订的本政策的约束。</p>\n\t\t\t<p>九、用户如何更正注销或投诉个人信息</p>\n\t\t\t<p>如果您需要查询、修改或更正您的个人信息，或对个人信息保护问题有任何疑问或建议，您可以通过服务支持邮箱：<u>4299023@qq.com</u>联系我们。如果需要注销账号。您应当向我们提出账号注销申请。申请后，我们审核您符合上述全部条件后按照相关法规为您注销途尔账号。您可以通过以下联系方式和我们联系。<a href=\"mailto:4299023@qq.com%E8%81%94%E7%B3%BB%E6%88%91%E4%BB%AC%E3%80%82\"><u>4299023@qq.com</u></a>我们将在十五个工作日内作出答复。</p>\n\t\t\t<p>注销账号路径：</p>\n\t\t\t<p>（1）成功登录APP账号后，进入“我的”，在“设置”页面中打开“账户管理”，在“账户管理页面”看到“注销”，点击“注销”。</p>\n\t\t\t<p>（2）注销账户需认真阅读重要提醒，同意《账户注销协议》。</p>\n\t\t\t<p>（3）选择注销原因，点击“下一步”进入下一页面</p>\n\t\t\t<p>（4）获取账号验证码，完成注销。</p>\n\t\t\t<p>在您的途尔账号注销期间，如果您的账号涉及争议纠纷，包括但不限于举报、投诉、仲裁、诉讼、涉嫌违法违规行为、相关国家机关调查等，或账户存在被盗号风险的，途尔有权暂停您的账号注销程序或限制相同信息在注销后再次注册。</p>\n\t\t\t<p>最近更新日期：2022年11月1日&nbsp;星期二</p>\n\t\t\t<p>&nbsp;</p>\n       </div>\n    \n</body></html>",
    "policy_text": "途尔Camp,以下简称“途尔”（“十七互娱（重庆）科技有限公司”）深知个人隐私及信息的重要性，并非常重视用户个人隐私和信息的保护，我们将按照法律法规的要求，采取相应的措施保护您个人信息的安全可控。基于前述的理念和目的，我们制定了《途尔隐私政策》（下称“本隐私政策”）并对您做出如下提示：本隐私协议的全部条款属于本软件用户隐私协议的重要部份之一。\n为了给您提供更准确、更有针对性的服务，本软件可能会以如下方式，使用您提交的个人信息。但本软件会以高度的勤勉义务对待这些信息，在未征得您许可的情况下，不会将这些信息对外公开或向第三方提供。\n一、保有您提供的信息\n本软件会在您自愿选择服务或提供信息的情况下收集您的个人信息，并将这些信息进行整合，以便向您提供更好的用户服务。请您在注册时及时、详尽及准确的提供个人资料，并不断更新注册资料，符合及时、详尽准确的要求。所有原始键入的资料将引用为注册资料。如果因注册信息不真实而引起的问题，由您自行承担相应的后果。请您不要将您的帐号、密码转让或出借予他人使用。如您发现您的帐号遭他人非法使用，应立即通知本软件。因黑客行为或用户的保管疏忽导致帐号、密码遭他人非法使用，本软件不承担责任。\n二、保有您的使用记录\n当您使用本软件的服务时，服务器会自动记录一些信息，包括手机型号、IP地址等。主要有：\n（1）拍照权限：用于上传/更换用户头像\n（2）定位权限：用于地图/导航等核心功能使用的基础条件\n（3）访问/读取SD卡：访问系统相册，选择照片上传用户头像\n（4）获取网络权限：用于基础的地图数据加载\n（5）麦克风权限：用于用户发送语音\n（6）通知权限：用于通知消息和推送内容\n（7）广告标识符：为了推送广告内容\n（8）ip地址和端口号:应网络安全监管要求记录\n\n在如下情况下，本软件会遵照您的意愿或法律的规定披露您的个人信息，由此引发的问题将由您个人承担：\n（1）事先获得您的授权；\n（2）只有透露你的个人资料，才能提供你所要求的产品和服务；\n（3）根据有关的法律法规要求；\n（4）按照相关政府主管部门的要求；\n（5）为维护本软件的合法权益。\n（6）您同意让第三方共享资料。\n（7）我们发现您违反了本软件的服务条款或使用规定。\n（8）我们需要向代表我们提供产品或服务的公司提供资料（除非我们另行通知你，否则这些公司无权使用你的身份识别资料）。\n三、涉及主要三方SDK\n（1）第三方 SDK:友盟\n个人信息类型:个人常用设备信息\n个人信息字段:设备信息(IMEI/MAC/Android ID/OpenUDID/GUID/SIM 卡 IMSI 信息等)\n应用场景:数据统计、提供 PUSH 推送服务 第三方机构名称:北京锐讯灵通科技有限公司 http://dev.umeng.com\n第三方相关隐私政策:https://www.umeng.com/page/policy\n（2）第三方 SDK:高德地图\n个人信息类型:个人常用设备信息、个人位置信息\n个人信息字段:设备信息、位置信息\n应用场景:提供地图及定位相关服务\n第三方机构名称:高德软件有限公司 https://lbs.amap.com\n第三方相关隐私政策:https://lbs.amap.com/home/privacy/\n（3）第三方 SDK:Bugly\n个人信息类型:个人常用设备信息、设备MAC地址、软件安装列表、通讯录、短信、通话记录、相机等信息\n个人信息字段:Crash\n环境:Crash 信息及线程堆栈，ROM/RAM/SD 卡容量、网络/语言等状态\n应用场景:用于程序崩溃信息统计分析\n第三方机构名称:腾讯科技(深圳)有限公司 https://bugly.qq.com/v2/index\n第三方相关隐私政策:\nhttps://bugly.qq.com/docs/user-guide/faq-android/?v=20200622202242#9-bugly\n（4）第三方 SDK:微信\n个人信息类型：设备信息\n服务类型：微信登录、微信分享、微信支付\n处理方式：通过去标识化、加密传输和处理的安全处理\n收集数据范围：设备标识信息\n隐私权政策链接：https://www.tencent.com/zh-cn/privacy-policy.html\n第三方  SDK:QQ\n个人信息类型：设备信息\n服务类型：内容分享\n使用目的：支持 QQ 授权登录\n收集数据范围：设备标识信息\n隐私权政策链接：https://wiki.connect.qq.com/o…\n（6）网易云信\n第三方公司名称:杭州网易质云科技有限公司\n共享类型:内嵌SDK\n共享信息:硬件序列号、网络信息\n使用目的:即时聊天\n使用场景:用于用户实时聊天时\n共享方式:(外部)接口共享\n第三方隐私链接:\nhttps://netease.im/clauses?serviceType=3\n（7）极光推送\n第三方公司名称:深圳市和讯华谷信息技术有限公司\n获取信息：唯一设备识别码、设备Mac地址、IP地址、位置信息、应用安装列表\n使用环境：消息推送\n第三方隐私政策：\nhttps://www.jiguang.cn/license/privacy\n四、设备信息收集\n使用目的:在您访问或使用我们服务的过程中，我们会收集您的设备信息，以便获取屏幕分辨率等信息进行界面展示．避免其他设备的异常登录、留存必要的日志信息，从而保障您的账号安全、交易安全和系统运行安全。此外,如您未登录账号，我们使用您的设备信息以便为您发送对应的信息展示。\n信息说明:我们收集的设备状态包括您的设备型IMEl/android ID/IDFA/OPEN UDID/GUID/OAID、SIM卡IMSI、ICCID信息等设备标识符、设备MAC地址、移动应用列表、电信运营商等。我们将在征得您的授权后，在后台状态下获取您的以上设备、个人信息。未经您的授权，我们不会提前获取以上信息。目前多数手机终端厂商支持对设备标识符的更改，以保障您对个人信息的自主控制，具体撤回或更改的方式可参见您所使用的终端设备说明。\n五、APP收集传感器等的目的方式范围\nbanner区，用于3D效果展示\n六、非个性化推荐/定向推送\n金刚区推荐营地、活动中心、组队露营、户外装备，首页瀑布流推荐功能，应用内推荐模块不涉及算法推送，推荐内容向所有用户展示，非个性化推荐/定向推送。\n七、本《隐私政策》不适用于以下情况：\n（1）通过我们的服务而接入的第三方服务（包括任何第三方网站）收集的信息。本政策仅适用于我们所收集的信息，并不适用于任何第三方提供的服务或第三方的信息使用规则，我们对任何第三方使用由您提供的信息不承担任何责任；\n（2）通过在我们服务中进行广告服务的其他公司或机构所收集的信息。\n八、隐私权政策的修订\n我们可能适时修订本政策的条款，修订政策也是构成本政策的一部分。如修订政策造成您在本政策下权利的实质减少，我们将在修订生效前通过在主页上显著位置提示或向您发送电子邮件或以其他方式通知您。在该种情况下，若您继续使用我们的服务，即表示同意受经修订的本政策的约束。\n九、用户如何更正注销或投诉个人信息\n如果您需要查询、修改或更正您的个人信息，或对个人信息保护问题有任何疑问或建议，您可以通过服务支持邮箱：4299023@qq.com联系我们。如果需要注销账号。您应当向我们提出账号注销申请。申请后，我们审核您符合上述全部条件后按照相关法规为您注销途尔账号。您可以通过以下联系方式和我们联系。4299023@qq.com我们将在十五个工作日内作出答复。\n注销账号路径：\n（1）成功登录APP账号后，进入“我的”，在“设置”页面中打开“账户管理”，在“账户管理页面”看到“注销”，点击“注销”。\n（2）注销账户需认真阅读重要提醒，同意《账户注销协议》。\n（3）选择注销原因，点击“下一步”进入下一页面\n（4）获取账号验证码，完成注销。\n在您的途尔账号注销期间，如果您的账号涉及争议纠纷，包括但不限于举报、投诉、仲裁、诉讼、涉嫌违法违规行为、相关国家机关调查等，或账户存在被盗号风险的，途尔有权暂停您的账号注销程序或限制相同信息在注销后再次注册。\n最近更新日期：2022年11月1日 星期二\n",
    "is_popular": true,
    "policy_html_source_code_clean": "\n<div>\n<p>途尔Camp,以下简称“途尔”（“十七互娱（重庆）科技有限公司”）深知个人隐私及信息的重要性，并非常重视用户个人隐私和信息的保护，我们将按照法律法规的要求，采取相应的措施保护您个人信息的安全可控。基于前述的理念和目的，我们制定了《途尔隐私政策》（下称“本隐私政策”）并对您做出如下提示：本隐私协议的全部条款属于本软件用户隐私协议的重要部份之一。</p>\n<p>为了给您提供更准确、更有针对性的服务，本软件可能会以如下方式，使用您提交的个人信息。但本软件会以高度的勤勉义务对待这些信息，在未征得您许可的情况下，不会将这些信息对外公开或向第三方提供。</p>\n<p>一、保有您提供的信息</p>\n<p>  本软件会在您自愿选择服务或提供信息的情况下收集您的个人信息，并将这些信息进行整合，以便向您提供更好的用户服务。请您在注册时及时、详尽及准确的提供个人资料，并不断更新注册资料，符合及时、详尽准确的要求。所有原始键入的资料将引用为注册资料。如果因注册信息不真实而引起的问题，由您自行承担相应的后果。请您不要将您的帐号、密码转让或出借予他人使用。如您发现您的帐号遭他人非法使用，应立即通知本软件。因黑客行为或用户的保管疏忽导致帐号、密码遭他人非法使用，本软件不承担责任。</p>\n<p>二、保有您的使用记录</p>\n<p>当您使用本软件的服务时，服务器会自动记录一些信息，包括手机型号、IP地址等。主要有：</p>\n<p>（1）拍照权限：用于上传/更换用户头像</p>\n<p>（2）定位权限：用于地图/导航等核心功能使用的基础条件</p>\n<p>（3）访问/读取SD卡：访问系统相册，选择照片上传用户头像</p>\n<p>（4）获取网络权限：用于基础的地图数据加载</p>\n<p>（5）麦克风权限：用于用户发送语音</p>\n<p>（6）通知权限：用于通知消息和推送内容</p>\n<p>（7）广告标识符：为了推送广告内容</p>\n<p>（8）ip地址和端口号:应网络安全监管要求记录</p>\n<p> </p>\n<p>    在如下情况下，本软件会遵照您的意愿或法律的规定披露您的个人信息，由此引发的问题将由您个人承担：</p>\n<p>（1）事先获得您的授权；</p>\n<p>（2）只有透露你的个人资料，才能提供你所要求的产品和服务；</p>\n<p>（3）根据有关的法律法规要求；</p>\n<p>（4）按照相关政府主管部门的要求；</p>\n<p>（5）为维护本软件的合法权益。</p>\n<p>（6）您同意让第三方共享资料。</p>\n<p>（7）我们发现您违反了本软件的服务条款或使用规定。</p>\n<p>（8）我们需要向代表我们提供产品或服务的公司提供资料（除非我们另行通知你，否则这些公司无权使用你的身份识别资料）。</p>\n<p>三、涉及主要三方SDK</p>\n<p>（1）第三方 SDK:友盟</p>\n<p>个人信息类型:个人常用设备信息</p>\n<p>个人信息字段:设备信息(IMEI/MAC/Android ID/OpenUDID/GUID/SIM 卡 IMSI 信息等)</p>\n<p>应用场景:数据统计、提供 PUSH 推送服务 第三方机构名称:北京锐讯灵通科技有限公司 http://dev.umeng.com</p>\n<p>第三方相关隐私政策:<u>https://www.umeng.com/page/policy</u></p>\n<p>（2）第三方 SDK:高德地图</p>\n<p>个人信息类型:个人常用设备信息、个人位置信息</p>\n<p>个人信息字段:设备信息、位置信息</p>\n<p>应用场景:提供地图及定位相关服务</p>\n<p>第三方机构名称:高德软件有限公司 <u>https://lbs.amap.com</u></p>\n<p>第三方相关隐私政策:<u>https://lbs.amap.com/home/privacy/</u></p>\n<p>（3）第三方 SDK:Bugly</p>\n<p>个人信息类型:个人常用设备信息、设备MAC地址、软件安装列表、通讯录、短信、通话记录、相机等信息</p>\n<p>个人信息字段:Crash</p>\n<p>环境:Crash 信息及线程堆栈，ROM/RAM/SD 卡容量、网络/语言等状态</p>\n<p>应用场景:用于程序崩溃信息统计分析</p>\n<p>第三方机构名称:腾讯科技(深圳)有限公司 <u>https://bugly.qq.com/v2/index</u></p>\n<p>第三方相关隐私政策:</p>\n<p><a href=\"https://oss.17tuer.com/htm/yscl_1.html#9-bugly\" target=\"_blank\"><u>https://bugly.qq.com/docs/user-guide/faq-android/?v=20200622202242#9-bugly</u></a></p>\n<p>（4）第三方 SDK:微信<br/>个人信息类型：设备信息</p>\n<p>服务类型：微信登录、微信分享、微信支付</p>\n<p>处理方式：通过去标识化、加密传输和处理的安全处理</p>\n<p>收集数据范围：设备标识信息</p>\n<p>隐私权政策链接：<a href=\"https://www.tencent.com/zh-cn/privacy-policy.html\" target=\"_blank\"><u>https://www.tencent.com/zh-cn/privacy-policy.html</u></a></p>\n<ul>\n<li>第三方  SDK:QQ<br/>个人信息类型：设备信息</li>\n</ul>\n<p>服务类型：内容分享</p>\n<p>使用目的：支持 QQ 授权登录</p>\n<p>收集数据范围：设备标识信息</p>\n<p>隐私权政策链接：<a href=\"https://wiki.connect.qq.com/oauth2-0%E7%AE%80%E4%BB%8B\" target=\"_blank\"><u>https://wiki.connect.qq.com/o…</u></a></p>\n<p>（6）网易云信</p>\n<p>第三方公司名称:杭州网易质云科技有限公司</p>\n<p>共享类型:内嵌SDK</p>\n<p>共享信息:硬件序列号、网络信息</p>\n<p>使用目的:即时聊天</p>\n<p>使用场景:用于用户实时聊天时</p>\n<p>共享方式:(外部)接口共享</p>\n<p>第三方隐私链接:</p>\n<p><a href=\"https://netease.im/clauses?serviceType=3\" target=\"_blank\"><u>https://netease.im/clauses?serviceType=3</u></a></p>\n<p>（7）极光推送</p>\n<p>第三方公司名称:深圳市和讯华谷信息技术有限公司</p>\n<p>获取信息：唯一设备识别码、设备Mac地址、IP地址、位置信息、应用安装列表</p>\n<p>使用环境：消息推送</p>\n<p>第三方隐私政策：</p>\n<p><u>https://www.jiguang.cn/license/privacy</u></p>\n<p> 四、设备信息收集</p>\n<p>使用目的:在您访问或使用我们服务的过程中，我们会收集您的设备信息，以便获取屏幕分辨率等信息进行界面展示．避免其他设备的异常登录、留存必要的日志信息，从而保障您的账号安全、交易安全和系统运行安全。此外,如您未登录账号，我们使用您的设备信息以便为您发送对应的信息展示。</p>\n<p>信息说明:我们收集的设备状态包括您的设备型IMEl/android ID/IDFA/OPEN UDID/GUID/OAID、SIM卡IMSI、ICCID信息等设备标识符、设备MAC地址、移动应用列表、电信运营商等。我们将在征得您的授权后，在后台状态下获取您的以上设备、个人信息。未经您的授权，我们不会提前获取以上信息。目前多数手机终端厂商支持对设备标识符的更改，以保障您对个人信息的自主控制，具体撤回或更改的方式可参见您所使用的终端设备说明。</p>\n<p>五、APP收集传感器等的目的方式范围</p>\n<p>banner区，用于3D效果展示</p>\n<p>六、非个性化推荐/定向推送</p>\n<p>金刚区推荐营地、活动中心、组队露营、户外装备，首页瀑布流推荐功能，应用内推荐模块不涉及算法推送，推荐内容向所有用户展示，非个性化推荐/定向推送。</p>\n<p>七、本《隐私政策》不适用于以下情况：</p>\n<p>（1）通过我们的服务而接入的第三方服务（包括任何第三方网站）收集的信息。本政策仅适用于我们所收集的信息，并不适用于任何第三方提供的服务或第三方的信息使用规则，我们对任何第三方使用由您提供的信息不承担任何责任；</p>\n<p>（2）通过在我们服务中进行广告服务的其他公司或机构所收集的信息。</p>\n<p>八、隐私权政策的修订</p>\n<p>  我们可能适时修订本政策的条款，修订政策也是构成本政策的一部分。如修订政策造成您在本政策下权利的实质减少，我们将在修订生效前通过在主页上显著位置提示或向您发送电子邮件或以其他方式通知您。在该种情况下，若您继续使用我们的服务，即表示同意受经修订的本政策的约束。</p>\n<p>九、用户如何更正注销或投诉个人信息</p>\n<p>如果您需要查询、修改或更正您的个人信息，或对个人信息保护问题有任何疑问或建议，您可以通过服务支持邮箱：<u>4299023@qq.com</u>联系我们。如果需要注销账号。您应当向我们提出账号注销申请。申请后，我们审核您符合上述全部条件后按照相关法规为您注销途尔账号。您可以通过以下联系方式和我们联系。<a href=\"mailto:4299023@qq.com%E8%81%94%E7%B3%BB%E6%88%91%E4%BB%AC%E3%80%82\" target=\"_blank\"><u>4299023@qq.com</u></a>我们将在十五个工作日内作出答复。</p>\n<p>注销账号路径：</p>\n<p>（1）成功登录APP账号后，进入“我的”，在“设置”页面中打开“账户管理”，在“账户管理页面”看到“注销”，点击“注销”。</p>\n<p>（2）注销账户需认真阅读重要提醒，同意《账户注销协议》。</p>\n<p>（3）选择注销原因，点击“下一步”进入下一页面</p>\n<p>（4）获取账号验证码，完成注销。</p>\n<p>在您的途尔账号注销期间，如果您的账号涉及争议纠纷，包括但不限于举报、投诉、仲裁、诉讼、涉嫌违法违规行为、相关国家机关调查等，或账户存在被盗号风险的，途尔有权暂停您的账号注销程序或限制相同信息在注销后再次注册。</p>\n<p>最近更新日期：2022年11月1日 星期二</p>\n<p> </p>\n</div>",
    "policy_text_clean": "途尔Camp,以下简称“途尔”（“十七互娱（重庆）科技有限公司”）深知个人隐私及信息的重要性，并非常重视用户个人隐私和信息的保护，我们将按照法律法规的要求，采取相应的措施保护您个人信息的安全可控。基于前述的理念和目的，我们制定了《途尔隐私政策》（下称“本隐私政策”）并对您做出如下提示：本隐私协议的全部条款属于本软件用户隐私协议的重要部份之一。\n为了给您提供更准确、更有针对性的服务，本软件可能会以如下方式，使用您提交的个人信息。但本软件会以高度的勤勉义务对待这些信息，在未征得您许可的情况下，不会将这些信息对外公开或向第三方提供。\n一、保有您提供的信息\n本软件会在您自愿选择服务或提供信息的情况下收集您的个人信息，并将这些信息进行整合，以便向您提供更好的用户服务。请您在注册时及时、详尽及准确的提供个人资料，并不断更新注册资料，符合及时、详尽准确的要求。所有原始键入的资料将引用为注册资料。如果因注册信息不真实而引起的问题，由您自行承担相应的后果。请您不要将您的帐号、密码转让或出借予他人使用。如您发现您的帐号遭他人非法使用，应立即通知本软件。因黑客行为或用户的保管疏忽导致帐号、密码遭他人非法使用，本软件不承担责任。\n二、保有您的使用记录\n当您使用本软件的服务时，服务器会自动记录一些信息，包括手机型号、IP地址等。主要有：\n（1）拍照权限：用于上传/更换用户头像\n（2）定位权限：用于地图/导航等核心功能使用的基础条件\n（3）访问/读取SD卡：访问系统相册，选择照片上传用户头像\n（4）获取网络权限：用于基础的地图数据加载\n（5）麦克风权限：用于用户发送语音\n（6）通知权限：用于通知消息和推送内容\n（7）广告标识符：为了推送广告内容\n（8）ip地址和端口号:应网络安全监管要求记录\n\n在如下情况下，本软件会遵照您的意愿或法律的规定披露您的个人信息，由此引发的问题将由您个人承担：\n（1）事先获得您的授权；\n（2）只有透露你的个人资料，才能提供你所要求的产品和服务；\n（3）根据有关的法律法规要求；\n（4）按照相关政府主管部门的要求；\n（5）为维护本软件的合法权益。\n（6）您同意让第三方共享资料。\n（7）我们发现您违反了本软件的服务条款或使用规定。\n（8）我们需要向代表我们提供产品或服务的公司提供资料（除非我们另行通知你，否则这些公司无权使用你的身份识别资料）。\n三、涉及主要三方SDK\n（1）第三方 SDK:友盟\n个人信息类型:个人常用设备信息\n个人信息字段:设备信息(IMEI/MAC/Android ID/OpenUDID/GUID/SIM 卡 IMSI 信息等)\n应用场景:数据统计、提供 PUSH 推送服务 第三方机构名称:北京锐讯灵通科技有限公司 http://dev.umeng.com\n第三方相关隐私政策:https://www.umeng.com/page/policy\n（2）第三方 SDK:高德地图\n个人信息类型:个人常用设备信息、个人位置信息\n个人信息字段:设备信息、位置信息\n应用场景:提供地图及定位相关服务\n第三方机构名称:高德软件有限公司 https://lbs.amap.com\n第三方相关隐私政策:https://lbs.amap.com/home/privacy/\n（3）第三方 SDK:Bugly\n个人信息类型:个人常用设备信息、设备MAC地址、软件安装列表、通讯录、短信、通话记录、相机等信息\n个人信息字段:Crash\n环境:Crash 信息及线程堆栈，ROM/RAM/SD 卡容量、网络/语言等状态\n应用场景:用于程序崩溃信息统计分析\n第三方机构名称:腾讯科技(深圳)有限公司 https://bugly.qq.com/v2/index\n第三方相关隐私政策:\nhttps://bugly.qq.com/docs/user-guide/faq-android/?v=20200622202242#9-bugly\n（4）第三方 SDK:微信\n个人信息类型：设备信息\n服务类型：微信登录、微信分享、微信支付\n处理方式：通过去标识化、加密传输和处理的安全处理\n收集数据范围：设备标识信息\n隐私权政策链接：https://www.tencent.com/zh-cn/privacy-policy.html\n第三方  SDK:QQ\n个人信息类型：设备信息\n服务类型：内容分享\n使用目的：支持 QQ 授权登录\n收集数据范围：设备标识信息\n隐私权政策链接：https://wiki.connect.qq.com/o…\n（6）网易云信\n第三方公司名称:杭州网易质云科技有限公司\n共享类型:内嵌SDK\n共享信息:硬件序列号、网络信息\n使用目的:即时聊天\n使用场景:用于用户实时聊天时\n共享方式:(外部)接口共享\n第三方隐私链接:\nhttps://netease.im/clauses?serviceType=3\n（7）极光推送\n第三方公司名称:深圳市和讯华谷信息技术有限公司\n获取信息：唯一设备识别码、设备Mac地址、IP地址、位置信息、应用安装列表\n使用环境：消息推送\n第三方隐私政策：\nhttps://www.jiguang.cn/license/privacy\n四、设备信息收集\n使用目的:在您访问或使用我们服务的过程中，我们会收集您的设备信息，以便获取屏幕分辨率等信息进行界面展示．避免其他设备的异常登录、留存必要的日志信息，从而保障您的账号安全、交易安全和系统运行安全。此外,如您未登录账号，我们使用您的设备信息以便为您发送对应的信息展示。\n信息说明:我们收集的设备状态包括您的设备型IMEl/android ID/IDFA/OPEN UDID/GUID/OAID、SIM卡IMSI、ICCID信息等设备标识符、设备MAC地址、移动应用列表、电信运营商等。我们将在征得您的授权后，在后台状态下获取您的以上设备、个人信息。未经您的授权，我们不会提前获取以上信息。目前多数手机终端厂商支持对设备标识符的更改，以保障您对个人信息的自主控制，具体撤回或更改的方式可参见您所使用的终端设备说明。\n五、APP收集传感器等的目的方式范围\nbanner区，用于3D效果展示\n六、非个性化推荐/定向推送\n金刚区推荐营地、活动中心、组队露营、户外装备，首页瀑布流推荐功能，应用内推荐模块不涉及算法推送，推荐内容向所有用户展示，非个性化推荐/定向推送。\n七、本《隐私政策》不适用于以下情况：\n（1）通过我们的服务而接入的第三方服务（包括任何第三方网站）收集的信息。本政策仅适用于我们所收集的信息，并不适用于任何第三方提供的服务或第三方的信息使用规则，我们对任何第三方使用由您提供的信息不承担任何责任；\n（2）通过在我们服务中进行广告服务的其他公司或机构所收集的信息。\n八、隐私权政策的修订\n我们可能适时修订本政策的条款，修订政策也是构成本政策的一部分。如修订政策造成您在本政策下权利的实质减少，我们将在修订生效前通过在主页上显著位置提示或向您发送电子邮件或以其他方式通知您。在该种情况下，若您继续使用我们的服务，即表示同意受经修订的本政策的约束。\n九、用户如何更正注销或投诉个人信息\n如果您需要查询、修改或更正您的个人信息，或对个人信息保护问题有任何疑问或建议，您可以通过服务支持邮箱：4299023@qq.com联系我们。如果需要注销账号。您应当向我们提出账号注销申请。申请后，我们审核您符合上述全部条件后按照相关法规为您注销途尔账号。您可以通过以下联系方式和我们联系。4299023@qq.com我们将在十五个工作日内作出答复。\n注销账号路径：\n（1）成功登录APP账号后，进入“我的”，在“设置”页面中打开“账户管理”，在“账户管理页面”看到“注销”，点击“注销”。\n（2）注销账户需认真阅读重要提醒，同意《账户注销协议》。\n（3）选择注销原因，点击“下一步”进入下一页面\n（4）获取账号验证码，完成注销。\n在您的途尔账号注销期间，如果您的账号涉及争议纠纷，包括但不限于举报、投诉、仲裁、诉讼、涉嫌违法违规行为、相关国家机关调查等，或账户存在被盗号风险的，途尔有权暂停您的账号注销程序或限制相同信息在注销后再次注册。\n最近更新日期：2022年11月1日 星期二\n"
}