{
    "app_id": "C106436301",
    "app_name": "一起看风景",
    "app_version": "1.1",
    "app_download_num_description": "<1 万次安装",
    "app_package_name": "com.liuyun.travelpoi",
    "app_score": 1.0,
    "app_package_size": "11.1 MB",
    "app_package_size_precise": 11659965,
    "app_icon_url": "https://appimg.dbankcdn.com/application/icon144/318b822da81840398b2d1c52b717335e.png",
    "app_developer": "深圳市行云流水科技有限公司",
    "app_update_time": "2022-06-13",
    "app_update_description": null,
    "app_description": "在这里你可以看到全国大部分旅游景点介绍，领略我国的大好河山。\n只需轻轻滑动屏幕，就可以查看国内风景图，触手可及。\n随你想去旅游攻略、热门城市、热门景点、春夏秋冬四个季节的景点以及优美景点壁纸。\n1、覆盖全国多个5A，4A景区，还有景点的介绍，内容生动丰富。\n2、全国景点随意看， 足不出户就可以身临其境般轻松游览国内风景图。\n3、为您推荐知名或网红景点；大好河山呈现眼前。",
    "app_policy_url": "http://xyls.top/privacy/privacy_xyls.html",
    "app_listed_permission": "1.完全的网络访问权限\n2.读取通话状态和移动网络信息\n3.修改或删除存储卡中的内容\n4.查看 Wi-Fi 连接\n5.访问大致位置信息（使用网络进行定位）\n6.访问确切位置信息（使用 GPS 和网络进行定位）\n7.显示在其他应用上面\n8.读取已安装应用软件列表\n9.读取存储卡中的内容",
    "app_listed_permission_description": "1.允许该应用创建网络套接字和使用自定义网络协议。浏览器和其他某些应用提供了向互联网发送数据的途径，因此应用无需该权限即可向互联网发送数据。\n2.允许应用获取本机号码、通话状态以及拨打的号码。\n3.允许应用修改或删除存储卡上的照片、媒体内容和文件。\n4.允许该应用查看 Wi-Fi 网络的相关信息，例如是否开启 Wi-Fi 及已连接的 Wi-Fi 设备名称。\n5.允许应用基于基站、 Wi-Fi 等网络源获取位置信息。\n6.允许应用基于GPS、基站、 Wi-Fi 等网络源获取位置信息。这可能会增加耗电量。\n7.显示弹框、全屏界面到其他应用上面\n8.允许应用读取设备上的已安装应用软件列表。\n9.允许应用读取存储卡上的照片、媒体内容和文件。",
    "app_category": [
        "旅游住宿"
    ],
    "app_subcategory": [
        "热门",
        "旅游"
    ],
    "app_APK_url": "https://appgallery.cloud.huawei.com/appdl/C106436301",
    "is_popular": true,
    "app_APK_name": "C106436301-1.1.apk",
    "app_policy_name": "C106436301-1.1.txt",
    "policy_html_source_code": "<html lang=\"en\"><head>\n    <meta charset=\"UTF-8\">\n    <meta name=\"viewport\" content=\"width=device-width, initial-scale=1.0\">\n    <meta http-equiv=\"X-UA-Compatible\" content=\"ie=edge\">\n    <title>Document</title>\n</head>\n\n<body>\n    <h2 style=\"text-align: center\">APP隐私政策</h2>\n\t<p>\n\t<strong>更新日期：2021-10-27<br>生效日期：2021-10-27</strong>\n    </p>\n    <p>\n        深圳市行云流水科技有限公司（以下简称“本公司”、“我们”或“本应用”）作为公司旗下所有移动互联网应用程序（以下简称“应用”）的运营者，尊重并保护所有使用服务用户的个人隐私权。为了给您提供更准确、更实用的服务，本应用会按照本隐私权政策的规定使用和披露您的个人信息。但本应用将以高度的勤勉、审慎义务对待这些信息。除本隐私权政策另有规定外，在未征得您事先许可的情况下，本应用不会将这些信息对外披露或向第三方提供。本应用会不时更新本隐私权政策。 您在同意本应用服务使用协议之时，即视为您已经同意本隐私权政策全部内容。本隐私权政策属于本应用服务使用协议不可分割的一部分。 特别声明：本隐私政策适用于本公司旗下所有的应用。\n    </p>\n    <h3>\n        1. 适用范围\n    </h3>\n    <p>\n        (a) 在您注册本应用帐号时，您根据本应用要求提供的个人注册信息；\n    </p>\n    <p>\n        (b) 在您使用本应用网络服务，或访问本应用平台网页时，本应用自动接收并记录的您的浏览器和计算机上的信息，包括但不限于您的IP地址、浏览器的类型、使用的语言、访问日期和时间、软硬件特征信息及您需求的网页记录等数据；\n    </p>\n    <p>\n        (c) 本应用通过合法途径从商业伙伴处取得的用户个人数据。\n    </p>\n    <p>\n        您了解并同意，以下信息不适用本隐私权政策：\n    </p>\n    <p>\n        (a) 您在使用本应用平台提供的搜索服务时输入的关键字信息；\n    </p>\n    <p>\n        (b) 本应用收集到的您在本应用发布的有关信息数据，包括但不限于参与活动、成交信息及评价详情；\n    </p>\n    <p>\n        (c) 违反法律规定或违反本应用规则行为及本应用已对您采取的措施。\n    </p>\n    <h3>\n        2. 用户行使个人信息的权力\n    </h3>\n    <p>\n        (a)本应用不会向任何无关第三方提供、出售、出租、分享或交易您的个人信息，除非事先得到您的许可，或该第三方和本应用（含本应用关联公司）单独或共同为您提供服务，且在该服务结束后，其将被禁止访问包括其以前能够访问的所有这些资料。\n    </p>\n    <p>\n        (b) 本应用亦不允许任何第三方以任何手段收集、编辑、出售或者无偿传播您的个人信息。任何本应用平台用户如从事上述活动，一经发现，本应用有权立即终止与该用户的服务协议。\n    </p>\n    <p>\n        (c) 为服务用户的目的，本应用可能通过使用您的个人信息与本应用合作伙伴共享信息以便他们向您发送有关其产品和服务的信息（后者需要您的事先同意）。\n    </p>\n    <h3>\n        3. 用户行使个人信息权利的程序\n    </h3>\n    <p>\n        在如下情况下，本应用将依据您的个人意愿或法律的规定全部或部分的披露您的个人信息：\n    </p>\n    <p>\n        (a) 经您事先同意，向第三方披露；\n    </p>\n    <p>\n        (b)为提供您所要求的产品和服务，而必须和第三方分享您的个人信息；\n    </p>\n    <p>\n        (c) 根据法律的有关规定，或者行政或司法机构的要求，向第三方或者行政、司法机构披露；\n    </p>\n    <p>\n        (d) 如您出现违反中国有关法律、法规或者本应用服务协议或相关规则的情况，需要向第三方披露；\n    </p>\n    <p>\n        (e) 如您是适格的知识产权投诉人并已提起投诉，应被投诉人要求，向被投诉人披露，以便双方处理可能的权利纠纷；\n    </p>\n    <p>\n        (f) 在本应用平台上创建的某一交易中，如交易任何一方履行或部分履行了交易义务并提出信息披露请求的，本应用有权决定向该用户提供其交易对方的联络方式等必要信息，以促成交易的完成或纠纷的解决。\n    </p>\n    <p>\n        (g) 其它本应用根据法律、法规或者网站政策认为合适的披露。\n    </p>\n    <h3>4. 信息存储和交换</h3>\n本应用收集的有关您的信息和资料将保存在本应用及（或）其关联公司的服务器上，这些信息和资料可能传送至您所在国家、地区或本应用收集信息和资料所在地的境外并在境外被访问、存储和展示。<br><br>\n账户注销及流程<br><br>\n请注意:账号注销操作是不可恢复的操作。同时，账号注销后，您将无法再登录相应账号使用相关服务，除本应用按照相关法律规定应该保留的相关信息、权益或其他数据外，在您注销账号项下存储、使用等的全部信息、数据等将会被永久删除，请您谨慎进行账号注销操作。此外，账号注销并不代表您在该账号注销前的所有账号行为和相关责任得到豁免或减损。<br><br>\n1.1账号注销的流程<br><br>\n1.如果您需要注销账号，需同时满足以下条件：<br><br>\n1)账号最近1个月内无异常登录、密码修改、密码手机或密保邮箱修改等其他影响账户安全的情形；<br><br>\n2)账号内无未完成的交易、订单、服务等；<br><br>\n3)账号没有涉及任何的投诉举报或被投诉举报；<br><br>\n4)账号中无尚未使用的权益，如果您还有尚未使用的权益，注销申请将视为您主动放弃相应权益；<br><br>\n5)不存在任何拖欠或者未缴纳的款项；<br><br>\n6)您在本应用账号下的所有您有权的数据、信息等均已迁出及妥善备份，或您完全放弃保留、找回该等数据的权利；<br><br>\n7)账号注销并未涉及任何已发生的投诉、纠纷、诉讼，主管部门的调查等，以及不存在上述涉诉、被调整的现实性风险；<br><br>\n8)账号不存在其他依照法律法规的要求应当履行而尚未履行的义务等情形；<br><br>\n2.本应用审查团队在核查过程中，如果发现您账号不能同时满足上述条件的，您的账号注销申请将被驳回。如果您希望继续注销，需根据驳回原因处理完成相关事项后，重新发起账号注销申请。<br><br>\n3.发起账号注销申请时，请前往”我的信息“点击账号注销，申请成功后，账户即可自动注销。<br><br>\n1.2 账号注销的后果:<br><br>\n您知悉并同意，账号完成注销流程后将产生包括但不限于以下后果：<br><br>\n1.您将无法依赖于该账号进行任何权限操作；<br><br>\n2.您原先拥有的账号将被本应用收回，您无权再使用原有的登录账号。您将无法再次以该账号登录本应用网站、授权本应用访问的第三方网络服务或使用本应用任何需要账号登录才可使用的服务等；<br><br>\n3.您将无法找回该账号下您曾经存储、使用等的全部信息、数据等，本应用按照相关法律规定应该保留的相关信息或数据除外。<br><br>\n4.其他可能对您的权益造成损害或给您造成损失的后果。<br><br>\n如您对本软件个人信息管理方面有任何疑问，或您认为本应用存在任何违反法律法规或与您关于个人信息的收集或使用的约定，您可通过本软件列明的方式与本应用联系。<br>\n<h3>5.权限申请及应用场景</h3>\n我们对于软件需要在用户使用的设备上获取的权限非常严格和克制，在使用本应用过程中，我们会向您申请使用该功能所必须的权限，如您不同意开启该权限，请点击“不允许”，拒绝该权限的申请仅将影响您对特定产品功能的使用。我们在此向您列举产品将可能申请的权限及其使用目的。<br><br>\n<strong>电话权限：读取手机状态，在后台状态下获取用户的设备ID（ANDROID ID），涉及到用户设置的IMEI信息，设备Mac地址和设备型号等信息、您安装的应用信息或者运行中的进程信息，用于保障您的账号、网络、运营及系统安全，预防钓鱼网站欺诈木马病毒，以及进行数据统计(安装、活跃度等)。<br><br>\n存储权限：读取、写入外部，存储将应用的图片及其他文件缓存/存储到手机上，以及读取已存储的图片及其他文件。<br><br>\n地理位置权限：接收卫星定位信息，用于广告SDK广告展示，根据位置匹配相应的广告。<br><br>\n摄像头权限：拍摄图片和视频。<br><br>\n定位权限：使用网络进行定位，通过GPS或wifi等方式持续收集您的位置信息，所收集的信息或将用于为您和您的好友相关位置服务<br><br>\n录音权限：动态获取，用户主动授权，用于录制自己的声音进行变声<br><br>\n拨打电话和管理通话权限：用于能够正常接听来电，拨打电话，正常读取来电状态和来电号码<br><br>\n软件安装列表权限：读取用户的应用安装列表，以实现应用安装包的提取及分享功能。<br><br>\n获取粘贴板权限：方便用户在使用应用时，进行复制粘贴等便捷操作。<br><br>\n传感器权限：根据位置变化的信号，然后通过信号变化来转换位移信息。<br><br></strong>\n    <h3>\n        6. Cookie的使用\n    </h3>\n    <p>\n        (a) 在您未拒绝接受cookies的情况下，本应用会在您的计算机上设定或取用cookies\n        ，以便您能登录或使用依赖于cookies的本应用平台服务或功能。本应用使用cookies可为您提供更加周到的实用服务，包括推广服务。\n    </p>\n    <p>\n        (b) 您有权选择接受或拒绝接受cookies。您可以通过修改浏览器设置的方式拒绝接受cookies。但如果您选择拒绝接受cookies，则您可能无法登录或使用依赖于cookies的本应用网络服务或功能。\n    </p>\n    <p>\n        (c) 通过本应用所设cookies所取得的有关信息，将适用本政策。\n    </p>\n    <h3>\n        7. 信息安全\n    </h3>\n    <p>\n       为保障本应用相关功能的实现与应用安全稳定的运行，我们可能会接入由第三方提供的软件开发包（SDK）实现相关目的。\n我们会对合作方获取信息的软件工具开发包（SDK）进行严格的安全监测，以保护数据安全。\n我们对接入的相关第三方SDK在目录中列明。\n请注意，第三方SDK可能因为其版本升级、策略调整等原因导致数据处理类型存在一定变化，请以其公示的官方说明为准。\n<br>\n高德地图SDK\n使用目的：用于展现地图<br>\n<strong>数据类型：设备标识信息、地理位置信息<br></strong>\n官网链接：https://lbs.amap.com/pages/privacy/<br>\n<br>\n高德定位SDK<br>\n使用目的：用于实现定位<br>\n<strong>数据类型：设备标识信息、地理位置信息<br></strong>\n官网链接：https://lbs.amap.com/pages/privacy/<br>\n<br>\n高德地图搜索SDK<br>\n使用目的：用于实现两点之间路径规划等功能<br>\n<strong>数据类型：设备标识信息、地理位置信息<br></strong>\n官网链接：https://lbs.amap.com/pages/privacy/<br>\n<br>\nUmeng（友盟） SDK<br>\n使用目的：统计分析、推送信息<br>\n<strong>收集及共享个人信息的类型/范围：收集及共享个人信息的类型/范围：设备识别信息（含设备标识符、IP地址、互联网服务提供商及网络状态）、IMEI、Mac、android ID、IDFA、OPENUD ID、GUID、IMSI、安装应用列表、浏览器、会话启动/停止时间；地理位置信息或其他永久性或非永久性设备标识符（“设备标识符”）；设备平台和固件；手机运营商；邮政编码、地域码、粗略定位等地理数据。<br></strong>\n官网链接：https://www.umeng.com/policy<br>\n<br>\n百度地图SDK<br>\n使用目的：用于实现两点之间路径规划等功能<br>\n<strong>数据类型：设备标识信息、地理位置信息<br></strong>\n官网链接：https://lbsyun.baidu.com/index.php?title=open/privacy<br>\n<br>\n穿山甲 com.google.android.gms.ads SDK<br>\n使用目的：广告投放<br>\n<strong>收集及共享个人信息的类型/范围：设备标识信息（Android如IMEI、AndroidID、OAID），位置信息（GPS位置以及WLAN接入点、蓝牙和基站等 ）、传感器信息（陀螺仪，加速度，线性加速度）、软件列表<br></strong>\n官网链接：https://www.pangle.cn/privacy/partner<br>\n<br>\n优量汇com.tencent SDK<br>\n使用目的：广告投放<br>\n<strong>数据类型：设备标识信息<br></strong>\n官网链接：https://imgcache.qq.com/gdt/cdn/adn/uniondoc/ylh_sdk_privacy_statement.html<br>\n<br>\n广点通SDK<br>\n使用目的：广告请求和视图渲染<br>\n<strong>信息获取： ip地址，设备信息，屏幕参数，设备唯一设备识别码，设备商机型，操作系统，MAC设备地址，运营商信息，设备类型，设备序列号，地理位置信息<br></strong>\n隐私政策链接：https://www.tencent.com/zh-cn/privacy-policy.html<br>\n    </p>\n    <h3>\n        8.本隐私政策的更改\n    </h3>\n    <p>\n        (a)如果决定更改隐私政策，我们会在本政策中、本公司网站中以及我们认为适当的位置发布这些更改，以便您了解我们如何收集、使用您的个人信息，哪些人可以访问这些信息，以及在什么情况下我们会透露这些信息。\n    </p>\n    <p>\n        (b)本公司保留随时修改本政策的权利，因此请经常查看。如对本政策作出重大更改，本公司会通过网站通知的形式告知。\n    </p>\n    <p>\n        请勿向第三方披露自己的个人信息，如联络方式或者邮政地址。请您妥善保护自己的个人信息，仅在必要的情形下向他人提供。如您发现自己的个人信息泄密，尤其是本应用用户名及密码发生泄露，请您立即联络本应用客服，以便本应用采取相应措施。\n    </p>\n    <strong><p>\n\t\t为了统计分析等目的，我们的产品可能会集成第三方的SDK或其他类似的应用程序，例如友盟+SDK，友盟+SDK需要收集您设备的国际移动设备识别码（IMEI）、iOS广告标识符（IDFA)、设备Mac地址和设备型号等信息。\n\t</p></strong>\n\t<p>\n\t\t为了您的信息安全，我们已与第三方SDK服务商约定严格的数据安全保密义务，这些公司会严格遵守我们的数据隐私和安全要求。除非得到您的同意，我们不会与其共享您的个人信息。\n\t</p>\n\t\t为便于您更好地了解友盟+采集的数据类型及用途，以及何保护您的个人信息，您可以访问 <a href=\"https://www.umeng.com/policy\">https://www.umeng.com/policy</a> 了解友盟+隐私权政策。\n\t<p>\n\t\t我们理解并尊重您的选择权，如果您不愿参与友盟+大数据计算，您也可以访问 <a href=\"https://outdip.umeng.com/opt_out.html\">https://outdip.umeng.com/opt_out.html</a> 行使opt-out权利。\n\t</p>\n\t<p>\n\t\t我们可能适时修订本《隐私政策》的条款，该等修订构成本《隐私政策》的一部分。\n\t</p>\n\t<p>\n\t\t如该等修订造成您在本《隐私政策》下权利的实质减少，我们将在修订生效前通过在主页上显著位置提示或向您发送电子邮件或以其他方式通知您。\n\t</p>\n\t<p>\n\t\t在该种情况下，若您继续使用我们的服务，即表示同意受经修订的本《隐私政策》的约束。\n    </p>\n    <h3>\n        9.联系我们\n    </h3>\n    <p>\n        如果你对个人信息保护问题有疑问或建议，可选择通过以下方式联系我们：发送邮件至2829330174@qq.com\n    </p>\n\n\n</body></html>",
    "policy_text": "APP隐私政策\n更新日期：2021-10-27\n生效日期：2021-10-27\n深圳市行云流水科技有限公司（以下简称“本公司”、“我们”或“本应用”）作为公司旗下所有移动互联网应用程序（以下简称“应用”）的运营者，尊重并保护所有使用服务用户的个人隐私权。为了给您提供更准确、更实用的服务，本应用会按照本隐私权政策的规定使用和披露您的个人信息。但本应用将以高度的勤勉、审慎义务对待这些信息。除本隐私权政策另有规定外，在未征得您事先许可的情况下，本应用不会将这些信息对外披露或向第三方提供。本应用会不时更新本隐私权政策。 您在同意本应用服务使用协议之时，即视为您已经同意本隐私权政策全部内容。本隐私权政策属于本应用服务使用协议不可分割的一部分。 特别声明：本隐私政策适用于本公司旗下所有的应用。\n\n1. 适用范围\n\n(a) 在您注册本应用帐号时，您根据本应用要求提供的个人注册信息；\n\n(b) 在您使用本应用网络服务，或访问本应用平台网页时，本应用自动接收并记录的您的浏览器和计算机上的信息，包括但不限于您的IP地址、浏览器的类型、使用的语言、访问日期和时间、软硬件特征信息及您需求的网页记录等数据；\n\n(c) 本应用通过合法途径从商业伙伴处取得的用户个人数据。\n\n您了解并同意，以下信息不适用本隐私权政策：\n\n(a) 您在使用本应用平台提供的搜索服务时输入的关键字信息；\n\n(b) 本应用收集到的您在本应用发布的有关信息数据，包括但不限于参与活动、成交信息及评价详情；\n\n(c) 违反法律规定或违反本应用规则行为及本应用已对您采取的措施。\n\n2. 用户行使个人信息的权力\n\n(a)本应用不会向任何无关第三方提供、出售、出租、分享或交易您的个人信息，除非事先得到您的许可，或该第三方和本应用（含本应用关联公司）单独或共同为您提供服务，且在该服务结束后，其将被禁止访问包括其以前能够访问的所有这些资料。\n\n(b) 本应用亦不允许任何第三方以任何手段收集、编辑、出售或者无偿传播您的个人信息。任何本应用平台用户如从事上述活动，一经发现，本应用有权立即终止与该用户的服务协议。\n\n(c) 为服务用户的目的，本应用可能通过使用您的个人信息与本应用合作伙伴共享信息以便他们向您发送有关其产品和服务的信息（后者需要您的事先同意）。\n\n3. 用户行使个人信息权利的程序\n\n在如下情况下，本应用将依据您的个人意愿或法律的规定全部或部分的披露您的个人信息：\n\n(a) 经您事先同意，向第三方披露；\n\n(b)为提供您所要求的产品和服务，而必须和第三方分享您的个人信息；\n\n(c) 根据法律的有关规定，或者行政或司法机构的要求，向第三方或者行政、司法机构披露；\n\n(d) 如您出现违反中国有关法律、法规或者本应用服务协议或相关规则的情况，需要向第三方披露；\n\n(e) 如您是适格的知识产权投诉人并已提起投诉，应被投诉人要求，向被投诉人披露，以便双方处理可能的权利纠纷；\n\n(f) 在本应用平台上创建的某一交易中，如交易任何一方履行或部分履行了交易义务并提出信息披露请求的，本应用有权决定向该用户提供其交易对方的联络方式等必要信息，以促成交易的完成或纠纷的解决。\n\n(g) 其它本应用根据法律、法规或者网站政策认为合适的披露。\n\n4. 信息存储和交换\n本应用收集的有关您的信息和资料将保存在本应用及（或）其关联公司的服务器上，这些信息和资料可能传送至您所在国家、地区或本应用收集信息和资料所在地的境外并在境外被访问、存储和展示。\n账户注销及流程\n请注意:账号注销操作是不可恢复的操作。同时，账号注销后，您将无法再登录相应账号使用相关服务，除本应用按照相关法律规定应该保留的相关信息、权益或其他数据外，在您注销账号项下存储、使用等的全部信息、数据等将会被永久删除，请您谨慎进行账号注销操作。此外，账号注销并不代表您在该账号注销前的所有账号行为和相关责任得到豁免或减损。\n1.1账号注销的流程\n1.如果您需要注销账号，需同时满足以下条件：\n1)账号最近1个月内无异常登录、密码修改、密码手机或密保邮箱修改等其他影响账户安全的情形；\n2)账号内无未完成的交易、订单、服务等；\n3)账号没有涉及任何的投诉举报或被投诉举报；\n4)账号中无尚未使用的权益，如果您还有尚未使用的权益，注销申请将视为您主动放弃相应权益；\n5)不存在任何拖欠或者未缴纳的款项；\n6)您在本应用账号下的所有您有权的数据、信息等均已迁出及妥善备份，或您完全放弃保留、找回该等数据的权利；\n7)账号注销并未涉及任何已发生的投诉、纠纷、诉讼，主管部门的调查等，以及不存在上述涉诉、被调整的现实性风险；\n8)账号不存在其他依照法律法规的要求应当履行而尚未履行的义务等情形；\n2.本应用审查团队在核查过程中，如果发现您账号不能同时满足上述条件的，您的账号注销申请将被驳回。如果您希望继续注销，需根据驳回原因处理完成相关事项后，重新发起账号注销申请。\n3.发起账号注销申请时，请前往”我的信息“点击账号注销，申请成功后，账户即可自动注销。\n1.2 账号注销的后果:\n您知悉并同意，账号完成注销流程后将产生包括但不限于以下后果：\n1.您将无法依赖于该账号进行任何权限操作；\n2.您原先拥有的账号将被本应用收回，您无权再使用原有的登录账号。您将无法再次以该账号登录本应用网站、授权本应用访问的第三方网络服务或使用本应用任何需要账号登录才可使用的服务等；\n3.您将无法找回该账号下您曾经存储、使用等的全部信息、数据等，本应用按照相关法律规定应该保留的相关信息或数据除外。\n4.其他可能对您的权益造成损害或给您造成损失的后果。\n如您对本软件个人信息管理方面有任何疑问，或您认为本应用存在任何违反法律法规或与您关于个人信息的收集或使用的约定，您可通过本软件列明的方式与本应用联系。\n5.权限申请及应用场景\n我们对于软件需要在用户使用的设备上获取的权限非常严格和克制，在使用本应用过程中，我们会向您申请使用该功能所必须的权限，如您不同意开启该权限，请点击“不允许”，拒绝该权限的申请仅将影响您对特定产品功能的使用。我们在此向您列举产品将可能申请的权限及其使用目的。\n电话权限：读取手机状态，在后台状态下获取用户的设备ID（ANDROID ID），涉及到用户设置的IMEI信息，设备Mac地址和设备型号等信息、您安装的应用信息或者运行中的进程信息，用于保障您的账号、网络、运营及系统安全，预防钓鱼网站欺诈木马病毒，以及进行数据统计(安装、活跃度等)。\n存储权限：读取、写入外部，存储将应用的图片及其他文件缓存/存储到手机上，以及读取已存储的图片及其他文件。\n地理位置权限：接收卫星定位信息，用于广告SDK广告展示，根据位置匹配相应的广告。\n摄像头权限：拍摄图片和视频。\n定位权限：使用网络进行定位，通过GPS或wifi等方式持续收集您的位置信息，所收集的信息或将用于为您和您的好友相关位置服务\n录音权限：动态获取，用户主动授权，用于录制自己的声音进行变声\n拨打电话和管理通话权限：用于能够正常接听来电，拨打电话，正常读取来电状态和来电号码\n软件安装列表权限：读取用户的应用安装列表，以实现应用安装包的提取及分享功能。\n获取粘贴板权限：方便用户在使用应用时，进行复制粘贴等便捷操作。\n传感器权限：根据位置变化的信号，然后通过信号变化来转换位移信息。\n6. Cookie的使用\n\n(a) 在您未拒绝接受cookies的情况下，本应用会在您的计算机上设定或取用cookies\n，以便您能登录或使用依赖于cookies的本应用平台服务或功能。本应用使用cookies可为您提供更加周到的实用服务，包括推广服务。\n\n(b) 您有权选择接受或拒绝接受cookies。您可以通过修改浏览器设置的方式拒绝接受cookies。但如果您选择拒绝接受cookies，则您可能无法登录或使用依赖于cookies的本应用网络服务或功能。\n\n(c) 通过本应用所设cookies所取得的有关信息，将适用本政策。\n\n7. 信息安全\n\n为保障本应用相关功能的实现与应用安全稳定的运行，我们可能会接入由第三方提供的软件开发包（SDK）实现相关目的。\n我们会对合作方获取信息的软件工具开发包（SDK）进行严格的安全监测，以保护数据安全。\n我们对接入的相关第三方SDK在目录中列明。\n请注意，第三方SDK可能因为其版本升级、策略调整等原因导致数据处理类型存在一定变化，请以其公示的官方说明为准。\n高德地图SDK\n使用目的：用于展现地图\n数据类型：设备标识信息、地理位置信息\n官网链接：https://lbs.amap.com/pages/privacy/\n高德定位SDK\n使用目的：用于实现定位\n数据类型：设备标识信息、地理位置信息\n官网链接：https://lbs.amap.com/pages/privacy/\n高德地图搜索SDK\n使用目的：用于实现两点之间路径规划等功能\n数据类型：设备标识信息、地理位置信息\n官网链接：https://lbs.amap.com/pages/privacy/\nUmeng（友盟） SDK\n使用目的：统计分析、推送信息\n收集及共享个人信息的类型/范围：收集及共享个人信息的类型/范围：设备识别信息（含设备标识符、IP地址、互联网服务提供商及网络状态）、IMEI、Mac、android ID、IDFA、OPENUD ID、GUID、IMSI、安装应用列表、浏览器、会话启动/停止时间；地理位置信息或其他永久性或非永久性设备标识符（“设备标识符”）；设备平台和固件；手机运营商；邮政编码、地域码、粗略定位等地理数据。\n官网链接：https://www.umeng.com/policy\n百度地图SDK\n使用目的：用于实现两点之间路径规划等功能\n数据类型：设备标识信息、地理位置信息\n官网链接：https://lbsyun.baidu.com/index.php?title=open/privacy\n穿山甲 com.google.android.gms.ads SDK\n使用目的：广告投放\n收集及共享个人信息的类型/范围：设备标识信息（Android如IMEI、AndroidID、OAID），位置信息（GPS位置以及WLAN接入点、蓝牙和基站等 ）、传感器信息（陀螺仪，加速度，线性加速度）、软件列表\n官网链接：https://www.pangle.cn/privacy/partner\n优量汇com.tencent SDK\n使用目的：广告投放\n数据类型：设备标识信息\n官网链接：https://imgcache.qq.com/gdt/cdn/adn/uniondoc/ylh_sdk_privacy_statement.html\n广点通SDK\n使用目的：广告请求和视图渲染\n信息获取： ip地址，设备信息，屏幕参数，设备唯一设备识别码，设备商机型，操作系统，MAC设备地址，运营商信息，设备类型，设备序列号，地理位置信息\n隐私政策链接：https://www.tencent.com/zh-cn/privacy-policy.html\n8.本隐私政策的更改\n\n(a)如果决定更改隐私政策，我们会在本政策中、本公司网站中以及我们认为适当的位置发布这些更改，以便您了解我们如何收集、使用您的个人信息，哪些人可以访问这些信息，以及在什么情况下我们会透露这些信息。\n\n(b)本公司保留随时修改本政策的权利，因此请经常查看。如对本政策作出重大更改，本公司会通过网站通知的形式告知。\n\n请勿向第三方披露自己的个人信息，如联络方式或者邮政地址。请您妥善保护自己的个人信息，仅在必要的情形下向他人提供。如您发现自己的个人信息泄密，尤其是本应用用户名及密码发生泄露，请您立即联络本应用客服，以便本应用采取相应措施。\n\n为了统计分析等目的，我们的产品可能会集成第三方的SDK或其他类似的应用程序，例如友盟+SDK，友盟+SDK需要收集您设备的国际移动设备识别码（IMEI）、iOS广告标识符（IDFA)、设备Mac地址和设备型号等信息。\n\n为了您的信息安全，我们已与第三方SDK服务商约定严格的数据安全保密义务，这些公司会严格遵守我们的数据隐私和安全要求。除非得到您的同意，我们不会与其共享您的个人信息。\n\n为便于您更好地了解友盟+采集的数据类型及用途，以及何保护您的个人信息，您可以访问 https://www.umeng.com/policy 了解友盟+隐私权政策。\n\n我们理解并尊重您的选择权，如果您不愿参与友盟+大数据计算，您也可以访问 https://outdip.umeng.com/opt_out.html 行使opt-out权利。\n\n我们可能适时修订本《隐私政策》的条款，该等修订构成本《隐私政策》的一部分。\n\n如该等修订造成您在本《隐私政策》下权利的实质减少，我们将在修订生效前通过在主页上显著位置提示或向您发送电子邮件或以其他方式通知您。\n\n在该种情况下，若您继续使用我们的服务，即表示同意受经修订的本《隐私政策》的约束。\n\n9.联系我们\n\n如果你对个人信息保护问题有疑问或建议，可选择通过以下方式联系我们：发送邮件至2829330174@qq.com\n",
    "policy_html_source_code_clean": "Document\n<body>\n<h2>APP隐私政策</h2>\n<p>\n<strong>更新日期：2021-10-27<br/>生效日期：2021-10-27</strong>\n</p>\n<p>\n        深圳市行云流水科技有限公司（以下简称“本公司”、“我们”或“本应用”）作为公司旗下所有移动互联网应用程序（以下简称“应用”）的运营者，尊重并保护所有使用服务用户的个人隐私权。为了给您提供更准确、更实用的服务，本应用会按照本隐私权政策的规定使用和披露您的个人信息。但本应用将以高度的勤勉、审慎义务对待这些信息。除本隐私权政策另有规定外，在未征得您事先许可的情况下，本应用不会将这些信息对外披露或向第三方提供。本应用会不时更新本隐私权政策。 您在同意本应用服务使用协议之时，即视为您已经同意本隐私权政策全部内容。本隐私权政策属于本应用服务使用协议不可分割的一部分。 特别声明：本隐私政策适用于本公司旗下所有的应用。\n    </p>\n<h3>\n        1. 适用范围\n    </h3>\n<p>\n        (a) 在您注册本应用帐号时，您根据本应用要求提供的个人注册信息；\n    </p>\n<p>\n        (b) 在您使用本应用网络服务，或访问本应用平台网页时，本应用自动接收并记录的您的浏览器和计算机上的信息，包括但不限于您的IP地址、浏览器的类型、使用的语言、访问日期和时间、软硬件特征信息及您需求的网页记录等数据；\n    </p>\n<p>\n        (c) 本应用通过合法途径从商业伙伴处取得的用户个人数据。\n    </p>\n<p>\n        您了解并同意，以下信息不适用本隐私权政策：\n    </p>\n<p>\n        (a) 您在使用本应用平台提供的搜索服务时输入的关键字信息；\n    </p>\n<p>\n        (b) 本应用收集到的您在本应用发布的有关信息数据，包括但不限于参与活动、成交信息及评价详情；\n    </p>\n<p>\n        (c) 违反法律规定或违反本应用规则行为及本应用已对您采取的措施。\n    </p>\n<h3>\n        2. 用户行使个人信息的权力\n    </h3>\n<p>\n        (a)本应用不会向任何无关第三方提供、出售、出租、分享或交易您的个人信息，除非事先得到您的许可，或该第三方和本应用（含本应用关联公司）单独或共同为您提供服务，且在该服务结束后，其将被禁止访问包括其以前能够访问的所有这些资料。\n    </p>\n<p>\n        (b) 本应用亦不允许任何第三方以任何手段收集、编辑、出售或者无偿传播您的个人信息。任何本应用平台用户如从事上述活动，一经发现，本应用有权立即终止与该用户的服务协议。\n    </p>\n<p>\n        (c) 为服务用户的目的，本应用可能通过使用您的个人信息与本应用合作伙伴共享信息以便他们向您发送有关其产品和服务的信息（后者需要您的事先同意）。\n    </p>\n<h3>\n        3. 用户行使个人信息权利的程序\n    </h3>\n<p>\n        在如下情况下，本应用将依据您的个人意愿或法律的规定全部或部分的披露您的个人信息：\n    </p>\n<p>\n        (a) 经您事先同意，向第三方披露；\n    </p>\n<p>\n        (b)为提供您所要求的产品和服务，而必须和第三方分享您的个人信息；\n    </p>\n<p>\n        (c) 根据法律的有关规定，或者行政或司法机构的要求，向第三方或者行政、司法机构披露；\n    </p>\n<p>\n        (d) 如您出现违反中国有关法律、法规或者本应用服务协议或相关规则的情况，需要向第三方披露；\n    </p>\n<p>\n        (e) 如您是适格的知识产权投诉人并已提起投诉，应被投诉人要求，向被投诉人披露，以便双方处理可能的权利纠纷；\n    </p>\n<p>\n        (f) 在本应用平台上创建的某一交易中，如交易任何一方履行或部分履行了交易义务并提出信息披露请求的，本应用有权决定向该用户提供其交易对方的联络方式等必要信息，以促成交易的完成或纠纷的解决。\n    </p>\n<p>\n        (g) 其它本应用根据法律、法规或者网站政策认为合适的披露。\n    </p>\n<h3>4. 信息存储和交换</h3>\n本应用收集的有关您的信息和资料将保存在本应用及（或）其关联公司的服务器上，这些信息和资料可能传送至您所在国家、地区或本应用收集信息和资料所在地的境外并在境外被访问、存储和展示。<br/><br/>\n账户注销及流程<br/><br/>\n请注意:账号注销操作是不可恢复的操作。同时，账号注销后，您将无法再登录相应账号使用相关服务，除本应用按照相关法律规定应该保留的相关信息、权益或其他数据外，在您注销账号项下存储、使用等的全部信息、数据等将会被永久删除，请您谨慎进行账号注销操作。此外，账号注销并不代表您在该账号注销前的所有账号行为和相关责任得到豁免或减损。<br/><br/>\n1.1账号注销的流程<br/><br/>\n1.如果您需要注销账号，需同时满足以下条件：<br/><br/>\n1)账号最近1个月内无异常登录、密码修改、密码手机或密保邮箱修改等其他影响账户安全的情形；<br/><br/>\n2)账号内无未完成的交易、订单、服务等；<br/><br/>\n3)账号没有涉及任何的投诉举报或被投诉举报；<br/><br/>\n4)账号中无尚未使用的权益，如果您还有尚未使用的权益，注销申请将视为您主动放弃相应权益；<br/><br/>\n5)不存在任何拖欠或者未缴纳的款项；<br/><br/>\n6)您在本应用账号下的所有您有权的数据、信息等均已迁出及妥善备份，或您完全放弃保留、找回该等数据的权利；<br/><br/>\n7)账号注销并未涉及任何已发生的投诉、纠纷、诉讼，主管部门的调查等，以及不存在上述涉诉、被调整的现实性风险；<br/><br/>\n8)账号不存在其他依照法律法规的要求应当履行而尚未履行的义务等情形；<br/><br/>\n2.本应用审查团队在核查过程中，如果发现您账号不能同时满足上述条件的，您的账号注销申请将被驳回。如果您希望继续注销，需根据驳回原因处理完成相关事项后，重新发起账号注销申请。<br/><br/>\n3.发起账号注销申请时，请前往”我的信息“点击账号注销，申请成功后，账户即可自动注销。<br/><br/>\n1.2 账号注销的后果:<br/><br/>\n您知悉并同意，账号完成注销流程后将产生包括但不限于以下后果：<br/><br/>\n1.您将无法依赖于该账号进行任何权限操作；<br/><br/>\n2.您原先拥有的账号将被本应用收回，您无权再使用原有的登录账号。您将无法再次以该账号登录本应用网站、授权本应用访问的第三方网络服务或使用本应用任何需要账号登录才可使用的服务等；<br/><br/>\n3.您将无法找回该账号下您曾经存储、使用等的全部信息、数据等，本应用按照相关法律规定应该保留的相关信息或数据除外。<br/><br/>\n4.其他可能对您的权益造成损害或给您造成损失的后果。<br/><br/>\n如您对本软件个人信息管理方面有任何疑问，或您认为本应用存在任何违反法律法规或与您关于个人信息的收集或使用的约定，您可通过本软件列明的方式与本应用联系。<br/>\n<h3>5.权限申请及应用场景</h3>\n我们对于软件需要在用户使用的设备上获取的权限非常严格和克制，在使用本应用过程中，我们会向您申请使用该功能所必须的权限，如您不同意开启该权限，请点击“不允许”，拒绝该权限的申请仅将影响您对特定产品功能的使用。我们在此向您列举产品将可能申请的权限及其使用目的。<br/><br/>\n<strong>电话权限：读取手机状态，在后台状态下获取用户的设备ID（ANDROID ID），涉及到用户设置的IMEI信息，设备Mac地址和设备型号等信息、您安装的应用信息或者运行中的进程信息，用于保障您的账号、网络、运营及系统安全，预防钓鱼网站欺诈木马病毒，以及进行数据统计(安装、活跃度等)。<br/><br/>\n存储权限：读取、写入外部，存储将应用的图片及其他文件缓存/存储到手机上，以及读取已存储的图片及其他文件。<br/><br/>\n地理位置权限：接收卫星定位信息，用于广告SDK广告展示，根据位置匹配相应的广告。<br/><br/>\n摄像头权限：拍摄图片和视频。<br/><br/>\n定位权限：使用网络进行定位，通过GPS或wifi等方式持续收集您的位置信息，所收集的信息或将用于为您和您的好友相关位置服务<br/><br/>\n录音权限：动态获取，用户主动授权，用于录制自己的声音进行变声<br/><br/>\n拨打电话和管理通话权限：用于能够正常接听来电，拨打电话，正常读取来电状态和来电号码<br/><br/>\n软件安装列表权限：读取用户的应用安装列表，以实现应用安装包的提取及分享功能。<br/><br/>\n获取粘贴板权限：方便用户在使用应用时，进行复制粘贴等便捷操作。<br/><br/>\n传感器权限：根据位置变化的信号，然后通过信号变化来转换位移信息。<br/><br/></strong>\n<h3>\n        6. Cookie的使用\n    </h3>\n<p>\n        (a) 在您未拒绝接受cookies的情况下，本应用会在您的计算机上设定或取用cookies\n        ，以便您能登录或使用依赖于cookies的本应用平台服务或功能。本应用使用cookies可为您提供更加周到的实用服务，包括推广服务。\n    </p>\n<p>\n        (b) 您有权选择接受或拒绝接受cookies。您可以通过修改浏览器设置的方式拒绝接受cookies。但如果您选择拒绝接受cookies，则您可能无法登录或使用依赖于cookies的本应用网络服务或功能。\n    </p>\n<p>\n        (c) 通过本应用所设cookies所取得的有关信息，将适用本政策。\n    </p>\n<h3>\n        7. 信息安全\n    </h3>\n<p>\n       为保障本应用相关功能的实现与应用安全稳定的运行，我们可能会接入由第三方提供的软件开发包（SDK）实现相关目的。\n我们会对合作方获取信息的软件工具开发包（SDK）进行严格的安全监测，以保护数据安全。\n我们对接入的相关第三方SDK在目录中列明。\n请注意，第三方SDK可能因为其版本升级、策略调整等原因导致数据处理类型存在一定变化，请以其公示的官方说明为准。\n<br/>\n高德地图SDK\n使用目的：用于展现地图<br/>\n<strong>数据类型：设备标识信息、地理位置信息<br/></strong>\n官网链接：https://lbs.amap.com/pages/privacy/<br/>\n<br/>\n高德定位SDK<br/>\n使用目的：用于实现定位<br/>\n<strong>数据类型：设备标识信息、地理位置信息<br/></strong>\n官网链接：https://lbs.amap.com/pages/privacy/<br/>\n<br/>\n高德地图搜索SDK<br/>\n使用目的：用于实现两点之间路径规划等功能<br/>\n<strong>数据类型：设备标识信息、地理位置信息<br/></strong>\n官网链接：https://lbs.amap.com/pages/privacy/<br/>\n<br/>\nUmeng（友盟） SDK<br/>\n使用目的：统计分析、推送信息<br/>\n<strong>收集及共享个人信息的类型/范围：收集及共享个人信息的类型/范围：设备识别信息（含设备标识符、IP地址、互联网服务提供商及网络状态）、IMEI、Mac、android ID、IDFA、OPENUD ID、GUID、IMSI、安装应用列表、浏览器、会话启动/停止时间；地理位置信息或其他永久性或非永久性设备标识符（“设备标识符”）；设备平台和固件；手机运营商；邮政编码、地域码、粗略定位等地理数据。<br/></strong>\n官网链接：https://www.umeng.com/policy<br/>\n<br/>\n百度地图SDK<br/>\n使用目的：用于实现两点之间路径规划等功能<br/>\n<strong>数据类型：设备标识信息、地理位置信息<br/></strong>\n官网链接：https://lbsyun.baidu.com/index.php?title=open/privacy<br/>\n<br/>\n穿山甲 com.google.android.gms.ads SDK<br/>\n使用目的：广告投放<br/>\n<strong>收集及共享个人信息的类型/范围：设备标识信息（Android如IMEI、AndroidID、OAID），位置信息（GPS位置以及WLAN接入点、蓝牙和基站等 ）、传感器信息（陀螺仪，加速度，线性加速度）、软件列表<br/></strong>\n官网链接：https://www.pangle.cn/privacy/partner<br/>\n<br/>\n优量汇com.tencent SDK<br/>\n使用目的：广告投放<br/>\n<strong>数据类型：设备标识信息<br/></strong>\n官网链接：https://imgcache.qq.com/gdt/cdn/adn/uniondoc/ylh_sdk_privacy_statement.html<br/>\n<br/>\n广点通SDK<br/>\n使用目的：广告请求和视图渲染<br/>\n<strong>信息获取： ip地址，设备信息，屏幕参数，设备唯一设备识别码，设备商机型，操作系统，MAC设备地址，运营商信息，设备类型，设备序列号，地理位置信息<br/></strong>\n隐私政策链接：https://www.tencent.com/zh-cn/privacy-policy.html<br/>\n</p>\n<h3>\n        8.本隐私政策的更改\n    </h3>\n<p>\n        (a)如果决定更改隐私政策，我们会在本政策中、本公司网站中以及我们认为适当的位置发布这些更改，以便您了解我们如何收集、使用您的个人信息，哪些人可以访问这些信息，以及在什么情况下我们会透露这些信息。\n    </p>\n<p>\n        (b)本公司保留随时修改本政策的权利，因此请经常查看。如对本政策作出重大更改，本公司会通过网站通知的形式告知。\n    </p>\n<p>\n        请勿向第三方披露自己的个人信息，如联络方式或者邮政地址。请您妥善保护自己的个人信息，仅在必要的情形下向他人提供。如您发现自己的个人信息泄密，尤其是本应用用户名及密码发生泄露，请您立即联络本应用客服，以便本应用采取相应措施。\n    </p>\n<strong><p>\n\t\t为了统计分析等目的，我们的产品可能会集成第三方的SDK或其他类似的应用程序，例如友盟+SDK，友盟+SDK需要收集您设备的国际移动设备识别码（IMEI）、iOS广告标识符（IDFA)、设备Mac地址和设备型号等信息。\n\t</p></strong>\n<p>\n\t\t为了您的信息安全，我们已与第三方SDK服务商约定严格的数据安全保密义务，这些公司会严格遵守我们的数据隐私和安全要求。除非得到您的同意，我们不会与其共享您的个人信息。\n\t</p>\n\t\t为便于您更好地了解友盟+采集的数据类型及用途，以及何保护您的个人信息，您可以访问 <a href=\"https://www.umeng.com/policy\" target=\"_blank\">https://www.umeng.com/policy</a> 了解友盟+隐私权政策。\n\t<p>\n\t\t我们理解并尊重您的选择权，如果您不愿参与友盟+大数据计算，您也可以访问 <a href=\"https://outdip.umeng.com/opt_out.html\" target=\"_blank\">https://outdip.umeng.com/opt_out.html</a> 行使opt-out权利。\n\t</p>\n<p>\n\t\t我们可能适时修订本《隐私政策》的条款，该等修订构成本《隐私政策》的一部分。\n\t</p>\n<p>\n\t\t如该等修订造成您在本《隐私政策》下权利的实质减少，我们将在修订生效前通过在主页上显著位置提示或向您发送电子邮件或以其他方式通知您。\n\t</p>\n<p>\n\t\t在该种情况下，若您继续使用我们的服务，即表示同意受经修订的本《隐私政策》的约束。\n    </p>\n<h3>\n        9.联系我们\n    </h3>\n<p>\n        如果你对个人信息保护问题有疑问或建议，可选择通过以下方式联系我们：发送邮件至2829330174@qq.com\n    </p>\n</body>",
    "policy_text_clean": "Document\nAPP隐私政策\n更新日期：2021-10-27\n生效日期：2021-10-27\n深圳市行云流水科技有限公司（以下简称“本公司”、“我们”或“本应用”）作为公司旗下所有移动互联网应用程序（以下简称“应用”）的运营者，尊重并保护所有使用服务用户的个人隐私权。为了给您提供更准确、更实用的服务，本应用会按照本隐私权政策的规定使用和披露您的个人信息。但本应用将以高度的勤勉、审慎义务对待这些信息。除本隐私权政策另有规定外，在未征得您事先许可的情况下，本应用不会将这些信息对外披露或向第三方提供。本应用会不时更新本隐私权政策。 您在同意本应用服务使用协议之时，即视为您已经同意本隐私权政策全部内容。本隐私权政策属于本应用服务使用协议不可分割的一部分。 特别声明：本隐私政策适用于本公司旗下所有的应用。\n\n1. 适用范围\n\n(a) 在您注册本应用帐号时，您根据本应用要求提供的个人注册信息；\n\n(b) 在您使用本应用网络服务，或访问本应用平台网页时，本应用自动接收并记录的您的浏览器和计算机上的信息，包括但不限于您的IP地址、浏览器的类型、使用的语言、访问日期和时间、软硬件特征信息及您需求的网页记录等数据；\n\n(c) 本应用通过合法途径从商业伙伴处取得的用户个人数据。\n\n您了解并同意，以下信息不适用本隐私权政策：\n\n(a) 您在使用本应用平台提供的搜索服务时输入的关键字信息；\n\n(b) 本应用收集到的您在本应用发布的有关信息数据，包括但不限于参与活动、成交信息及评价详情；\n\n(c) 违反法律规定或违反本应用规则行为及本应用已对您采取的措施。\n\n2. 用户行使个人信息的权力\n\n(a)本应用不会向任何无关第三方提供、出售、出租、分享或交易您的个人信息，除非事先得到您的许可，或该第三方和本应用（含本应用关联公司）单独或共同为您提供服务，且在该服务结束后，其将被禁止访问包括其以前能够访问的所有这些资料。\n\n(b) 本应用亦不允许任何第三方以任何手段收集、编辑、出售或者无偿传播您的个人信息。任何本应用平台用户如从事上述活动，一经发现，本应用有权立即终止与该用户的服务协议。\n\n(c) 为服务用户的目的，本应用可能通过使用您的个人信息与本应用合作伙伴共享信息以便他们向您发送有关其产品和服务的信息（后者需要您的事先同意）。\n\n3. 用户行使个人信息权利的程序\n\n在如下情况下，本应用将依据您的个人意愿或法律的规定全部或部分的披露您的个人信息：\n\n(a) 经您事先同意，向第三方披露；\n\n(b)为提供您所要求的产品和服务，而必须和第三方分享您的个人信息；\n\n(c) 根据法律的有关规定，或者行政或司法机构的要求，向第三方或者行政、司法机构披露；\n\n(d) 如您出现违反中国有关法律、法规或者本应用服务协议或相关规则的情况，需要向第三方披露；\n\n(e) 如您是适格的知识产权投诉人并已提起投诉，应被投诉人要求，向被投诉人披露，以便双方处理可能的权利纠纷；\n\n(f) 在本应用平台上创建的某一交易中，如交易任何一方履行或部分履行了交易义务并提出信息披露请求的，本应用有权决定向该用户提供其交易对方的联络方式等必要信息，以促成交易的完成或纠纷的解决。\n\n(g) 其它本应用根据法律、法规或者网站政策认为合适的披露。\n\n4. 信息存储和交换\n本应用收集的有关您的信息和资料将保存在本应用及（或）其关联公司的服务器上，这些信息和资料可能传送至您所在国家、地区或本应用收集信息和资料所在地的境外并在境外被访问、存储和展示。\n账户注销及流程\n请注意:账号注销操作是不可恢复的操作。同时，账号注销后，您将无法再登录相应账号使用相关服务，除本应用按照相关法律规定应该保留的相关信息、权益或其他数据外，在您注销账号项下存储、使用等的全部信息、数据等将会被永久删除，请您谨慎进行账号注销操作。此外，账号注销并不代表您在该账号注销前的所有账号行为和相关责任得到豁免或减损。\n1.1账号注销的流程\n1.如果您需要注销账号，需同时满足以下条件：\n1)账号最近1个月内无异常登录、密码修改、密码手机或密保邮箱修改等其他影响账户安全的情形；\n2)账号内无未完成的交易、订单、服务等；\n3)账号没有涉及任何的投诉举报或被投诉举报；\n4)账号中无尚未使用的权益，如果您还有尚未使用的权益，注销申请将视为您主动放弃相应权益；\n5)不存在任何拖欠或者未缴纳的款项；\n6)您在本应用账号下的所有您有权的数据、信息等均已迁出及妥善备份，或您完全放弃保留、找回该等数据的权利；\n7)账号注销并未涉及任何已发生的投诉、纠纷、诉讼，主管部门的调查等，以及不存在上述涉诉、被调整的现实性风险；\n8)账号不存在其他依照法律法规的要求应当履行而尚未履行的义务等情形；\n2.本应用审查团队在核查过程中，如果发现您账号不能同时满足上述条件的，您的账号注销申请将被驳回。如果您希望继续注销，需根据驳回原因处理完成相关事项后，重新发起账号注销申请。\n3.发起账号注销申请时，请前往”我的信息“点击账号注销，申请成功后，账户即可自动注销。\n1.2 账号注销的后果:\n您知悉并同意，账号完成注销流程后将产生包括但不限于以下后果：\n1.您将无法依赖于该账号进行任何权限操作；\n2.您原先拥有的账号将被本应用收回，您无权再使用原有的登录账号。您将无法再次以该账号登录本应用网站、授权本应用访问的第三方网络服务或使用本应用任何需要账号登录才可使用的服务等；\n3.您将无法找回该账号下您曾经存储、使用等的全部信息、数据等，本应用按照相关法律规定应该保留的相关信息或数据除外。\n4.其他可能对您的权益造成损害或给您造成损失的后果。\n如您对本软件个人信息管理方面有任何疑问，或您认为本应用存在任何违反法律法规或与您关于个人信息的收集或使用的约定，您可通过本软件列明的方式与本应用联系。\n5.权限申请及应用场景\n我们对于软件需要在用户使用的设备上获取的权限非常严格和克制，在使用本应用过程中，我们会向您申请使用该功能所必须的权限，如您不同意开启该权限，请点击“不允许”，拒绝该权限的申请仅将影响您对特定产品功能的使用。我们在此向您列举产品将可能申请的权限及其使用目的。\n电话权限：读取手机状态，在后台状态下获取用户的设备ID（ANDROID ID），涉及到用户设置的IMEI信息，设备Mac地址和设备型号等信息、您安装的应用信息或者运行中的进程信息，用于保障您的账号、网络、运营及系统安全，预防钓鱼网站欺诈木马病毒，以及进行数据统计(安装、活跃度等)。\n存储权限：读取、写入外部，存储将应用的图片及其他文件缓存/存储到手机上，以及读取已存储的图片及其他文件。\n地理位置权限：接收卫星定位信息，用于广告SDK广告展示，根据位置匹配相应的广告。\n摄像头权限：拍摄图片和视频。\n定位权限：使用网络进行定位，通过GPS或wifi等方式持续收集您的位置信息，所收集的信息或将用于为您和您的好友相关位置服务\n录音权限：动态获取，用户主动授权，用于录制自己的声音进行变声\n拨打电话和管理通话权限：用于能够正常接听来电，拨打电话，正常读取来电状态和来电号码\n软件安装列表权限：读取用户的应用安装列表，以实现应用安装包的提取及分享功能。\n获取粘贴板权限：方便用户在使用应用时，进行复制粘贴等便捷操作。\n传感器权限：根据位置变化的信号，然后通过信号变化来转换位移信息。\n6. Cookie的使用\n\n(a) 在您未拒绝接受cookies的情况下，本应用会在您的计算机上设定或取用cookies\n，以便您能登录或使用依赖于cookies的本应用平台服务或功能。本应用使用cookies可为您提供更加周到的实用服务，包括推广服务。\n\n(b) 您有权选择接受或拒绝接受cookies。您可以通过修改浏览器设置的方式拒绝接受cookies。但如果您选择拒绝接受cookies，则您可能无法登录或使用依赖于cookies的本应用网络服务或功能。\n\n(c) 通过本应用所设cookies所取得的有关信息，将适用本政策。\n\n7. 信息安全\n\n为保障本应用相关功能的实现与应用安全稳定的运行，我们可能会接入由第三方提供的软件开发包（SDK）实现相关目的。\n我们会对合作方获取信息的软件工具开发包（SDK）进行严格的安全监测，以保护数据安全。\n我们对接入的相关第三方SDK在目录中列明。\n请注意，第三方SDK可能因为其版本升级、策略调整等原因导致数据处理类型存在一定变化，请以其公示的官方说明为准。\n高德地图SDK\n使用目的：用于展现地图\n数据类型：设备标识信息、地理位置信息\n官网链接：https://lbs.amap.com/pages/privacy/\n高德定位SDK\n使用目的：用于实现定位\n数据类型：设备标识信息、地理位置信息\n官网链接：https://lbs.amap.com/pages/privacy/\n高德地图搜索SDK\n使用目的：用于实现两点之间路径规划等功能\n数据类型：设备标识信息、地理位置信息\n官网链接：https://lbs.amap.com/pages/privacy/\nUmeng（友盟） SDK\n使用目的：统计分析、推送信息\n收集及共享个人信息的类型/范围：收集及共享个人信息的类型/范围：设备识别信息（含设备标识符、IP地址、互联网服务提供商及网络状态）、IMEI、Mac、android ID、IDFA、OPENUD ID、GUID、IMSI、安装应用列表、浏览器、会话启动/停止时间；地理位置信息或其他永久性或非永久性设备标识符（“设备标识符”）；设备平台和固件；手机运营商；邮政编码、地域码、粗略定位等地理数据。\n官网链接：https://www.umeng.com/policy\n百度地图SDK\n使用目的：用于实现两点之间路径规划等功能\n数据类型：设备标识信息、地理位置信息\n官网链接：https://lbsyun.baidu.com/index.php?title=open/privacy\n穿山甲 com.google.android.gms.ads SDK\n使用目的：广告投放\n收集及共享个人信息的类型/范围：设备标识信息（Android如IMEI、AndroidID、OAID），位置信息（GPS位置以及WLAN接入点、蓝牙和基站等 ）、传感器信息（陀螺仪，加速度，线性加速度）、软件列表\n官网链接：https://www.pangle.cn/privacy/partner\n优量汇com.tencent SDK\n使用目的：广告投放\n数据类型：设备标识信息\n官网链接：https://imgcache.qq.com/gdt/cdn/adn/uniondoc/ylh_sdk_privacy_statement.html\n广点通SDK\n使用目的：广告请求和视图渲染\n信息获取： ip地址，设备信息，屏幕参数，设备唯一设备识别码，设备商机型，操作系统，MAC设备地址，运营商信息，设备类型，设备序列号，地理位置信息\n隐私政策链接：https://www.tencent.com/zh-cn/privacy-policy.html\n8.本隐私政策的更改\n\n(a)如果决定更改隐私政策，我们会在本政策中、本公司网站中以及我们认为适当的位置发布这些更改，以便您了解我们如何收集、使用您的个人信息，哪些人可以访问这些信息，以及在什么情况下我们会透露这些信息。\n\n(b)本公司保留随时修改本政策的权利，因此请经常查看。如对本政策作出重大更改，本公司会通过网站通知的形式告知。\n\n请勿向第三方披露自己的个人信息，如联络方式或者邮政地址。请您妥善保护自己的个人信息，仅在必要的情形下向他人提供。如您发现自己的个人信息泄密，尤其是本应用用户名及密码发生泄露，请您立即联络本应用客服，以便本应用采取相应措施。\n\n为了统计分析等目的，我们的产品可能会集成第三方的SDK或其他类似的应用程序，例如友盟+SDK，友盟+SDK需要收集您设备的国际移动设备识别码（IMEI）、iOS广告标识符（IDFA)、设备Mac地址和设备型号等信息。\n\n为了您的信息安全，我们已与第三方SDK服务商约定严格的数据安全保密义务，这些公司会严格遵守我们的数据隐私和安全要求。除非得到您的同意，我们不会与其共享您的个人信息。\n\n为便于您更好地了解友盟+采集的数据类型及用途，以及何保护您的个人信息，您可以访问 https://www.umeng.com/policy 了解友盟+隐私权政策。\n\n我们理解并尊重您的选择权，如果您不愿参与友盟+大数据计算，您也可以访问 https://outdip.umeng.com/opt_out.html 行使opt-out权利。\n\n我们可能适时修订本《隐私政策》的条款，该等修订构成本《隐私政策》的一部分。\n\n如该等修订造成您在本《隐私政策》下权利的实质减少，我们将在修订生效前通过在主页上显著位置提示或向您发送电子邮件或以其他方式通知您。\n\n在该种情况下，若您继续使用我们的服务，即表示同意受经修订的本《隐私政策》的约束。\n\n9.联系我们\n\n如果你对个人信息保护问题有疑问或建议，可选择通过以下方式联系我们：发送邮件至2829330174@qq.com\n"
}