{
    "app_id": "C106949979",
    "app_name": "掌阅漫画",
    "app_version": "1.2.4",
    "app_download_num_description": "6 万次安装",
    "app_package_name": "com.chaozh.cata.bbks",
    "app_score": 3.0,
    "app_package_size": "27.1 MB",
    "app_package_size_precise": 28417508,
    "app_icon_url": "https://appimg.dbankcdn.com/application/icon144/65e14f5d504946f9a597be5e4f780034.png",
    "app_developer": "深圳掌阅动漫科技有限公司",
    "app_update_time": "2022-12-06",
    "app_update_description": null,
    "app_description": "精彩漫画蓄势待发，给你的不止是好看~",
    "app_policy_url": "https://ah2.ireader.com/fe3/zybook/other/statement/privacyagreement_commic.html",
    "app_listed_permission": "1.读取通话状态和移动网络信息\n2.修改或删除存储卡中的内容\n3.读取存储卡中的内容\n4.完全的网络访问权限\n5.相机\n6.查看 Wi-Fi 连接\n7.更改网络连接性\n8.访问大致位置信息（使用网络进行定位）\n9.读取已安装应用软件列表",
    "app_listed_permission_description": "1.允许应用获取本机号码、通话状态以及拨打的号码。\n2.允许应用修改或删除存储卡上的照片、媒体内容和文件。\n3.允许应用读取存储卡上的照片、媒体内容和文件。\n4.允许该应用创建网络套接字和使用自定义网络协议。浏览器和其他某些应用提供了向互联网发送数据的途径，因此应用无需该权限即可向互联网发送数据。\n5.允许应用拍摄照片和视频。\n6.允许该应用查看 Wi-Fi 网络的相关信息，例如是否开启 Wi-Fi 及已连接的 Wi-Fi 设备名称。\n7.允许该应用更改网络连接的状态。\n8.允许应用基于基站、 Wi-Fi 等网络源获取位置信息。\n9.允许应用读取设备上的已安装应用软件列表。",
    "app_category": [
        "新闻阅读"
    ],
    "app_subcategory": [
        "动漫"
    ],
    "app_APK_url": "https://appgallery.cloud.huawei.com/appdl/C106949979",
    "app_APK_name": "C106949979-1.2.4.apk",
    "app_policy_name": "C106949979-1.2.4.txt",
    "policy_html_source_code": "<html><head>\n    <meta charset=\"utf-8\">\n    <meta name=\"viewport\" content=\" initial-scale=1, minimum-scale=1, maximum-scale=1, user-scalable=no\">\n    <title>隐私政策</title>\n    \n    <style type=\"text/css\">@charset \"utf-8\";body{background:#f6f6f6;color:#333;font-size:14px;margin:0;padding-bottom:10px;font-family:Tahoma,\"microsoft yahei\",Geneva,sans-serif;line-height:150%;-webkit-tap-highlight-color:rgba(0,0,0,0);-webkit-touch-callout:none}img{border:0}h1,h2,img{padding:0;margin:0;font-weight:400}.p1520{padding:15px 20px}.ios_tit1{font-size:20px;font-weight:700}.ios_con{color:#555}.ios_con p{margin:5px 0}.ios_tit2{font-size:14px;margin-bottom:10px}.ios_tit3{font-size:15px;margin-bottom:10px;color:#000;font-weight:700}.ios_tit4{font-size:14px;margin-bottom:10px}.ios_img{margin:30px 0}.ios_img img{width:100%}.img_d_x{text-align:center;width:100%}.color_js{color:#ed7f14}.color_gray{color:#777}.v_android{display:none}.v_ios{display:none}.is_ios .v_ios{display:block}.is_android .v_android{display:block}.go_history_tit{padding:20px 20px 10px}.go_history{padding:0 20px 10px;color:#69f}.sdklist{padding-top:5px;color:#69f}.g_table{width:100%;margin:1em 0;font-size:12px;table-layout:fixed;border-collapse:collapse}.g_table th{padding:4px;border:#ccc 1px solid}.g_table td{padding:4px;border:#ccc 1px solid;word-break:break-all}.g_table td:first-child{text-align:center}a{word-break:break-all}.fw-700{font-weight:700}.underline{text-decoration:underline}</style>\n</head>\n<body>\n<div class=\"p1520\">\n    <h1 class=\"ios_tit1\">隐私政策</h1>\n    <br>\n    <div class=\"ios_con\">本政策仅适用于深圳掌阅动漫科技有限公司（以下简称“掌阅动漫”）的“掌阅漫画”产品。<br>\n        运营者：深圳掌阅动漫科技有限公司<br>\n        版本更新日期：【2022】年【8】月【25】日<br>\n        版本生效日期：【2022】年【8】月【25】日\n    </div>\n    <br>\n    <div class=\"ios_con\">\n        本政策将帮助您了解以下内容：<br>\n        <p>1、我们如何收集和使用您的个人信息</p>\n        <p>2、我们如何使用Cookie和同类技术</p>\n        <p>3、我们如何共享、转让、公开披露您的个人信息</p>\n        <p>4、我们如何保护您的个人信息</p>\n        <p>5、您的权利</p>\n        <p>6、我们如何处理儿童的个人信息</p>\n        <p>7、您的个人信息如何在全球范围转移</p>\n        <p>8、本政策如何更新</p>\n        <p>9、本政策的适用</p>\n        <p>10、如何联系我们</p>\n    </div>\n    <br>\n    <div class=\"con\">\n        掌阅动漫深知个人信息对您的重要性，并会尽全力保护您的个人信息安全可靠。我们致力于维持您对我们的信任，恪守以下原则，保护您的个人信息：权责一致原则、目的明确原则、选择同意原则、最小必要原则、确保安全原则、主体参与原则、公开透明原则等。同时，掌阅动漫承诺，我们将按业界成熟的安全标准，采取相应的安全保护措施来保护您的个人信息。\n        <br><br>\n        <p>请在使用我们的产品前，仔细阅读并了解本《隐私政策》，并特别重点阅读我们以<b>粗体/下划线</b>标识的条款，确保您充分理解和同意之后再开始使用。</p>\n    </div>\n    <h1 class=\"ios_tit3\">一、我们如何收集和使用您的个人信息</h1>\n    <div class=\"con\">\n        个人信息是指以电子或者其他方式记录的能够单独或者与其他信息结合识别特定自然人身份或者反映特定自然人活动情况的各种信息。\n    </div><br>\n    <div class=\"con\"><strong>掌阅动漫仅会出于本政策所述的以下目的，在为您提供阅读服务时收集和使用您的个人信息：</strong></div><br>\n    <div class=\"ios_con\">\n        <strong>1、业务功能一：注册成为用户<br></strong>\n        为完成创建账号，您需提供以下信息：您的<strong>手机号</strong>、创建的用户名和密码。<br>\n        您也可以使用第三方账号（如微信、QQ）登录“掌阅漫画”。您未登录并不会影响您使用搜索浏览等功能，但可能会影响您购买图书、发表评论等附加业务功能。<br>\n        您提供的上述信息，将在您使用本服务期间持续授权我们使用。在您注销账号时，我们将停止使用并删除上述信息。\n    </div>\n    <br>\n    <div class=\"ios_con\"><strong>2、业务功能二：用户画像、个性化推荐、广告功能</strong><br>\n        您使用我们服务时，本软件会记录您的掌阅操作日志，包括搜索关键字、累计使用时长、读过的书籍和章节、创建和收藏的书单。<br>\n        我们会基于前述信息以及您的收藏数据提取您的偏好特征，并基于偏好特征产出间接用户画像，以便为您提供更适合您的定制化服务，向您展现或推荐相关程度更高的搜索结果。如您不同意提供前述信息，您可以通过本软件页面\"我的\"——\"设置\"——\"个性化推荐功能\"路径选择关闭，不影响您使用本软件的其他功能。<br>\n        <strong>为更好地向用户提供服务，我们还可能通过手机短信向您推送我们认为您可能会感兴趣的广告和其它商业信息，如您不想收到此类广告的通知，您可以回复\"T\"（具体以短信内容中提示为准）来取消我们给您发送的营销短信。</strong>\n    </div>\n    <br>\n    <div class=\"ios_con\"><strong>3、业务功能三：订购、支付与提现</strong><br>\n        您通过掌阅订购会员、电子书等产品时产生的记录，包括<strong>订购记录</strong>、<strong>消费记录</strong>，这些信息会存储于我们的服务器中。以上信息为软件功能必须的信息，如您不同意我们记录前述信息，我们将无法为您提供书籍购买和阅读服务。如您使用订购与支付功能，第三方向您提供支付服务的公司将直接收集与支付相关的信息。在使用银行卡或信用卡支付时，需要提供<strong>姓名</strong>、<strong>银行卡号</strong>、<strong>身份证号</strong>、<strong>手机号码</strong>。\n    </div>\n    <br>\n    <div class=\"ios_con\"><strong>4、业务功能四：与其他用户沟通交流</strong><br>\n        您通过我们的服务分享的内容所包含的信息，包括您的评论、笔记、想法、分享的照片，您的这些信息会存储于我们的服务器中。您可以随时删除以上信息，删除以上信息不会影响您正常使用本软件。\n    </div>\n    <br>\n    <div class=\"ios_con\"><strong>5、安全管理功能：</strong><br>\n        为向您提供安全稳定的服务、保障您的账户财产安全、进行身份验证和检测、预防冒名登录，我们需要记录您的设备信息：包括<strong>设备型号</strong>、硬件序列号、MAC地址、<strong>IP地址</strong>、操作系统版本、<strong>设备软件版本</strong>、<strong>唯一移动设备识别码</strong>（Android设备：IMEI、IMSI、MEID、Android ID；iOS设备：UUID、IDFA，IDFV）。如果您不同意我们记录前述信息，不会影响您使用本软件的基本功能，但可能因无法完成风控验证而无法使用本软件的部分功能。<br>\n        此外，我们会获取您的传感器信息（如重力传感器、陀螺仪传感器、加速度传感器），用以分析和统计系统错误，Crash信息及线程堆栈。\n    </div>\n    <br>\n    <div class=\"ios_con\">6、您在使用本软件时，为提供给您服务之目的，<strong>本软件可能获取您终端设备的如下权限</strong>，当然您可以拒绝开启以下权限，或在手机的设置中关闭本软件的以下权限，关闭以下权限不会影响您对本软件其他功能的使用：<br>\n        <strong>访问相机</strong>：您可以使用摄像头扫码进行扫一扫、直接拍摄并上传图片进行晒图或分享；<br>\n        <strong>访问本地存储</strong>：通过开启本地存储权限，实现下载本软件内的书籍、音频到您的手机存储，以及通过手机存储将您的本地文件上传到本软件；<br>\n        <strong>访问照片</strong>：您可以直接选择手机内的照片或图片进行上传评论或与客服沟通时提供证明；<br>\n        <strong>开启无线数据</strong>：您可以通过连接无线网络或开启蜂窝网络来实现本软件需要的联网功能；<br>\n        <strong>访问电话</strong>：通过获取您的电话状态权限我们记录您的设备识别码（即IMEI和IMSI码）进行匿名化处理，用于统计及安全校验和一键登录功能。但该权限不会监听、获取您的通讯内容和信息。<br>\n        <strong>访问安装程序列表</strong>：通过获取您的安装程序列表我们可以确认您是否安装了我们所推广的软件，以便我们及时向您发放相应奖励。<br>\n    </div><br>\n    <div class=\"ios_con\">\n        7、第三方SDK接入服务所需开通的权限。我们的产品和服务可能包括第三方的产品和服务，以及第三方网站的链接。当您使用这些产品或服务时，也可能收集您的信息。<a href=\"./sdklist_commic.html\">（点击查看目前我们接入的第三方SDK列表）</a><br>\n    </div>\n    <br>\n    <div class=\"ios_con\">\n        8、APP前后台运行时，需要获取运行中进程信息，粘贴板信息。\n    </div>\n    <br>\n\n    <h1 class=\"ios_tit3\">二、我们如何使用Cookie和同类技术</h1>\n    <div class=\"ios_con\">\n        为确保掌阅正常运转，我们会在您的移动设备上存储名为Cookie的小数据文件。Cookie通常包含标识符、站点名称以及一些号码和字符。借助于Cookie我们将记录您的登录信息及在掌阅APP中的操作信息，以便我们存储您的偏好及使用习惯，帮您省去重复输入注册信息的步骤，并帮助判断您的账户安全状态，以为您提供更轻松的用户体验和服务。<br>\n        我们不会将Cookie用于本政策所述目的之外的任何用途。您可根据自己的偏好管理或停用Cookie。有关详情，请参AboutCookies.org。如果停用Cookie，您有可能无法享受最佳的服务体验，我们的推荐内容与您的相关性也会降低。\n    </div>\n    <br>\n    <h1 class=\"ios_tit3\">三、我们如何委托处理、共享、转让、公开披露您的个人信息\n    </h1>\n    <div class=\"ios_con\">\n        <strong>(一)委托处理</strong><br>\n        <p>本业务功能中某些具体的模块或功能由外部供应商提供。例如我们会聘请服务提供商来协助我们提供客户支持。 对我们委托处理个人信息的公司、组织和个人，我们会与其签署严格的保密协定，要求他们按照我们的要求、本隐私政策以及其他任何相关的保密和安全措施来处理个人信息。</p>\n        <strong>(二)共享</strong><br> \n        <p>我们不会与掌阅动漫以外的任何公司、组织和个人分享您的个人信息，但以下情况除外：</p> \n        <p>1、在获取明确同意的情况下共享：获得您的明确同意后，我们会与其他方共享您的个人信息。</p>   \n        <p>2、我们可能会根据法律法规规定，或按政府主管部门的强制性要求，对外共享您的个人信息。</p>\n        <p>3、<strong>与授权合作伙伴共享：仅为实现本政策中声明的目的，我们的某些服务将由授权合作伙伴提供</strong>。我们可能会与合作伙伴共享您的某些个人信息，以提供更好的客户服务和用户体验。我们仅会出于合法、正当、必要、特定、明确的目的共享您的个人信息，并且只会共享提供服务所必要的个人信息。我们的合作伙伴无权将共享的个人信息用于任何其他用途。</p>\n        目前，我们的授权合作伙伴包括以下几大类型：<br>\n        1)广告、分析服务类的授权合作伙伴。除非得到您的许可，否则我们不会将您的个人身份信息(指可以识别您身份的信息，通过这些信息可以联系到您或识别您的身份)与提供广告、分析服务的合作伙伴分享。但我们可能会将您的匿名化的用户画像与广告、分析服务类的授权合作伙伴共享，以帮助其在不识别您的个人的前提下提升广告有效触达率。<br>\n        2)供应商、服务提供商和其他合作伙伴。我们将信息发送给在全球范围内支持我们业务的供应商、服务提供商和其他合作伙伴，这些支持包括提供技术基础设施服务、分析我们服务的使用方式、衡量广告和服务的有效性、提供客户服务、支付便利或进行学术研究和调查。<br>\n        对我们与之共享个人信息的公司、组织和个人，我们会与其签署严格的保密协定，要求他们按照我们的说明、本隐私政策以及其他任何相关的保密和安全措施来处理个人信息。<br>\n        <strong>(三)转让</strong><br>\n        <p>我们不会将您的个人信息转让给任何公司、组织和个人，但以下情况除外：</p>\n        <p>1、在获取明确同意的情况下转让：获得您的明确同意后，我们会向其他方转让您的个人信息；</p>\n        <p>2、在涉及合并、收购或破产清算时，如涉及到个人信息转让，我们会在要求新的持有您个人信息的公司、组织继续受此隐私政策的约束，否则我们将要求该公司、组织重新向您征求授权同意。</p>\n        <strong>(四)公开披露</strong><br>\n        <p>我们仅会在以下情况下，公开披露您的个人信息：</p>\n        <p>&nbsp;&nbsp;1、获得您明确同意后；</p>\n        <p>&nbsp;&nbsp;2、基于法律的披露：在法律、法律程序、诉讼或政府主管部门强制性要求的情况下，我们可能会公开披露您的个人信息。</p>\n        <strong>(五)对外共享可能涉及的个人信息类型：设备识别码、软件版本信息；对外公开披露可能涉及的个人信息类型：阅读书籍、阅读时长、发表评论/想法、书籍评分。</strong><br>\n        <p>我们已知晓对外共享、转让、公开披露个人信息所承担的相应法律责任，并将采取合理措施保障个人信息安全。</p>\n    </div><br>\n    <h1 class=\"ios_tit3\">四、我们如何保护您的个人信息</h1>\n    <div class=\"ios_con\">\n        <p>(一)我们已使用符合业界标准的安全防护措施保护您提供的个人信息，防止数据遭到未经授权访问、公开披露、使用、修改、损坏或丢失。我们会采取一切合理可行的措施，保护您的个人信息。例如，在您的浏览器与\"服务\"之间交换数据(如信用卡信息)时受SSL加密保护；我们会使用加密技术确保数据的保密性；我们会使用受信赖的保护机制防止数据遭到恶意攻击；我们会部署访问控制机制，确保只有授权人员才可访问个人信息；以及我们会举办安全和隐私保护培训课程，加强员工对于保护个人信息重要性的认识。\n        </p>\n        <p><strong>(二)保存期限：我们仅在中国大陆地区存放您的个人信息</strong>。我们会采取一切合理可行的措施，确保未收集无关的个人信息。<strong>我们只会在达成本政策所述目的所需的且法律规定的最短期限内保留您的个人信息，除非需要延长保留期或受到法律的允许</strong>。</p>\n        <p><strong>在您的个人信息超出保留期间后，我们会根据法律法规的要求删除您的个人信息、或进行匿名化处理</strong>。</p>\n        <p>(三)互联网并非绝对安全的环境，而且电子邮件、即时通讯、及与其他用户的交流方式并未加密，我们强烈建议您不要通过此类方式发送个人信息。请使用复杂密码，协助我们保证您的账号安全。</p>\n        <p>(四)互联网环境并非百分之百安全，我们将尽力确保或担保您发送给我们的任何信息的安全性。如果我们的物理、技术、或管理防护设施遭到破坏，导致信息被非授权访问、公开披露、篡改、或毁坏，导致您的合法权益受损，我们将承担相应的法律责任。</p>\n        <p>(五)<strong>在不幸发生个人信息安全事件后，我们将按照法律法规的要求，及时向您告知：安全事件的基本情况和可能的影响、我们已采取或将要采取的处置措施、您可自主防范和降低风险的建议、对您的补救措施等。我们将及时将事件相关情况以邮件、信函、电话、推送通知等方式告知您，难以逐一告知个人信息主体时，我们会采取合理、有效的方式发布公告。</strong></p>\n        同时，我们还将按照监管部门要求，主动上报个人信息安全事件的处置情况。\n    </div>\n    <br>\n    <h1 class=\"ios_tit3\">五、您的权利</h1>\n    <div class=\"ios_con\">\n        <p>按照中国相关的法律、法规、标准，以及其他国家、地区的通行做法，我们保障您对自己的个人信息行使以下权利：</p>\n        <strong>（一）访问您的个人信息</strong><br>\n        <p>您有权访问您的个人信息，法律法规规定的例外情况除外。如果您想行使数据访问权，可以通过以下方式自行访问：</p>\n        <p>1、访问头像、昵称等基本信息：<br>1）进入掌阅后，点击\"我的\"<br>2）点击头像栏<br>3）进行信息查询和访问</p>\n        <p>2、访问手机号、密码：<br>1）进入本软件后，点击“我的”<br>2）点击“设置”<br>3）点击“账户与安全”<br>4）进行信息查询和访问</p>\n        <strong>（二）更正您的个人信息&nbsp;</strong><br>\n        <p>当您发现我们处理的关于您的个人信息有错误时，您有权要求我们做出更正。您可以通过\"(一)访问您的个人信息\"中罗列的方式提出更正申请。</p>\n        <strong>（三）删除您的个人信息</strong><br>\n        <p>在以下情形中，您可以向我们提出删除个人信息的请求：</p>\n        <p>1、如果我们处理个人信息的行为违反法律法规；</p>\n        <p>2、如果我们收集、使用您的个人信息，却未征得您的同意；</p>\n        <p>3、如果我们处理个人信息的行为违反了与您的约定；</p>\n        <p>4、如果您不再使用我们的产品或服务，或您注销了账号；</p>\n        <p>5、如果我们不再为您提供产品或服务。</p>\n        <p>若我们决定响应您的删除请求，我们还将同时通知从我们获得您的个人信息的实体，要求其及时删除，除非法律法规另有规定，或这些实体获得您的独立授权。</p>\n        <p>当您从我们的服务中删除信息后，我们可能不会立即备份系统中删除相应的信息，但会在备份更新时删除这些信息。</p>\n        <strong>（四）改变您授权的范围&nbsp;</strong><br>\n        <p>每个业务功能需要一些基本的个人信息才能得以完成。对于额外收集的个人信息的收集和使用，您可以随时给予或收回您的授权同意。 当您收回同意后，我们将不再处理相应的个人信息。但您收回同意的决定，不会影响此前基于您的授权而开展的个人信息处理。 如果您打算改变授权范围或者不想接受我们给您发送的商业广告，您可以根据我们提供的联系方式联系我们。</p>\n        <strong>（五）注销账号</strong><br>\n        <p>您随时可注销此前注册的账号，您可以通过以下方式自行操作：</p>\n        <p>1、进入掌阅后，点击\"我的\"</p>\n        <p>2、点击\"设置\"</p>\n        <p>3、点击\"账号管理\"</p>\n        <p>4、点击\"账号注销\"</p>\n        <p>5、点击\"申请注销\"</p>\n        在注销账户之后，我们将停止为您提供产品或服务，并依据您的要求，删除您的个人信息，法律法规另有规定的除外。<br>\n        在以下情形中，按照法律法规要求，我们将无法响应您的请求：\n        <p>&nbsp;&nbsp;1、与国家安全、国防安全直接相关的；</p>\n        <p>&nbsp;&nbsp;2、与公共安全、公共卫生、重大公共利益直接相关的；</p>\n        <p>&nbsp;&nbsp;3、与犯罪侦查、起诉、审判和判决执行等直接相关的；</p>\n        <p>&nbsp;&nbsp;4、有充分证据表明您存在主观恶意或滥用权利的；</p>\n        <p>&nbsp;&nbsp;5、响应您的请求将导致您或其他个人、组织的合法权益受到严重损害的；</p>\n        <p>&nbsp;&nbsp;6、涉及商业秘密的。</p>\n        <strong>（六）个人信息主体获取个人信息副本</strong><br>\n        <p>您有权获取您的个人信息副本，您可以通过我们提供的联系方式联系我们。 在技术可行的前提下，例如数据接口匹配，我们还可按您的要求，直接将您的个人信息副本传输给您指定的第三方。</p>\n        <strong>（七）约束信息系统自动决策</strong><br>\n        <p>在某些业务功能中，我们可能仅依据信息系统、算法等在内的非人工自动决策机制作出决定。如果这些决定显著影响您的合法权益，您有权要求我们作出解释，我们也将提供适当的救济方式。</p>\n        <strong>（八）响应您的上述请求&nbsp;</strong><br>\n        <p>\n            为保障安全，您可能需要提供书面请求，或以其他方式证明您的身份。我们可能会先要求您验证自己的身份，然后再处理您的请求。 我们将在验证您身份后的十五（15）个工作日内作出答复。如您不满意，还可以依法向政府或者行业主管部门投诉。<br>\n            对于您合理的请求，我们原则上不收取费用，但对多次重复、超出合理限度的请求，我们将视情收取一定成本费用。对于那些无端重复、需要过多技术手段（例如，需要开发新系统或从根本上改变现行惯例）、给他人合法权益带来风险或者非常不切实际（例如，涉及备份磁带上存放的信息）的请求，我们可能会予以拒绝。<br>\n            在以下情形中，我们将无法响应您的请求：\n        </p>\n        <p>1、与个人信息控制者履行法律法规规定的义务相关的；</p>\n        <p>2、与国家安全、国防安全直接相关的；</p>\n        <p>3、与公共安全、公共卫生、重大公共利益直接相关的；</p>\n        <p>4、与刑事侦查、起诉、审判和执行判决等直接相关的；</p>\n        <p>5、个人信息控制者有充分证据表明个人信息主体存在主观恶意或滥用权利的；</p>\n        <p>6、出于维护个人信息主体或其他个人的生命、财产等重大合法权益但又很难得到本人同意的；</p>\n        <p>7、响应个人信息主体的请求将导致个人信息主体或其他个人、组织的合法权益受到严重损害的；</p>\n        <p>8、涉及商业秘密的。</p>\n    </div>\n    <br>\n    <h1 class=\"ios_tit3\">六、我们如何处理儿童的个人信息</h1>\n    <div class=\"ios_con\">\n        我们的产品、网站和服务主要面向成人。如果没有父母或监护人的同意，儿童不得创建自己的用户账户。<br>\n        对于经父母同意而收集儿童个人信息的情况，我们只会在受到法律允许、父母或监护人明确同意或者保护儿童所必要的情况下使用或公开披露此信息。<br>\n        尽管当地法律和习俗对儿童的定义不同，但我们将不满14周岁的任何人均视为儿童。<br>\n        如果我们发现自己在未事先获得可证实的父母同意的情况下收集了儿童的个人信息，则会设法尽快删除相关数据。\n    </div><br>\n    <h1 class=\"ios_tit3\">七、您的个人信息如何在全球范围转移</h1>\n    <div class=\"ios_con\"><strong>目前我们不会跨境传输或存储您的个人信息。将来如需跨境传输或存储的，我们会向您告知信息出境的目的、接收方、安全保障措施和安全风险，并征得您的同意</strong>。</div>\n    <br><h1 class=\"ios_tit3\">八、本政策如何更新</h1>\n    <div class=\"ios_con\">\n        我们的隐私政策可能变更。<br>\n        未经您明确同意，我们不会削减您按照本隐私政策所应享有的权利。我们会在本页面上发布对本政策所做的任何变更。我们会通过在掌阅移动端或掌阅官方网站发出更新版本或以其他适当方式提醒您相关内容的更新。<br>\n        对于重大变更，我们还会提供更为显著的通知（我们会通过包括但不限于APP推送通知或在浏览页面做特别提示的方式，说明隐私政策的具体变更内容）。<br>\n        本政策所指的重大变更包括但不限于：<br>\n        1、我们的服务模式发生重大变化。如处理个人信息的目的、处理的个人信息类型、个人信息的使用方式等；<br>\n        2、我们在所有权结构、组织架构等方面发生重大变化。如业务调整、破产并购等引起的所有者变更等；<br>\n        3、个人信息共享、转让或公开披露的主要对象发生变化；<br>\n        4、您参与个人信息处理方面的权利及其行使方式发生重大变化；<br>\n        5、我们负责处理个人信息安全的责任部门、联络方式及投诉渠道发生变化时；<br>\n        6、个人信息安全影响评估报告表明存在高风险时。<br>\n        我们还会将本政策的旧版本存档，供您查阅。\n    </div><br>\n    <h1 class=\"ios_tit3\">九、本政策的适用</h1>\n    <div class=\"ios_con\">本软件的所有服务均适用本政策。<br>\n        当您在首次登录本软件时，我们会提示您进行阅读本政策，并征得您的同意。<strong>若您拒绝，不会影响您继续使用本软件，但部分软件功能将无法使用，请您了解并予以理解</strong>。\n    </div><br>\n    <h1 class=\"ios_tit3\">十、如何联系我们</h1>\n    <div class=\"ios_con\">\n        <p>我们的联系方式：深圳掌阅动漫科技有限公司</p>\n        <p>注册地址：深圳市前海深港合作区临海大道59号海运中心主塔楼13楼-13098</p>\n        <p>个人信息保护相关负责人联系方式：010-59236490</p>\n        <p>客服电子邮件：kefu@zhangyue.com</p>\n        <p>客服电话：4008813311</p>\n        <p>您在软件使用的过程中及对本隐私政策有任何疑问、意见和建议的，均可通过以上联系方式与我们联系。</p>\n    </div>\n</div>\n\n\n\n\n</body></html>",
    "policy_text": "隐私政策\n本政策仅适用于深圳掌阅动漫科技有限公司（以下简称“掌阅动漫”）的“掌阅漫画”产品。\n运营者：深圳掌阅动漫科技有限公司\n版本更新日期：【2022】年【8】月【25】日\n版本生效日期：【2022】年【8】月【25】日\n\n本政策将帮助您了解以下内容：\n1、我们如何收集和使用您的个人信息\n2、我们如何使用Cookie和同类技术\n3、我们如何共享、转让、公开披露您的个人信息\n4、我们如何保护您的个人信息\n5、您的权利\n6、我们如何处理儿童的个人信息\n7、您的个人信息如何在全球范围转移\n8、本政策如何更新\n9、本政策的适用\n10、如何联系我们\n掌阅动漫深知个人信息对您的重要性，并会尽全力保护您的个人信息安全可靠。我们致力于维持您对我们的信任，恪守以下原则，保护您的个人信息：权责一致原则、目的明确原则、选择同意原则、最小必要原则、确保安全原则、主体参与原则、公开透明原则等。同时，掌阅动漫承诺，我们将按业界成熟的安全标准，采取相应的安全保护措施来保护您的个人信息。\n\n请在使用我们的产品前，仔细阅读并了解本《隐私政策》，并特别重点阅读我们以粗体/下划线标识的条款，确保您充分理解和同意之后再开始使用。\n一、我们如何收集和使用您的个人信息\n个人信息是指以电子或者其他方式记录的能够单独或者与其他信息结合识别特定自然人身份或者反映特定自然人活动情况的各种信息。\n\n掌阅动漫仅会出于本政策所述的以下目的，在为您提供阅读服务时收集和使用您的个人信息：\n1、业务功能一：注册成为用户\n为完成创建账号，您需提供以下信息：您的手机号、创建的用户名和密码。\n您也可以使用第三方账号（如微信、QQ）登录“掌阅漫画”。您未登录并不会影响您使用搜索浏览等功能，但可能会影响您购买图书、发表评论等附加业务功能。\n您提供的上述信息，将在您使用本服务期间持续授权我们使用。在您注销账号时，我们将停止使用并删除上述信息。\n\n2、业务功能二：用户画像、个性化推荐、广告功能\n您使用我们服务时，本软件会记录您的掌阅操作日志，包括搜索关键字、累计使用时长、读过的书籍和章节、创建和收藏的书单。\n我们会基于前述信息以及您的收藏数据提取您的偏好特征，并基于偏好特征产出间接用户画像，以便为您提供更适合您的定制化服务，向您展现或推荐相关程度更高的搜索结果。如您不同意提供前述信息，您可以通过本软件页面\"我的\"——\"设置\"——\"个性化推荐功能\"路径选择关闭，不影响您使用本软件的其他功能。\n为更好地向用户提供服务，我们还可能通过手机短信向您推送我们认为您可能会感兴趣的广告和其它商业信息，如您不想收到此类广告的通知，您可以回复\"T\"（具体以短信内容中提示为准）来取消我们给您发送的营销短信。\n3、业务功能三：订购、支付与提现\n您通过掌阅订购会员、电子书等产品时产生的记录，包括订购记录、消费记录，这些信息会存储于我们的服务器中。以上信息为软件功能必须的信息，如您不同意我们记录前述信息，我们将无法为您提供书籍购买和阅读服务。如您使用订购与支付功能，第三方向您提供支付服务的公司将直接收集与支付相关的信息。在使用银行卡或信用卡支付时，需要提供姓名、银行卡号、身份证号、手机号码。\n\n4、业务功能四：与其他用户沟通交流\n您通过我们的服务分享的内容所包含的信息，包括您的评论、笔记、想法、分享的照片，您的这些信息会存储于我们的服务器中。您可以随时删除以上信息，删除以上信息不会影响您正常使用本软件。\n\n5、安全管理功能：\n为向您提供安全稳定的服务、保障您的账户财产安全、进行身份验证和检测、预防冒名登录，我们需要记录您的设备信息：包括设备型号、硬件序列号、MAC地址、IP地址、操作系统版本、设备软件版本、唯一移动设备识别码（Android设备：IMEI、IMSI、MEID、Android ID；iOS设备：UUID、IDFA，IDFV）。如果您不同意我们记录前述信息，不会影响您使用本软件的基本功能，但可能因无法完成风控验证而无法使用本软件的部分功能。\n此外，我们会获取您的传感器信息（如重力传感器、陀螺仪传感器、加速度传感器），用以分析和统计系统错误，Crash信息及线程堆栈。\n\n6、您在使用本软件时，为提供给您服务之目的，本软件可能获取您终端设备的如下权限，当然您可以拒绝开启以下权限，或在手机的设置中关闭本软件的以下权限，关闭以下权限不会影响您对本软件其他功能的使用：\n访问相机：您可以使用摄像头扫码进行扫一扫、直接拍摄并上传图片进行晒图或分享；\n访问本地存储：通过开启本地存储权限，实现下载本软件内的书籍、音频到您的手机存储，以及通过手机存储将您的本地文件上传到本软件；\n访问照片：您可以直接选择手机内的照片或图片进行上传评论或与客服沟通时提供证明；\n开启无线数据：您可以通过连接无线网络或开启蜂窝网络来实现本软件需要的联网功能；\n访问电话：通过获取您的电话状态权限我们记录您的设备识别码（即IMEI和IMSI码）进行匿名化处理，用于统计及安全校验和一键登录功能。但该权限不会监听、获取您的通讯内容和信息。\n访问安装程序列表：通过获取您的安装程序列表我们可以确认您是否安装了我们所推广的软件，以便我们及时向您发放相应奖励。\n7、第三方SDK接入服务所需开通的权限。我们的产品和服务可能包括第三方的产品和服务，以及第三方网站的链接。当您使用这些产品或服务时，也可能收集您的信息。（点击查看目前我们接入的第三方SDK列表）【链接地址为：./sdklist_commic.html】\n8、APP前后台运行时，需要获取运行中进程信息，粘贴板信息。\n\n二、我们如何使用Cookie和同类技术\n为确保掌阅正常运转，我们会在您的移动设备上存储名为Cookie的小数据文件。Cookie通常包含标识符、站点名称以及一些号码和字符。借助于Cookie我们将记录您的登录信息及在掌阅APP中的操作信息，以便我们存储您的偏好及使用习惯，帮您省去重复输入注册信息的步骤，并帮助判断您的账户安全状态，以为您提供更轻松的用户体验和服务。\n我们不会将Cookie用于本政策所述目的之外的任何用途。您可根据自己的偏好管理或停用Cookie。有关详情，请参AboutCookies.org。如果停用Cookie，您有可能无法享受最佳的服务体验，我们的推荐内容与您的相关性也会降低。\n\n三、我们如何委托处理、共享、转让、公开披露您的个人信息\n\n(一)委托处理\n本业务功能中某些具体的模块或功能由外部供应商提供。例如我们会聘请服务提供商来协助我们提供客户支持。 对我们委托处理个人信息的公司、组织和个人，我们会与其签署严格的保密协定，要求他们按照我们的要求、本隐私政策以及其他任何相关的保密和安全措施来处理个人信息。\n(二)共享\n我们不会与掌阅动漫以外的任何公司、组织和个人分享您的个人信息，但以下情况除外：\n1、在获取明确同意的情况下共享：获得您的明确同意后，我们会与其他方共享您的个人信息。\n2、我们可能会根据法律法规规定，或按政府主管部门的强制性要求，对外共享您的个人信息。\n3、与授权合作伙伴共享：仅为实现本政策中声明的目的，我们的某些服务将由授权合作伙伴提供。我们可能会与合作伙伴共享您的某些个人信息，以提供更好的客户服务和用户体验。我们仅会出于合法、正当、必要、特定、明确的目的共享您的个人信息，并且只会共享提供服务所必要的个人信息。我们的合作伙伴无权将共享的个人信息用于任何其他用途。\n目前，我们的授权合作伙伴包括以下几大类型：\n1)广告、分析服务类的授权合作伙伴。除非得到您的许可，否则我们不会将您的个人身份信息(指可以识别您身份的信息，通过这些信息可以联系到您或识别您的身份)与提供广告、分析服务的合作伙伴分享。但我们可能会将您的匿名化的用户画像与广告、分析服务类的授权合作伙伴共享，以帮助其在不识别您的个人的前提下提升广告有效触达率。\n2)供应商、服务提供商和其他合作伙伴。我们将信息发送给在全球范围内支持我们业务的供应商、服务提供商和其他合作伙伴，这些支持包括提供技术基础设施服务、分析我们服务的使用方式、衡量广告和服务的有效性、提供客户服务、支付便利或进行学术研究和调查。\n对我们与之共享个人信息的公司、组织和个人，我们会与其签署严格的保密协定，要求他们按照我们的说明、本隐私政策以及其他任何相关的保密和安全措施来处理个人信息。\n(三)转让\n我们不会将您的个人信息转让给任何公司、组织和个人，但以下情况除外：\n1、在获取明确同意的情况下转让：获得您的明确同意后，我们会向其他方转让您的个人信息；\n2、在涉及合并、收购或破产清算时，如涉及到个人信息转让，我们会在要求新的持有您个人信息的公司、组织继续受此隐私政策的约束，否则我们将要求该公司、组织重新向您征求授权同意。\n(四)公开披露\n我们仅会在以下情况下，公开披露您的个人信息：\n1、获得您明确同意后；\n2、基于法律的披露：在法律、法律程序、诉讼或政府主管部门强制性要求的情况下，我们可能会公开披露您的个人信息。\n(五)对外共享可能涉及的个人信息类型：设备识别码、软件版本信息；对外公开披露可能涉及的个人信息类型：阅读书籍、阅读时长、发表评论/想法、书籍评分。\n我们已知晓对外共享、转让、公开披露个人信息所承担的相应法律责任，并将采取合理措施保障个人信息安全。\n四、我们如何保护您的个人信息\n(一)我们已使用符合业界标准的安全防护措施保护您提供的个人信息，防止数据遭到未经授权访问、公开披露、使用、修改、损坏或丢失。我们会采取一切合理可行的措施，保护您的个人信息。例如，在您的浏览器与\"服务\"之间交换数据(如信用卡信息)时受SSL加密保护；我们会使用加密技术确保数据的保密性；我们会使用受信赖的保护机制防止数据遭到恶意攻击；我们会部署访问控制机制，确保只有授权人员才可访问个人信息；以及我们会举办安全和隐私保护培训课程，加强员工对于保护个人信息重要性的认识。\n\n(二)保存期限：我们仅在中国大陆地区存放您的个人信息。我们会采取一切合理可行的措施，确保未收集无关的个人信息。我们只会在达成本政策所述目的所需的且法律规定的最短期限内保留您的个人信息，除非需要延长保留期或受到法律的允许。\n在您的个人信息超出保留期间后，我们会根据法律法规的要求删除您的个人信息、或进行匿名化处理。\n(三)互联网并非绝对安全的环境，而且电子邮件、即时通讯、及与其他用户的交流方式并未加密，我们强烈建议您不要通过此类方式发送个人信息。请使用复杂密码，协助我们保证您的账号安全。\n(四)互联网环境并非百分之百安全，我们将尽力确保或担保您发送给我们的任何信息的安全性。如果我们的物理、技术、或管理防护设施遭到破坏，导致信息被非授权访问、公开披露、篡改、或毁坏，导致您的合法权益受损，我们将承担相应的法律责任。\n(五)在不幸发生个人信息安全事件后，我们将按照法律法规的要求，及时向您告知：安全事件的基本情况和可能的影响、我们已采取或将要采取的处置措施、您可自主防范和降低风险的建议、对您的补救措施等。我们将及时将事件相关情况以邮件、信函、电话、推送通知等方式告知您，难以逐一告知个人信息主体时，我们会采取合理、有效的方式发布公告。\n同时，我们还将按照监管部门要求，主动上报个人信息安全事件的处置情况。\n\n五、您的权利\n按照中国相关的法律、法规、标准，以及其他国家、地区的通行做法，我们保障您对自己的个人信息行使以下权利：\n（一）访问您的个人信息\n您有权访问您的个人信息，法律法规规定的例外情况除外。如果您想行使数据访问权，可以通过以下方式自行访问：\n1、访问头像、昵称等基本信息：\n1）进入掌阅后，点击\"我的\"\n2）点击头像栏\n3）进行信息查询和访问\n2、访问手机号、密码：\n1）进入本软件后，点击“我的”\n2）点击“设置”\n3）点击“账户与安全”\n4）进行信息查询和访问\n（二）更正您的个人信息\n当您发现我们处理的关于您的个人信息有错误时，您有权要求我们做出更正。您可以通过\"(一)访问您的个人信息\"中罗列的方式提出更正申请。\n（三）删除您的个人信息\n在以下情形中，您可以向我们提出删除个人信息的请求：\n1、如果我们处理个人信息的行为违反法律法规；\n2、如果我们收集、使用您的个人信息，却未征得您的同意；\n3、如果我们处理个人信息的行为违反了与您的约定；\n4、如果您不再使用我们的产品或服务，或您注销了账号；\n5、如果我们不再为您提供产品或服务。\n若我们决定响应您的删除请求，我们还将同时通知从我们获得您的个人信息的实体，要求其及时删除，除非法律法规另有规定，或这些实体获得您的独立授权。\n当您从我们的服务中删除信息后，我们可能不会立即备份系统中删除相应的信息，但会在备份更新时删除这些信息。\n（四）改变您授权的范围\n每个业务功能需要一些基本的个人信息才能得以完成。对于额外收集的个人信息的收集和使用，您可以随时给予或收回您的授权同意。 当您收回同意后，我们将不再处理相应的个人信息。但您收回同意的决定，不会影响此前基于您的授权而开展的个人信息处理。 如果您打算改变授权范围或者不想接受我们给您发送的商业广告，您可以根据我们提供的联系方式联系我们。\n（五）注销账号\n您随时可注销此前注册的账号，您可以通过以下方式自行操作：\n1、进入掌阅后，点击\"我的\"\n2、点击\"设置\"\n3、点击\"账号管理\"\n4、点击\"账号注销\"\n5、点击\"申请注销\"\n在注销账户之后，我们将停止为您提供产品或服务，并依据您的要求，删除您的个人信息，法律法规另有规定的除外。\n在以下情形中，按照法律法规要求，我们将无法响应您的请求：\n\n1、与国家安全、国防安全直接相关的；\n2、与公共安全、公共卫生、重大公共利益直接相关的；\n3、与犯罪侦查、起诉、审判和判决执行等直接相关的；\n4、有充分证据表明您存在主观恶意或滥用权利的；\n5、响应您的请求将导致您或其他个人、组织的合法权益受到严重损害的；\n6、涉及商业秘密的。\n（六）个人信息主体获取个人信息副本\n您有权获取您的个人信息副本，您可以通过我们提供的联系方式联系我们。 在技术可行的前提下，例如数据接口匹配，我们还可按您的要求，直接将您的个人信息副本传输给您指定的第三方。\n（七）约束信息系统自动决策\n在某些业务功能中，我们可能仅依据信息系统、算法等在内的非人工自动决策机制作出决定。如果这些决定显著影响您的合法权益，您有权要求我们作出解释，我们也将提供适当的救济方式。\n（八）响应您的上述请求\n为保障安全，您可能需要提供书面请求，或以其他方式证明您的身份。我们可能会先要求您验证自己的身份，然后再处理您的请求。 我们将在验证您身份后的十五（15）个工作日内作出答复。如您不满意，还可以依法向政府或者行业主管部门投诉。\n对于您合理的请求，我们原则上不收取费用，但对多次重复、超出合理限度的请求，我们将视情收取一定成本费用。对于那些无端重复、需要过多技术手段（例如，需要开发新系统或从根本上改变现行惯例）、给他人合法权益带来风险或者非常不切实际（例如，涉及备份磁带上存放的信息）的请求，我们可能会予以拒绝。\n在以下情形中，我们将无法响应您的请求：\n\n1、与个人信息控制者履行法律法规规定的义务相关的；\n2、与国家安全、国防安全直接相关的；\n3、与公共安全、公共卫生、重大公共利益直接相关的；\n4、与刑事侦查、起诉、审判和执行判决等直接相关的；\n5、个人信息控制者有充分证据表明个人信息主体存在主观恶意或滥用权利的；\n6、出于维护个人信息主体或其他个人的生命、财产等重大合法权益但又很难得到本人同意的；\n7、响应个人信息主体的请求将导致个人信息主体或其他个人、组织的合法权益受到严重损害的；\n8、涉及商业秘密的。\n六、我们如何处理儿童的个人信息\n我们的产品、网站和服务主要面向成人。如果没有父母或监护人的同意，儿童不得创建自己的用户账户。\n对于经父母同意而收集儿童个人信息的情况，我们只会在受到法律允许、父母或监护人明确同意或者保护儿童所必要的情况下使用或公开披露此信息。\n尽管当地法律和习俗对儿童的定义不同，但我们将不满14周岁的任何人均视为儿童。\n如果我们发现自己在未事先获得可证实的父母同意的情况下收集了儿童的个人信息，则会设法尽快删除相关数据。\n\n七、您的个人信息如何在全球范围转移\n目前我们不会跨境传输或存储您的个人信息。将来如需跨境传输或存储的，我们会向您告知信息出境的目的、接收方、安全保障措施和安全风险，并征得您的同意。\n八、本政策如何更新\n我们的隐私政策可能变更。\n未经您明确同意，我们不会削减您按照本隐私政策所应享有的权利。我们会在本页面上发布对本政策所做的任何变更。我们会通过在掌阅移动端或掌阅官方网站发出更新版本或以其他适当方式提醒您相关内容的更新。\n对于重大变更，我们还会提供更为显著的通知（我们会通过包括但不限于APP推送通知或在浏览页面做特别提示的方式，说明隐私政策的具体变更内容）。\n本政策所指的重大变更包括但不限于：\n1、我们的服务模式发生重大变化。如处理个人信息的目的、处理的个人信息类型、个人信息的使用方式等；\n2、我们在所有权结构、组织架构等方面发生重大变化。如业务调整、破产并购等引起的所有者变更等；\n3、个人信息共享、转让或公开披露的主要对象发生变化；\n4、您参与个人信息处理方面的权利及其行使方式发生重大变化；\n5、我们负责处理个人信息安全的责任部门、联络方式及投诉渠道发生变化时；\n6、个人信息安全影响评估报告表明存在高风险时。\n我们还会将本政策的旧版本存档，供您查阅。\n\n九、本政策的适用\n本软件的所有服务均适用本政策。\n当您在首次登录本软件时，我们会提示您进行阅读本政策，并征得您的同意。若您拒绝，不会影响您继续使用本软件，但部分软件功能将无法使用，请您了解并予以理解。\n\n十、如何联系我们\n我们的联系方式：深圳掌阅动漫科技有限公司\n注册地址：深圳市前海深港合作区临海大道59号海运中心主塔楼13楼-13098\n个人信息保护相关负责人联系方式：010-59236490\n客服电子邮件：kefu@zhangyue.com\n客服电话：4008813311\n您在软件使用的过程中及对本隐私政策有任何疑问、意见和建议的，均可通过以上联系方式与我们联系。",
    "policy_html_source_code_clean": "隐私政策\n<div>\n<h1>隐私政策</h1>\n<br/>\n<div>本政策仅适用于深圳掌阅动漫科技有限公司（以下简称“掌阅动漫”）的“掌阅漫画”产品。<br/>\n        运营者：深圳掌阅动漫科技有限公司<br/>\n        版本更新日期：【2022】年【8】月【25】日<br/>\n        版本生效日期：【2022】年【8】月【25】日\n    </div>\n<br/>\n<div>\n        本政策将帮助您了解以下内容：<br/>\n<p>1、我们如何收集和使用您的个人信息</p>\n<p>2、我们如何使用Cookie和同类技术</p>\n<p>3、我们如何共享、转让、公开披露您的个人信息</p>\n<p>4、我们如何保护您的个人信息</p>\n<p>5、您的权利</p>\n<p>6、我们如何处理儿童的个人信息</p>\n<p>7、您的个人信息如何在全球范围转移</p>\n<p>8、本政策如何更新</p>\n<p>9、本政策的适用</p>\n<p>10、如何联系我们</p>\n</div>\n<br/>\n<div>\n        掌阅动漫深知个人信息对您的重要性，并会尽全力保护您的个人信息安全可靠。我们致力于维持您对我们的信任，恪守以下原则，保护您的个人信息：权责一致原则、目的明确原则、选择同意原则、最小必要原则、确保安全原则、主体参与原则、公开透明原则等。同时，掌阅动漫承诺，我们将按业界成熟的安全标准，采取相应的安全保护措施来保护您的个人信息。\n        <br/><br/>\n<p>请在使用我们的产品前，仔细阅读并了解本《隐私政策》，并特别重点阅读我们以<b>粗体/下划线</b>标识的条款，确保您充分理解和同意之后再开始使用。</p>\n</div>\n<h1>一、我们如何收集和使用您的个人信息</h1>\n<div>\n        个人信息是指以电子或者其他方式记录的能够单独或者与其他信息结合识别特定自然人身份或者反映特定自然人活动情况的各种信息。\n    </div><br/>\n<div><strong>掌阅动漫仅会出于本政策所述的以下目的，在为您提供阅读服务时收集和使用您的个人信息：</strong></div><br/>\n<div>\n<strong>1、业务功能一：注册成为用户<br/></strong>\n        为完成创建账号，您需提供以下信息：您的<strong>手机号</strong>、创建的用户名和密码。<br/>\n        您也可以使用第三方账号（如微信、QQ）登录“掌阅漫画”。您未登录并不会影响您使用搜索浏览等功能，但可能会影响您购买图书、发表评论等附加业务功能。<br/>\n        您提供的上述信息，将在您使用本服务期间持续授权我们使用。在您注销账号时，我们将停止使用并删除上述信息。\n    </div>\n<br/>\n<div><strong>2、业务功能二：用户画像、个性化推荐、广告功能</strong><br/>\n        您使用我们服务时，本软件会记录您的掌阅操作日志，包括搜索关键字、累计使用时长、读过的书籍和章节、创建和收藏的书单。<br/>\n        我们会基于前述信息以及您的收藏数据提取您的偏好特征，并基于偏好特征产出间接用户画像，以便为您提供更适合您的定制化服务，向您展现或推荐相关程度更高的搜索结果。如您不同意提供前述信息，您可以通过本软件页面&quot;我的&quot;——&quot;设置&quot;——&quot;个性化推荐功能&quot;路径选择关闭，不影响您使用本软件的其他功能。<br/>\n<strong>为更好地向用户提供服务，我们还可能通过手机短信向您推送我们认为您可能会感兴趣的广告和其它商业信息，如您不想收到此类广告的通知，您可以回复&quot;T&quot;（具体以短信内容中提示为准）来取消我们给您发送的营销短信。</strong>\n</div>\n<br/>\n<div><strong>3、业务功能三：订购、支付与提现</strong><br/>\n        您通过掌阅订购会员、电子书等产品时产生的记录，包括<strong>订购记录</strong>、<strong>消费记录</strong>，这些信息会存储于我们的服务器中。以上信息为软件功能必须的信息，如您不同意我们记录前述信息，我们将无法为您提供书籍购买和阅读服务。如您使用订购与支付功能，第三方向您提供支付服务的公司将直接收集与支付相关的信息。在使用银行卡或信用卡支付时，需要提供<strong>姓名</strong>、<strong>银行卡号</strong>、<strong>身份证号</strong>、<strong>手机号码</strong>。\n    </div>\n<br/>\n<div><strong>4、业务功能四：与其他用户沟通交流</strong><br/>\n        您通过我们的服务分享的内容所包含的信息，包括您的评论、笔记、想法、分享的照片，您的这些信息会存储于我们的服务器中。您可以随时删除以上信息，删除以上信息不会影响您正常使用本软件。\n    </div>\n<br/>\n<div><strong>5、安全管理功能：</strong><br/>\n        为向您提供安全稳定的服务、保障您的账户财产安全、进行身份验证和检测、预防冒名登录，我们需要记录您的设备信息：包括<strong>设备型号</strong>、硬件序列号、MAC地址、<strong>IP地址</strong>、操作系统版本、<strong>设备软件版本</strong>、<strong>唯一移动设备识别码</strong>（Android设备：IMEI、IMSI、MEID、Android ID；iOS设备：UUID、IDFA，IDFV）。如果您不同意我们记录前述信息，不会影响您使用本软件的基本功能，但可能因无法完成风控验证而无法使用本软件的部分功能。<br/>\n        此外，我们会获取您的传感器信息（如重力传感器、陀螺仪传感器、加速度传感器），用以分析和统计系统错误，Crash信息及线程堆栈。\n    </div>\n<br/>\n<div>6、您在使用本软件时，为提供给您服务之目的，<strong>本软件可能获取您终端设备的如下权限</strong>，当然您可以拒绝开启以下权限，或在手机的设置中关闭本软件的以下权限，关闭以下权限不会影响您对本软件其他功能的使用：<br/>\n<strong>访问相机</strong>：您可以使用摄像头扫码进行扫一扫、直接拍摄并上传图片进行晒图或分享；<br/>\n<strong>访问本地存储</strong>：通过开启本地存储权限，实现下载本软件内的书籍、音频到您的手机存储，以及通过手机存储将您的本地文件上传到本软件；<br/>\n<strong>访问照片</strong>：您可以直接选择手机内的照片或图片进行上传评论或与客服沟通时提供证明；<br/>\n<strong>开启无线数据</strong>：您可以通过连接无线网络或开启蜂窝网络来实现本软件需要的联网功能；<br/>\n<strong>访问电话</strong>：通过获取您的电话状态权限我们记录您的设备识别码（即IMEI和IMSI码）进行匿名化处理，用于统计及安全校验和一键登录功能。但该权限不会监听、获取您的通讯内容和信息。<br/>\n<strong>访问安装程序列表</strong>：通过获取您的安装程序列表我们可以确认您是否安装了我们所推广的软件，以便我们及时向您发放相应奖励。<br/>\n</div><br/>\n<div>\n        7、第三方SDK接入服务所需开通的权限。我们的产品和服务可能包括第三方的产品和服务，以及第三方网站的链接。当您使用这些产品或服务时，也可能收集您的信息。<a href=\"https://ah2.ireader.com/fe3/zybook/other/statement/sdklist_commic.html\" target=\"_blank\">（点击查看目前我们接入的第三方SDK列表）</a><br/>\n</div>\n<br/>\n<div>\n        8、APP前后台运行时，需要获取运行中进程信息，粘贴板信息。\n    </div>\n<br/>\n<h1>二、我们如何使用Cookie和同类技术</h1>\n<div>\n        为确保掌阅正常运转，我们会在您的移动设备上存储名为Cookie的小数据文件。Cookie通常包含标识符、站点名称以及一些号码和字符。借助于Cookie我们将记录您的登录信息及在掌阅APP中的操作信息，以便我们存储您的偏好及使用习惯，帮您省去重复输入注册信息的步骤，并帮助判断您的账户安全状态，以为您提供更轻松的用户体验和服务。<br/>\n        我们不会将Cookie用于本政策所述目的之外的任何用途。您可根据自己的偏好管理或停用Cookie。有关详情，请参AboutCookies.org。如果停用Cookie，您有可能无法享受最佳的服务体验，我们的推荐内容与您的相关性也会降低。\n    </div>\n<br/>\n<h1>三、我们如何委托处理、共享、转让、公开披露您的个人信息\n    </h1>\n<div>\n<strong>(一)委托处理</strong><br/>\n<p>本业务功能中某些具体的模块或功能由外部供应商提供。例如我们会聘请服务提供商来协助我们提供客户支持。 对我们委托处理个人信息的公司、组织和个人，我们会与其签署严格的保密协定，要求他们按照我们的要求、本隐私政策以及其他任何相关的保密和安全措施来处理个人信息。</p>\n<strong>(二)共享</strong><br/>\n<p>我们不会与掌阅动漫以外的任何公司、组织和个人分享您的个人信息，但以下情况除外：</p>\n<p>1、在获取明确同意的情况下共享：获得您的明确同意后，我们会与其他方共享您的个人信息。</p>\n<p>2、我们可能会根据法律法规规定，或按政府主管部门的强制性要求，对外共享您的个人信息。</p>\n<p>3、<strong>与授权合作伙伴共享：仅为实现本政策中声明的目的，我们的某些服务将由授权合作伙伴提供</strong>。我们可能会与合作伙伴共享您的某些个人信息，以提供更好的客户服务和用户体验。我们仅会出于合法、正当、必要、特定、明确的目的共享您的个人信息，并且只会共享提供服务所必要的个人信息。我们的合作伙伴无权将共享的个人信息用于任何其他用途。</p>\n        目前，我们的授权合作伙伴包括以下几大类型：<br/>\n        1)广告、分析服务类的授权合作伙伴。除非得到您的许可，否则我们不会将您的个人身份信息(指可以识别您身份的信息，通过这些信息可以联系到您或识别您的身份)与提供广告、分析服务的合作伙伴分享。但我们可能会将您的匿名化的用户画像与广告、分析服务类的授权合作伙伴共享，以帮助其在不识别您的个人的前提下提升广告有效触达率。<br/>\n        2)供应商、服务提供商和其他合作伙伴。我们将信息发送给在全球范围内支持我们业务的供应商、服务提供商和其他合作伙伴，这些支持包括提供技术基础设施服务、分析我们服务的使用方式、衡量广告和服务的有效性、提供客户服务、支付便利或进行学术研究和调查。<br/>\n        对我们与之共享个人信息的公司、组织和个人，我们会与其签署严格的保密协定，要求他们按照我们的说明、本隐私政策以及其他任何相关的保密和安全措施来处理个人信息。<br/>\n<strong>(三)转让</strong><br/>\n<p>我们不会将您的个人信息转让给任何公司、组织和个人，但以下情况除外：</p>\n<p>1、在获取明确同意的情况下转让：获得您的明确同意后，我们会向其他方转让您的个人信息；</p>\n<p>2、在涉及合并、收购或破产清算时，如涉及到个人信息转让，我们会在要求新的持有您个人信息的公司、组织继续受此隐私政策的约束，否则我们将要求该公司、组织重新向您征求授权同意。</p>\n<strong>(四)公开披露</strong><br/>\n<p>我们仅会在以下情况下，公开披露您的个人信息：</p>\n<p>  1、获得您明确同意后；</p>\n<p>  2、基于法律的披露：在法律、法律程序、诉讼或政府主管部门强制性要求的情况下，我们可能会公开披露您的个人信息。</p>\n<strong>(五)对外共享可能涉及的个人信息类型：设备识别码、软件版本信息；对外公开披露可能涉及的个人信息类型：阅读书籍、阅读时长、发表评论/想法、书籍评分。</strong><br/>\n<p>我们已知晓对外共享、转让、公开披露个人信息所承担的相应法律责任，并将采取合理措施保障个人信息安全。</p>\n</div><br/>\n<h1>四、我们如何保护您的个人信息</h1>\n<div>\n<p>(一)我们已使用符合业界标准的安全防护措施保护您提供的个人信息，防止数据遭到未经授权访问、公开披露、使用、修改、损坏或丢失。我们会采取一切合理可行的措施，保护您的个人信息。例如，在您的浏览器与&quot;服务&quot;之间交换数据(如信用卡信息)时受SSL加密保护；我们会使用加密技术确保数据的保密性；我们会使用受信赖的保护机制防止数据遭到恶意攻击；我们会部署访问控制机制，确保只有授权人员才可访问个人信息；以及我们会举办安全和隐私保护培训课程，加强员工对于保护个人信息重要性的认识。\n        </p>\n<p><strong>(二)保存期限：我们仅在中国大陆地区存放您的个人信息</strong>。我们会采取一切合理可行的措施，确保未收集无关的个人信息。<strong>我们只会在达成本政策所述目的所需的且法律规定的最短期限内保留您的个人信息，除非需要延长保留期或受到法律的允许</strong>。</p>\n<p><strong>在您的个人信息超出保留期间后，我们会根据法律法规的要求删除您的个人信息、或进行匿名化处理</strong>。</p>\n<p>(三)互联网并非绝对安全的环境，而且电子邮件、即时通讯、及与其他用户的交流方式并未加密，我们强烈建议您不要通过此类方式发送个人信息。请使用复杂密码，协助我们保证您的账号安全。</p>\n<p>(四)互联网环境并非百分之百安全，我们将尽力确保或担保您发送给我们的任何信息的安全性。如果我们的物理、技术、或管理防护设施遭到破坏，导致信息被非授权访问、公开披露、篡改、或毁坏，导致您的合法权益受损，我们将承担相应的法律责任。</p>\n<p>(五)<strong>在不幸发生个人信息安全事件后，我们将按照法律法规的要求，及时向您告知：安全事件的基本情况和可能的影响、我们已采取或将要采取的处置措施、您可自主防范和降低风险的建议、对您的补救措施等。我们将及时将事件相关情况以邮件、信函、电话、推送通知等方式告知您，难以逐一告知个人信息主体时，我们会采取合理、有效的方式发布公告。</strong></p>\n        同时，我们还将按照监管部门要求，主动上报个人信息安全事件的处置情况。\n    </div>\n<br/>\n<h1>五、您的权利</h1>\n<div>\n<p>按照中国相关的法律、法规、标准，以及其他国家、地区的通行做法，我们保障您对自己的个人信息行使以下权利：</p>\n<strong>（一）访问您的个人信息</strong><br/>\n<p>您有权访问您的个人信息，法律法规规定的例外情况除外。如果您想行使数据访问权，可以通过以下方式自行访问：</p>\n<p>1、访问头像、昵称等基本信息：<br/>1）进入掌阅后，点击&quot;我的&quot;<br/>2）点击头像栏<br/>3）进行信息查询和访问</p>\n<p>2、访问手机号、密码：<br/>1）进入本软件后，点击“我的”<br/>2）点击“设置”<br/>3）点击“账户与安全”<br/>4）进行信息查询和访问</p>\n<strong>（二）更正您的个人信息 </strong><br/>\n<p>当您发现我们处理的关于您的个人信息有错误时，您有权要求我们做出更正。您可以通过&quot;(一)访问您的个人信息&quot;中罗列的方式提出更正申请。</p>\n<strong>（三）删除您的个人信息</strong><br/>\n<p>在以下情形中，您可以向我们提出删除个人信息的请求：</p>\n<p>1、如果我们处理个人信息的行为违反法律法规；</p>\n<p>2、如果我们收集、使用您的个人信息，却未征得您的同意；</p>\n<p>3、如果我们处理个人信息的行为违反了与您的约定；</p>\n<p>4、如果您不再使用我们的产品或服务，或您注销了账号；</p>\n<p>5、如果我们不再为您提供产品或服务。</p>\n<p>若我们决定响应您的删除请求，我们还将同时通知从我们获得您的个人信息的实体，要求其及时删除，除非法律法规另有规定，或这些实体获得您的独立授权。</p>\n<p>当您从我们的服务中删除信息后，我们可能不会立即备份系统中删除相应的信息，但会在备份更新时删除这些信息。</p>\n<strong>（四）改变您授权的范围 </strong><br/>\n<p>每个业务功能需要一些基本的个人信息才能得以完成。对于额外收集的个人信息的收集和使用，您可以随时给予或收回您的授权同意。 当您收回同意后，我们将不再处理相应的个人信息。但您收回同意的决定，不会影响此前基于您的授权而开展的个人信息处理。 如果您打算改变授权范围或者不想接受我们给您发送的商业广告，您可以根据我们提供的联系方式联系我们。</p>\n<strong>（五）注销账号</strong><br/>\n<p>您随时可注销此前注册的账号，您可以通过以下方式自行操作：</p>\n<p>1、进入掌阅后，点击&quot;我的&quot;</p>\n<p>2、点击&quot;设置&quot;</p>\n<p>3、点击&quot;账号管理&quot;</p>\n<p>4、点击&quot;账号注销&quot;</p>\n<p>5、点击&quot;申请注销&quot;</p>\n        在注销账户之后，我们将停止为您提供产品或服务，并依据您的要求，删除您的个人信息，法律法规另有规定的除外。<br/>\n        在以下情形中，按照法律法规要求，我们将无法响应您的请求：\n        <p>  1、与国家安全、国防安全直接相关的；</p>\n<p>  2、与公共安全、公共卫生、重大公共利益直接相关的；</p>\n<p>  3、与犯罪侦查、起诉、审判和判决执行等直接相关的；</p>\n<p>  4、有充分证据表明您存在主观恶意或滥用权利的；</p>\n<p>  5、响应您的请求将导致您或其他个人、组织的合法权益受到严重损害的；</p>\n<p>  6、涉及商业秘密的。</p>\n<strong>（六）个人信息主体获取个人信息副本</strong><br/>\n<p>您有权获取您的个人信息副本，您可以通过我们提供的联系方式联系我们。 在技术可行的前提下，例如数据接口匹配，我们还可按您的要求，直接将您的个人信息副本传输给您指定的第三方。</p>\n<strong>（七）约束信息系统自动决策</strong><br/>\n<p>在某些业务功能中，我们可能仅依据信息系统、算法等在内的非人工自动决策机制作出决定。如果这些决定显著影响您的合法权益，您有权要求我们作出解释，我们也将提供适当的救济方式。</p>\n<strong>（八）响应您的上述请求 </strong><br/>\n<p>\n            为保障安全，您可能需要提供书面请求，或以其他方式证明您的身份。我们可能会先要求您验证自己的身份，然后再处理您的请求。 我们将在验证您身份后的十五（15）个工作日内作出答复。如您不满意，还可以依法向政府或者行业主管部门投诉。<br/>\n            对于您合理的请求，我们原则上不收取费用，但对多次重复、超出合理限度的请求，我们将视情收取一定成本费用。对于那些无端重复、需要过多技术手段（例如，需要开发新系统或从根本上改变现行惯例）、给他人合法权益带来风险或者非常不切实际（例如，涉及备份磁带上存放的信息）的请求，我们可能会予以拒绝。<br/>\n            在以下情形中，我们将无法响应您的请求：\n        </p>\n<p>1、与个人信息控制者履行法律法规规定的义务相关的；</p>\n<p>2、与国家安全、国防安全直接相关的；</p>\n<p>3、与公共安全、公共卫生、重大公共利益直接相关的；</p>\n<p>4、与刑事侦查、起诉、审判和执行判决等直接相关的；</p>\n<p>5、个人信息控制者有充分证据表明个人信息主体存在主观恶意或滥用权利的；</p>\n<p>6、出于维护个人信息主体或其他个人的生命、财产等重大合法权益但又很难得到本人同意的；</p>\n<p>7、响应个人信息主体的请求将导致个人信息主体或其他个人、组织的合法权益受到严重损害的；</p>\n<p>8、涉及商业秘密的。</p>\n</div>\n<br/>\n<h1>六、我们如何处理儿童的个人信息</h1>\n<div>\n        我们的产品、网站和服务主要面向成人。如果没有父母或监护人的同意，儿童不得创建自己的用户账户。<br/>\n        对于经父母同意而收集儿童个人信息的情况，我们只会在受到法律允许、父母或监护人明确同意或者保护儿童所必要的情况下使用或公开披露此信息。<br/>\n        尽管当地法律和习俗对儿童的定义不同，但我们将不满14周岁的任何人均视为儿童。<br/>\n        如果我们发现自己在未事先获得可证实的父母同意的情况下收集了儿童的个人信息，则会设法尽快删除相关数据。\n    </div><br/>\n<h1>七、您的个人信息如何在全球范围转移</h1>\n<div><strong>目前我们不会跨境传输或存储您的个人信息。将来如需跨境传输或存储的，我们会向您告知信息出境的目的、接收方、安全保障措施和安全风险，并征得您的同意</strong>。</div>\n<br/><h1>八、本政策如何更新</h1>\n<div>\n        我们的隐私政策可能变更。<br/>\n        未经您明确同意，我们不会削减您按照本隐私政策所应享有的权利。我们会在本页面上发布对本政策所做的任何变更。我们会通过在掌阅移动端或掌阅官方网站发出更新版本或以其他适当方式提醒您相关内容的更新。<br/>\n        对于重大变更，我们还会提供更为显著的通知（我们会通过包括但不限于APP推送通知或在浏览页面做特别提示的方式，说明隐私政策的具体变更内容）。<br/>\n        本政策所指的重大变更包括但不限于：<br/>\n        1、我们的服务模式发生重大变化。如处理个人信息的目的、处理的个人信息类型、个人信息的使用方式等；<br/>\n        2、我们在所有权结构、组织架构等方面发生重大变化。如业务调整、破产并购等引起的所有者变更等；<br/>\n        3、个人信息共享、转让或公开披露的主要对象发生变化；<br/>\n        4、您参与个人信息处理方面的权利及其行使方式发生重大变化；<br/>\n        5、我们负责处理个人信息安全的责任部门、联络方式及投诉渠道发生变化时；<br/>\n        6、个人信息安全影响评估报告表明存在高风险时。<br/>\n        我们还会将本政策的旧版本存档，供您查阅。\n    </div><br/>\n<h1>九、本政策的适用</h1>\n<div>本软件的所有服务均适用本政策。<br/>\n        当您在首次登录本软件时，我们会提示您进行阅读本政策，并征得您的同意。<strong>若您拒绝，不会影响您继续使用本软件，但部分软件功能将无法使用，请您了解并予以理解</strong>。\n    </div><br/>\n<h1>十、如何联系我们</h1>\n<div>\n<p>我们的联系方式：深圳掌阅动漫科技有限公司</p>\n<p>注册地址：深圳市前海深港合作区临海大道59号海运中心主塔楼13楼-13098</p>\n<p>个人信息保护相关负责人联系方式：010-59236490</p>\n<p>客服电子邮件：kefu@zhangyue.com</p>\n<p>客服电话：4008813311</p>\n<p>您在软件使用的过程中及对本隐私政策有任何疑问、意见和建议的，均可通过以上联系方式与我们联系。</p>\n</div>\n</div>",
    "policy_text_clean": "隐私政策\n隐私政策\n本政策仅适用于深圳掌阅动漫科技有限公司（以下简称“掌阅动漫”）的“掌阅漫画”产品。\n运营者：深圳掌阅动漫科技有限公司\n版本更新日期：【2022】年【8】月【25】日\n版本生效日期：【2022】年【8】月【25】日\n\n本政策将帮助您了解以下内容：\n1、我们如何收集和使用您的个人信息\n2、我们如何使用Cookie和同类技术\n3、我们如何共享、转让、公开披露您的个人信息\n4、我们如何保护您的个人信息\n5、您的权利\n6、我们如何处理儿童的个人信息\n7、您的个人信息如何在全球范围转移\n8、本政策如何更新\n9、本政策的适用\n10、如何联系我们\n掌阅动漫深知个人信息对您的重要性，并会尽全力保护您的个人信息安全可靠。我们致力于维持您对我们的信任，恪守以下原则，保护您的个人信息：权责一致原则、目的明确原则、选择同意原则、最小必要原则、确保安全原则、主体参与原则、公开透明原则等。同时，掌阅动漫承诺，我们将按业界成熟的安全标准，采取相应的安全保护措施来保护您的个人信息。\n\n请在使用我们的产品前，仔细阅读并了解本《隐私政策》，并特别重点阅读我们以粗体/下划线标识的条款，确保您充分理解和同意之后再开始使用。\n一、我们如何收集和使用您的个人信息\n个人信息是指以电子或者其他方式记录的能够单独或者与其他信息结合识别特定自然人身份或者反映特定自然人活动情况的各种信息。\n\n掌阅动漫仅会出于本政策所述的以下目的，在为您提供阅读服务时收集和使用您的个人信息：\n1、业务功能一：注册成为用户\n为完成创建账号，您需提供以下信息：您的手机号、创建的用户名和密码。\n您也可以使用第三方账号（如微信、QQ）登录“掌阅漫画”。您未登录并不会影响您使用搜索浏览等功能，但可能会影响您购买图书、发表评论等附加业务功能。\n您提供的上述信息，将在您使用本服务期间持续授权我们使用。在您注销账号时，我们将停止使用并删除上述信息。\n\n2、业务功能二：用户画像、个性化推荐、广告功能\n您使用我们服务时，本软件会记录您的掌阅操作日志，包括搜索关键字、累计使用时长、读过的书籍和章节、创建和收藏的书单。\n我们会基于前述信息以及您的收藏数据提取您的偏好特征，并基于偏好特征产出间接用户画像，以便为您提供更适合您的定制化服务，向您展现或推荐相关程度更高的搜索结果。如您不同意提供前述信息，您可以通过本软件页面\"我的\"——\"设置\"——\"个性化推荐功能\"路径选择关闭，不影响您使用本软件的其他功能。\n为更好地向用户提供服务，我们还可能通过手机短信向您推送我们认为您可能会感兴趣的广告和其它商业信息，如您不想收到此类广告的通知，您可以回复\"T\"（具体以短信内容中提示为准）来取消我们给您发送的营销短信。\n3、业务功能三：订购、支付与提现\n您通过掌阅订购会员、电子书等产品时产生的记录，包括订购记录、消费记录，这些信息会存储于我们的服务器中。以上信息为软件功能必须的信息，如您不同意我们记录前述信息，我们将无法为您提供书籍购买和阅读服务。如您使用订购与支付功能，第三方向您提供支付服务的公司将直接收集与支付相关的信息。在使用银行卡或信用卡支付时，需要提供姓名、银行卡号、身份证号、手机号码。\n\n4、业务功能四：与其他用户沟通交流\n您通过我们的服务分享的内容所包含的信息，包括您的评论、笔记、想法、分享的照片，您的这些信息会存储于我们的服务器中。您可以随时删除以上信息，删除以上信息不会影响您正常使用本软件。\n\n5、安全管理功能：\n为向您提供安全稳定的服务、保障您的账户财产安全、进行身份验证和检测、预防冒名登录，我们需要记录您的设备信息：包括设备型号、硬件序列号、MAC地址、IP地址、操作系统版本、设备软件版本、唯一移动设备识别码（Android设备：IMEI、IMSI、MEID、Android ID；iOS设备：UUID、IDFA，IDFV）。如果您不同意我们记录前述信息，不会影响您使用本软件的基本功能，但可能因无法完成风控验证而无法使用本软件的部分功能。\n此外，我们会获取您的传感器信息（如重力传感器、陀螺仪传感器、加速度传感器），用以分析和统计系统错误，Crash信息及线程堆栈。\n\n6、您在使用本软件时，为提供给您服务之目的，本软件可能获取您终端设备的如下权限，当然您可以拒绝开启以下权限，或在手机的设置中关闭本软件的以下权限，关闭以下权限不会影响您对本软件其他功能的使用：\n访问相机：您可以使用摄像头扫码进行扫一扫、直接拍摄并上传图片进行晒图或分享；\n访问本地存储：通过开启本地存储权限，实现下载本软件内的书籍、音频到您的手机存储，以及通过手机存储将您的本地文件上传到本软件；\n访问照片：您可以直接选择手机内的照片或图片进行上传评论或与客服沟通时提供证明；\n开启无线数据：您可以通过连接无线网络或开启蜂窝网络来实现本软件需要的联网功能；\n访问电话：通过获取您的电话状态权限我们记录您的设备识别码（即IMEI和IMSI码）进行匿名化处理，用于统计及安全校验和一键登录功能。但该权限不会监听、获取您的通讯内容和信息。\n访问安装程序列表：通过获取您的安装程序列表我们可以确认您是否安装了我们所推广的软件，以便我们及时向您发放相应奖励。\n7、第三方SDK接入服务所需开通的权限。我们的产品和服务可能包括第三方的产品和服务，以及第三方网站的链接。当您使用这些产品或服务时，也可能收集您的信息。（点击查看目前我们接入的第三方SDK列表）【链接地址为：https://ah2.ireader.com/fe3/zybook/other/statement/sdklist_commic.html】\n8、APP前后台运行时，需要获取运行中进程信息，粘贴板信息。\n\n二、我们如何使用Cookie和同类技术\n为确保掌阅正常运转，我们会在您的移动设备上存储名为Cookie的小数据文件。Cookie通常包含标识符、站点名称以及一些号码和字符。借助于Cookie我们将记录您的登录信息及在掌阅APP中的操作信息，以便我们存储您的偏好及使用习惯，帮您省去重复输入注册信息的步骤，并帮助判断您的账户安全状态，以为您提供更轻松的用户体验和服务。\n我们不会将Cookie用于本政策所述目的之外的任何用途。您可根据自己的偏好管理或停用Cookie。有关详情，请参AboutCookies.org。如果停用Cookie，您有可能无法享受最佳的服务体验，我们的推荐内容与您的相关性也会降低。\n\n三、我们如何委托处理、共享、转让、公开披露您的个人信息\n\n(一)委托处理\n本业务功能中某些具体的模块或功能由外部供应商提供。例如我们会聘请服务提供商来协助我们提供客户支持。 对我们委托处理个人信息的公司、组织和个人，我们会与其签署严格的保密协定，要求他们按照我们的要求、本隐私政策以及其他任何相关的保密和安全措施来处理个人信息。\n(二)共享\n我们不会与掌阅动漫以外的任何公司、组织和个人分享您的个人信息，但以下情况除外：\n1、在获取明确同意的情况下共享：获得您的明确同意后，我们会与其他方共享您的个人信息。\n2、我们可能会根据法律法规规定，或按政府主管部门的强制性要求，对外共享您的个人信息。\n3、与授权合作伙伴共享：仅为实现本政策中声明的目的，我们的某些服务将由授权合作伙伴提供。我们可能会与合作伙伴共享您的某些个人信息，以提供更好的客户服务和用户体验。我们仅会出于合法、正当、必要、特定、明确的目的共享您的个人信息，并且只会共享提供服务所必要的个人信息。我们的合作伙伴无权将共享的个人信息用于任何其他用途。\n目前，我们的授权合作伙伴包括以下几大类型：\n1)广告、分析服务类的授权合作伙伴。除非得到您的许可，否则我们不会将您的个人身份信息(指可以识别您身份的信息，通过这些信息可以联系到您或识别您的身份)与提供广告、分析服务的合作伙伴分享。但我们可能会将您的匿名化的用户画像与广告、分析服务类的授权合作伙伴共享，以帮助其在不识别您的个人的前提下提升广告有效触达率。\n2)供应商、服务提供商和其他合作伙伴。我们将信息发送给在全球范围内支持我们业务的供应商、服务提供商和其他合作伙伴，这些支持包括提供技术基础设施服务、分析我们服务的使用方式、衡量广告和服务的有效性、提供客户服务、支付便利或进行学术研究和调查。\n对我们与之共享个人信息的公司、组织和个人，我们会与其签署严格的保密协定，要求他们按照我们的说明、本隐私政策以及其他任何相关的保密和安全措施来处理个人信息。\n(三)转让\n我们不会将您的个人信息转让给任何公司、组织和个人，但以下情况除外：\n1、在获取明确同意的情况下转让：获得您的明确同意后，我们会向其他方转让您的个人信息；\n2、在涉及合并、收购或破产清算时，如涉及到个人信息转让，我们会在要求新的持有您个人信息的公司、组织继续受此隐私政策的约束，否则我们将要求该公司、组织重新向您征求授权同意。\n(四)公开披露\n我们仅会在以下情况下，公开披露您的个人信息：\n1、获得您明确同意后；\n2、基于法律的披露：在法律、法律程序、诉讼或政府主管部门强制性要求的情况下，我们可能会公开披露您的个人信息。\n(五)对外共享可能涉及的个人信息类型：设备识别码、软件版本信息；对外公开披露可能涉及的个人信息类型：阅读书籍、阅读时长、发表评论/想法、书籍评分。\n我们已知晓对外共享、转让、公开披露个人信息所承担的相应法律责任，并将采取合理措施保障个人信息安全。\n四、我们如何保护您的个人信息\n(一)我们已使用符合业界标准的安全防护措施保护您提供的个人信息，防止数据遭到未经授权访问、公开披露、使用、修改、损坏或丢失。我们会采取一切合理可行的措施，保护您的个人信息。例如，在您的浏览器与\"服务\"之间交换数据(如信用卡信息)时受SSL加密保护；我们会使用加密技术确保数据的保密性；我们会使用受信赖的保护机制防止数据遭到恶意攻击；我们会部署访问控制机制，确保只有授权人员才可访问个人信息；以及我们会举办安全和隐私保护培训课程，加强员工对于保护个人信息重要性的认识。\n\n(二)保存期限：我们仅在中国大陆地区存放您的个人信息。我们会采取一切合理可行的措施，确保未收集无关的个人信息。我们只会在达成本政策所述目的所需的且法律规定的最短期限内保留您的个人信息，除非需要延长保留期或受到法律的允许。\n在您的个人信息超出保留期间后，我们会根据法律法规的要求删除您的个人信息、或进行匿名化处理。\n(三)互联网并非绝对安全的环境，而且电子邮件、即时通讯、及与其他用户的交流方式并未加密，我们强烈建议您不要通过此类方式发送个人信息。请使用复杂密码，协助我们保证您的账号安全。\n(四)互联网环境并非百分之百安全，我们将尽力确保或担保您发送给我们的任何信息的安全性。如果我们的物理、技术、或管理防护设施遭到破坏，导致信息被非授权访问、公开披露、篡改、或毁坏，导致您的合法权益受损，我们将承担相应的法律责任。\n(五)在不幸发生个人信息安全事件后，我们将按照法律法规的要求，及时向您告知：安全事件的基本情况和可能的影响、我们已采取或将要采取的处置措施、您可自主防范和降低风险的建议、对您的补救措施等。我们将及时将事件相关情况以邮件、信函、电话、推送通知等方式告知您，难以逐一告知个人信息主体时，我们会采取合理、有效的方式发布公告。\n同时，我们还将按照监管部门要求，主动上报个人信息安全事件的处置情况。\n\n五、您的权利\n按照中国相关的法律、法规、标准，以及其他国家、地区的通行做法，我们保障您对自己的个人信息行使以下权利：\n（一）访问您的个人信息\n您有权访问您的个人信息，法律法规规定的例外情况除外。如果您想行使数据访问权，可以通过以下方式自行访问：\n1、访问头像、昵称等基本信息：\n1）进入掌阅后，点击\"我的\"\n2）点击头像栏\n3）进行信息查询和访问\n2、访问手机号、密码：\n1）进入本软件后，点击“我的”\n2）点击“设置”\n3）点击“账户与安全”\n4）进行信息查询和访问\n（二）更正您的个人信息\n当您发现我们处理的关于您的个人信息有错误时，您有权要求我们做出更正。您可以通过\"(一)访问您的个人信息\"中罗列的方式提出更正申请。\n（三）删除您的个人信息\n在以下情形中，您可以向我们提出删除个人信息的请求：\n1、如果我们处理个人信息的行为违反法律法规；\n2、如果我们收集、使用您的个人信息，却未征得您的同意；\n3、如果我们处理个人信息的行为违反了与您的约定；\n4、如果您不再使用我们的产品或服务，或您注销了账号；\n5、如果我们不再为您提供产品或服务。\n若我们决定响应您的删除请求，我们还将同时通知从我们获得您的个人信息的实体，要求其及时删除，除非法律法规另有规定，或这些实体获得您的独立授权。\n当您从我们的服务中删除信息后，我们可能不会立即备份系统中删除相应的信息，但会在备份更新时删除这些信息。\n（四）改变您授权的范围\n每个业务功能需要一些基本的个人信息才能得以完成。对于额外收集的个人信息的收集和使用，您可以随时给予或收回您的授权同意。 当您收回同意后，我们将不再处理相应的个人信息。但您收回同意的决定，不会影响此前基于您的授权而开展的个人信息处理。 如果您打算改变授权范围或者不想接受我们给您发送的商业广告，您可以根据我们提供的联系方式联系我们。\n（五）注销账号\n您随时可注销此前注册的账号，您可以通过以下方式自行操作：\n1、进入掌阅后，点击\"我的\"\n2、点击\"设置\"\n3、点击\"账号管理\"\n4、点击\"账号注销\"\n5、点击\"申请注销\"\n在注销账户之后，我们将停止为您提供产品或服务，并依据您的要求，删除您的个人信息，法律法规另有规定的除外。\n在以下情形中，按照法律法规要求，我们将无法响应您的请求：\n\n1、与国家安全、国防安全直接相关的；\n2、与公共安全、公共卫生、重大公共利益直接相关的；\n3、与犯罪侦查、起诉、审判和判决执行等直接相关的；\n4、有充分证据表明您存在主观恶意或滥用权利的；\n5、响应您的请求将导致您或其他个人、组织的合法权益受到严重损害的；\n6、涉及商业秘密的。\n（六）个人信息主体获取个人信息副本\n您有权获取您的个人信息副本，您可以通过我们提供的联系方式联系我们。 在技术可行的前提下，例如数据接口匹配，我们还可按您的要求，直接将您的个人信息副本传输给您指定的第三方。\n（七）约束信息系统自动决策\n在某些业务功能中，我们可能仅依据信息系统、算法等在内的非人工自动决策机制作出决定。如果这些决定显著影响您的合法权益，您有权要求我们作出解释，我们也将提供适当的救济方式。\n（八）响应您的上述请求\n为保障安全，您可能需要提供书面请求，或以其他方式证明您的身份。我们可能会先要求您验证自己的身份，然后再处理您的请求。 我们将在验证您身份后的十五（15）个工作日内作出答复。如您不满意，还可以依法向政府或者行业主管部门投诉。\n对于您合理的请求，我们原则上不收取费用，但对多次重复、超出合理限度的请求，我们将视情收取一定成本费用。对于那些无端重复、需要过多技术手段（例如，需要开发新系统或从根本上改变现行惯例）、给他人合法权益带来风险或者非常不切实际（例如，涉及备份磁带上存放的信息）的请求，我们可能会予以拒绝。\n在以下情形中，我们将无法响应您的请求：\n\n1、与个人信息控制者履行法律法规规定的义务相关的；\n2、与国家安全、国防安全直接相关的；\n3、与公共安全、公共卫生、重大公共利益直接相关的；\n4、与刑事侦查、起诉、审判和执行判决等直接相关的；\n5、个人信息控制者有充分证据表明个人信息主体存在主观恶意或滥用权利的；\n6、出于维护个人信息主体或其他个人的生命、财产等重大合法权益但又很难得到本人同意的；\n7、响应个人信息主体的请求将导致个人信息主体或其他个人、组织的合法权益受到严重损害的；\n8、涉及商业秘密的。\n六、我们如何处理儿童的个人信息\n我们的产品、网站和服务主要面向成人。如果没有父母或监护人的同意，儿童不得创建自己的用户账户。\n对于经父母同意而收集儿童个人信息的情况，我们只会在受到法律允许、父母或监护人明确同意或者保护儿童所必要的情况下使用或公开披露此信息。\n尽管当地法律和习俗对儿童的定义不同，但我们将不满14周岁的任何人均视为儿童。\n如果我们发现自己在未事先获得可证实的父母同意的情况下收集了儿童的个人信息，则会设法尽快删除相关数据。\n\n七、您的个人信息如何在全球范围转移\n目前我们不会跨境传输或存储您的个人信息。将来如需跨境传输或存储的，我们会向您告知信息出境的目的、接收方、安全保障措施和安全风险，并征得您的同意。\n八、本政策如何更新\n我们的隐私政策可能变更。\n未经您明确同意，我们不会削减您按照本隐私政策所应享有的权利。我们会在本页面上发布对本政策所做的任何变更。我们会通过在掌阅移动端或掌阅官方网站发出更新版本或以其他适当方式提醒您相关内容的更新。\n对于重大变更，我们还会提供更为显著的通知（我们会通过包括但不限于APP推送通知或在浏览页面做特别提示的方式，说明隐私政策的具体变更内容）。\n本政策所指的重大变更包括但不限于：\n1、我们的服务模式发生重大变化。如处理个人信息的目的、处理的个人信息类型、个人信息的使用方式等；\n2、我们在所有权结构、组织架构等方面发生重大变化。如业务调整、破产并购等引起的所有者变更等；\n3、个人信息共享、转让或公开披露的主要对象发生变化；\n4、您参与个人信息处理方面的权利及其行使方式发生重大变化；\n5、我们负责处理个人信息安全的责任部门、联络方式及投诉渠道发生变化时；\n6、个人信息安全影响评估报告表明存在高风险时。\n我们还会将本政策的旧版本存档，供您查阅。\n\n九、本政策的适用\n本软件的所有服务均适用本政策。\n当您在首次登录本软件时，我们会提示您进行阅读本政策，并征得您的同意。若您拒绝，不会影响您继续使用本软件，但部分软件功能将无法使用，请您了解并予以理解。\n\n十、如何联系我们\n我们的联系方式：深圳掌阅动漫科技有限公司\n注册地址：深圳市前海深港合作区临海大道59号海运中心主塔楼13楼-13098\n个人信息保护相关负责人联系方式：010-59236490\n客服电子邮件：kefu@zhangyue.com\n客服电话：4008813311\n您在软件使用的过程中及对本隐私政策有任何疑问、意见和建议的，均可通过以上联系方式与我们联系。"
}