{
    "app_id": "C107647553",
    "app_name": "领游",
    "app_version": "1.2.6",
    "app_download_num_description": "<1 万次安装",
    "app_package_name": "com.lingyou.app",
    "app_score": 0.0,
    "app_package_size": "48 MB",
    "app_package_size_precise": 50333984,
    "app_icon_url": "https://appimg.dbankcdn.com/application/icon144/bde66c83899946b4b9dda8a34cc6d1c6.png",
    "app_developer": "长沙乐伴领游科技有限公司",
    "app_update_time": "2023-03-15",
    "app_update_description": null,
    "app_description": "“领游”是一款提供专业城市向导服务的C2C平台，专业培训及考核各类城市向导，客户可根据自己需求在平台选择城市向导提供包括城市旅游景点讲解、城市历史回顾、网红景点旅拍、餐饮美食品鉴等各种现代娱乐体验类服务。",
    "app_policy_url": "http://www.lingyouapp.com/ys.html",
    "app_listed_permission": "1.完全的网络访问权限\n2.修改或删除存储卡中的内容\n3.查看 Wi-Fi 连接\n4.访问大致位置信息（使用网络进行定位）\n5.访问确切位置信息（使用 GPS 和网络进行定位）\n6.获取额外的位置信息提供程序命令\n7.拨打电话\n8.相机\n9.更改网络连接性\n10.连接 Wi-Fi 或断开连接\n11.查找设备上的帐户\n12.读取存储卡中的内容\n13.读取通话状态和移动网络信息\n14.修改系统设置",
    "app_listed_permission_description": "1.允许该应用创建网络套接字和使用自定义网络协议。浏览器和其他某些应用提供了向互联网发送数据的途径，因此应用无需该权限即可向互联网发送数据。\n2.允许应用修改或删除存储卡上的照片、媒体内容和文件。\n3.允许该应用查看 Wi-Fi 网络的相关信息，例如是否开启 Wi-Fi 及已连接的 Wi-Fi 设备名称。\n4.允许应用基于基站、 Wi-Fi 等网络源获取位置信息。\n5.允许应用基于GPS、基站、 Wi-Fi 等网络源获取位置信息。这可能会增加耗电量。\n6.允许应用访问额外的位置提供程序命令。此权限可让该应用干扰 GPS 或其他位置源的运行。\n7.允许应用自动拨打电话。\n8.允许应用拍摄照片和视频。\n9.允许该应用更改网络连接的状态。\n10.允许应用与 Wi-Fi 接入点建立和断开连接，并更改 Wi-Fi 网络的设备配置。\n11.允许应用获取设备已安装应用的帐户列表。\n12.允许应用读取存储卡上的照片、媒体内容和文件。\n13.允许应用获取本机号码、通话状态以及拨打的号码。\n14.修改设置应用中的设置项",
    "app_category": [
        "旅游住宿"
    ],
    "app_subcategory": [
        "旅游",
        "热门"
    ],
    "app_APK_url": "https://appgallery.cloud.huawei.com/appdl/C107647553",
    "app_APK_name": "C107647553-1.2.6.apk",
    "app_policy_name": "C107647553-1.2.6.txt",
    "policy_html_source_code": "<html lang=\"en\"><head>\n  <meta charset=\"UTF-8\">\n  <meta http-equiv=\"X-UA-Compatible\" content=\"IE=edge\">\n  <meta name=\"viewport\" content=\"width=device-width, initial-scale=1.0\">\n  <title>隐私政策</title>\n<style>\n  .title{\n    font-size: 26px;\n    text-align: center;\n    margin: 0;\n  }\n</style></head>\n\n<body>\n  <div id=\"app\">\n    <h1 class=\"title\">隐私政策</h1>\n    <div class=\"text\" style=\"white-space: pre-wrap;\">导言\n      湖南领游软件 是一款由 领游（以下简称”我们“）提供的产品。 您在使用我们的服务时，我们可能会收集和使用您的相关信息。我们希望通过本《隐私政策》向您说明，在使用我们的服务时，我们如何收集、使用、储存和分享这些信息，以及我们为您提供的访问、更新、控制和保护这些信息的方式。 本《隐私政策》与您所使用的 埋地钢管结构计算应用软件 服务息息相关，希望您仔细阅读，在需要时，按照本《隐私政策》的指引，作出您认为适当的选择。本《隐私政策》中涉及的相关技术词汇，我们尽量以简明扼要的表述，并提供进一步说明的链接，以便您的理解。\n      \n      一、本隐私政策旨在帮助您了解我们会收集哪些数据、为什么收集这些数据，会利用这些数据做些什么及如何保护这些数据。若您使用本系统的服务，即表示您认同我们在本政策中所述内容。在将您的信息用于本隐私权政策未涵盖的用途时，我们会事先征求您的同意。\n      此外，我们在产品设计的过程中及最终的呈现和用户体验环节，将尽可能地为您控制个人信息、保护个人隐私提供更为便捷的方式。\n      本隐私政策将帮助您了解以下内容：\n      ·&nbsp;1.我们如何收集和使用您的个人信息\n      ·&nbsp;2.我们如何使用&nbsp;Cookie&nbsp;和同类技术\n      ·&nbsp;3.我们如何共享您的个人信息\n      ·&nbsp;4.我们如何保存及保护您的个人信息\n      ·&nbsp;5.您的权利\n      ·&nbsp;6.隐私政策的修订\n      ·&nbsp;7.如何联系我们\n      我们深知个人信息对您的重要性，也深知为您的信息提供有效保护是我们业务健康可持续发展的基石。感谢您对本系统的使用和信任！我们致力于维持您对我们的信任，恪守适用法律和我们对您的承诺，尽全力保证您的个人信息安全和合理使用。同时，我们郑重承诺，我们将按业界成熟的安全标准，采取相应的安全保护措施来保护您的个人信息。\n      一、我们如何收集和使用您的个人信息\n      平台仅会出于本隐私政策所述的以下目的，收集和使用您的个人信息：\n      1.帮助您成为我们的注册用户\n      您注册本系统时须至少向我们提供姓名、身份证号码、手机号码、地址、电子邮箱及所在单位等。\n          2、 权限管理\n      2.1定位，可能需要您在设置-隐私-打开定位服务-领游-点开始终允许。\n      2.2相机，在头像设置中和领游者详情里可能需要访问摄像头，打开设置-隐私-权限管理-相机-领游，点开试用期间允许。\n      2.3拨打电话，可能需要访问电话打开设置-隐私-权限管理-电话-读取通话状态和移动网络信息-领有-开启。\n      2.4打开外部应用，在线客服中的微信可能需要您在设置-隐私-应用内其他应用-微信-开启。QQ可能需要您在设置-隐私-应用内的其他应用-QQ-开启。\n      您提供的上述信息，将在您使用本系统功能和服务期间持续授权我们使用。在您注销账号时，我们将停止使用并删除上述信息，法律法规另有规定的除外。\n      2.我们在您使用服务过程中收集的信息\n      日志信息：当您使用本系统服务时，我们的服务器会自动记录一些信息，例如您对我们的功能和/或服务的使用情况、IP地址、所访问服务的URL和访问服务的日期、时间、时长等。\n      3.为您提供安全保障\n      为提高您使用本系统提供的功能和服务的安全性，我们可能使用您的信息用于身份验证、客户服务、安全防范、诈骗监测等，以预防、发现、调查欺诈、危害安全、非法或违反与我们的协议、政策或规则的行为，以保护您、我们的其他用户、我们或合作方及社会公众的合法权益。\n      4.改善我们的功能和服务，并开展内部审计、数据分析和研究\n      我们使用收集的信息来提供并改进我们的功能和服务，并进行必要的业务运营，例如运营平台或提供服务，评估、维护和改进平台和服务的性能，开发新的应用功能和服务、提供客户支持等。\n      为改进我们的功能和服务，我们也可能会对平台使用情况进行统计和分析。同时，本系统可能会与公众共享这些统计信息，以展示我们服务的整体使用趋势，但这些统计信息将不会包含您的任何身份识别信息。\n      我们会将所收集到的信息用于大数据分析。例如，我们将收集到的信息用于分析形成不包含任何个人信息的统计类产品。我们可能对外公开并与我们的合作伙伴分享经统计加工后不含身份识别内容的大数据分析信息。\n      5..其他用途\n      当我们要将信息用于本隐私政策未载明的其他用途，将基于特定目的收集而来的信息用于其他目的时，会事先征求您的同意。\n      二、我们如何收集您的信息\n      1.实现业务功能所必需收集信息的场景\n      我们所提供的产品及服务分为基础业务功能和拓展业务功能，故您在使用我们的产品及服务时，需要选择授权我们收集和使用个人信息的业务包括以下两种：\n      （1）基础业务功能：我们产品及服务中为您提供的行情及部分资讯的基础浏览功能（包括内容的展示、推送、阅读）属于我们的基础业务功能。为实现上述基础业务功能，您的电话设备信息、AndroidID和网络日志将是我们的必要收集信息。如您拒绝，我们将无法为您提供基础业务功能。\n      （2）拓展业务功能：我们产品或服务中一部分的拓展业务功能基于登录领游账号、嵌入的软件工具包（SDK）来实现。因此当您使用行情资讯类以外的功能时，需要获得您的授权来获取收集您的信息。此类信息为拓展业务所需的信息，您可以选择是否授权我们收集，如您拒绝提供，将导致拓展业务无法使用，但不影响您对基础业务功能的正常使用。\n      &nbsp; &nbsp;&nbsp;为了您可以正常使用我们的服务，我们会在下列情形及业务场景下收集您的相关个人信息，同时也可能从合法存储您相关信息的第三方处收集您的个人信息。\n      (3)&nbsp;领游账号注册及登录\n      您在注册领游账号时，根据实名制要求需要提供您的手机号码以便完成账户注册并正常使用我们的相关服务。在此过程中我们需要获取个人常用设备信息用于账户设备绑定操作。\n      您注册本系统时须至少向我们提供姓名、身份证号码、手机号码、地址、电子邮箱及所在单位等。\n      申请加入领游者需向我们提供姓名、身份证正反面图片、身份证号码、手机号码、地址、近期照片、爱好等。\n      还可能收集您手机中的IMEI，获取您设备的IMEI，通过IMEI对您进行唯一标识，用于数据统计分析，以便为您提供精细化服务。\n      在您登录领游账号后，我们会根据国家法律法规要求，收集、使用您与我们服务相关的个人信息，以保证您可以正常使用我们的APP。我们将在下表中逐一向您说明针对您使用的不同功能或业务模块，我们收集、使用您个人信息的情况及其影响。\n          (4) 获取您的地址\n      点击下单必须填写发件人地址、手机号码、姓名、等信息，您的地址、手机号码、姓名等信息，领游人员的地址、手机号码、姓名等信息如果不提供无法正常下单。\n          （5） 邀请好友\n      需访问您的相册，分享，转发，需要访问扫一扫二维码，识别二维码。\n          （6） 好评\n      需访问您的图片、视频、文字信息等。\n          （7） 充值、提现\n      您充值余额时需访问您的微信支付和支付宝支付。\n          （8） 聊天功能\n      为了更好的体验我们的服务，需要您提供您的文字信息。\n      三、我们如何使用您的信息\n      1.实现业务功能所必需收集信息的场景\n      我们所提供的产品及服务分为基础业务功能和拓展业务功能，故您在使用我们的产品及服务时，需要选择授权我们收集和使用个人信息的业务包括以下两种：\n      （1）基础业务功能：我们产品及服务中为您提供的领游服务（包括内容的展示、定位）属于我们的基础业务功能。为实现上述基础业务功能，您的位置信息、AndroidID和网络日志将是我们的必要收集信息。如您拒绝，我们将无法为您提供基础业务功能。\n      （2）拓展业务功能：我们产品或服务中一部分的拓展业务功能基于登录领游账号、嵌入的软件工具包（SDK）来实现。因此当您使用领游服务以外的功能时，需要获得您的授权来获取收集您的信息。此类信息为拓展业务所需的信息，您可以选择是否授权我们收集，如您拒绝提供，将导致拓展业务无法使用，但不影响您对基础业务功能的正常使用。\n      &nbsp; &nbsp;&nbsp;为了您可以正常使用我们的服务，我们会在下列情形及业务场景下收集您的相关个人信息，同时也可能从合法存储您相关信息的第三方处收集您的个人信息。\n      1)&nbsp;领游账号注册及登录\n      您在注册领游账号时，根据实名制要求需要提供您的手机号码以便完成账户注册并正常使用我们的相关服务。在此过程中我们需要获取个人常用设备信息用于账户设备绑定操作。\n      在您登录领游账号后，我们会根据国家法律法规要求，收集、使用您与我们服务相关的个人信息，以保证您可以正常使用我们的APP。我们将在下表中逐一向您说明针对您使用的不同功能或业务模块，我们收集、使用您个人信息的情况及其影响。\n      四、您使用或继续使用我们的服务，即意味着同意我们按照本《隐私政策》收集、使用、储存和分享您的相关信息。\n      1. 我们收集的信息\n      我们或我们的第三方合作伙伴提供服务时，可能会收集、储存和使用下列与您有关的信息。如果您不提供相关信息，可能无法注册成为我们的用户或无法享受我们提供的某些服务，或者无法达到相关服务拟达到的效果。\n      1.1第三方微信登陆时需要您授权登录，可能会收集您的微信头像、微信名字、微信号手机号、邮箱等信息\n      1.2第三方支付，微信支付、支付宝支付、为了给您提供更便利的服务，支付时您可以选择微信支付或支付宝支付，有可能会收集、储存和使用下列与您有关的信息。如果您不提供相关信息，可能无法完成支付。\n      \n      2. 信息的存储\n      2.1 信息存储的方式和期限\n      \n      我们会通过安全的方式存储您的信息，包括本地存储（例如利用APP进行数据缓存）、数据库和服务器日志。\n      一般情况下，我们只会在为实现服务目的所必需的时间内或法律法规规定的条件下存储您的个人信息。\n      2.2 信息存储的地域\n      \n      我们会按照法律法规规定，将境内收集的用户个人信息存储于中国境内。\n      目前我们不会跨境传输或存储您的个人信息。将来如需跨境传输或存储的，我们会向您告知信息出境的目的、接收方、安全保证措施和安全风险，并征得您的同意。\n      2.3 产品或服务停止运营时的通知\n      \n      当我们的产品或服务发生停止运营的情况时，我们将以推送通知、公告等形式通知您，并在合理期限内删除您的个人信息或进行匿名化处理，法律法规另有规定的除外。\n      3. 信息安全\n      我们使用各种安全技术和程序，以防信息的丢失、不当使用、未经授权阅览或披露。例如，在某些服务中，我们将利用加密技术（例如SSL）来保护您提供的个人信息。但请您理解，由于技术的限制以及可能存在的各种恶意手段，在互联网行业，即便竭尽所能加强安全措施，也不可能始终保证信息百分之百的安全。您需要了解，您接入我们的服务所用的系统和通讯网络，有可能因我们可控范围外的因素而出现问题。\n      \n      4. 我们如何使用信息\n      我们可能将在向您提供服务的过程之中所收集的信息用作下列用途：\n      \n      向您提供服务；\n      在我们提供服务时，用于身份验证、客户服务、安全防范、诈骗监测、存档和备份用途，确保我们向您提供的产品和服务的安全性；\n      帮助我们设计新服务，改善我们现有服务；\n      使我们更加了解您如何接入和使用我们的服务，从而针对性地回应您的个性化需求，例如语言设定、位置设定、个性化的帮助服务和指示，或对您和其他用户作出其他方面的回应；\n      向您提供与您更加相关的广告以替代普遍投放的广告；\n      评估我们服务中的广告和其他促销及推广活动的效果，并加以改善；\n      软件认证或管理软件升级；\n      让您参与有关我们产品和服务的调查。\n      5. 信息共享\n      目前，我们不会主动共享或转让您的个人信息至第三方，如存在其他共享或转让您的个人信息或您需要我们将您的个人信息共享或转让至第三方情形时，我们会直接或确认第三方征得您对上述行为的明示同意。\n      \n      为了投放广告，评估、优化广告投放效果等目的，我们需要向广告主及其代理商等第三方合作伙伴共享您的部分数据，要求其严格遵守我们关于数据隐私保护的措施与要求，包括但不限于根据数据保护协议、承诺书及相关数据处理政策进行处理，避免识别出个人身份，保障隐私安全。\n      \n      我们不会向合作伙伴分享可用于识别您个人身份的信息（例如您的姓名或电子邮件地址），除非您明确授权。\n      \n      我们不会对外公开披露所收集的个人信息，如必须公开披露时，我们会向您告知此次公开披露的目的、披露信息的类型及可能涉及的敏感信息，并征得您的明示同意。\n      \n      随着我们业务的持续发展，我们有可能进行合并、收购、资产转让等交易，我们将告知您相关情形，按照法律法规及不低于本《隐私政策》所要求的标准继续保护或要求新的控制者继续保护您的个人信息。\n      \n      另外，根据相关法律法规及国家标准，以下情形中，我们可能会共享、转让、公开披露个人信息无需事先征得您的授权同意：\n      \n      与国家安全、国防安全直接相关的；\n      与公共安全、公共卫生、重大公共利益直接相关的；\n      犯罪侦查、起诉、审判和判决执行等直接相关的；\n      出于维护个人信息主体或其他个人的生命、财产等重大合法权益但又很难得到本人同意的；\n      个人信息主体自行向社会公众公开个人信息的；\n      从合法公开披露的信息中收集个人信息的，如合法的新闻报道、政府信息公开等渠道。\n      6. 您的权利\n      在您使用我们的服务期间，我们可能会视产品具体情况为您提供相应的操作设置，以便您可以查询、删除、更正或撤回您的相关个人信息，您可参考相应的具体指引进行操作。此外，我们还设置了投诉举报渠道，您的意见将会得到及时的处理。如果您无法通过上述途径和方式行使您的个人信息主体权利，您可以通过本《隐私政策》中提供的联系方式提出您的请求，我们会按照法律法规的规定予以反馈。\n      \n      7. 变更\n      我们可能适时修订本《隐私政策》的条款。当变更发生时，我们会在版本更新时向您提示新的《隐私政策》，并向您说明生效日期。请您仔细阅读变更后的《隐私政策》内容，若您继续使用我们的服务，即表示您同意我们按照更新后的《隐私政策》处理您的个人信息。\n      \n      8. 未成年人保护\n      我们鼓励父母或监护人指导未满十八岁的未成年人使用我们的服务。我们建议未成年人鼓励他们的父母或监护人阅读本《隐私政策》，并建议未成年人在提交的个人信息之前寻求父母或监护人的同意和指导。\n      ————————————————\n      长沙乐伴领游科技有限公司\n      日期2023.1.1\n      </div>\n  </div>\n\n</body></html>",
    "policy_text": "隐私政策\n导言\n湖南领游软件 是一款由 领游（以下简称”我们“）提供的产品。 您在使用我们的服务时，我们可能会收集和使用您的相关信息。我们希望通过本《隐私政策》向您说明，在使用我们的服务时，我们如何收集、使用、储存和分享这些信息，以及我们为您提供的访问、更新、控制和保护这些信息的方式。 本《隐私政策》与您所使用的 埋地钢管结构计算应用软件 服务息息相关，希望您仔细阅读，在需要时，按照本《隐私政策》的指引，作出您认为适当的选择。本《隐私政策》中涉及的相关技术词汇，我们尽量以简明扼要的表述，并提供进一步说明的链接，以便您的理解。\n\n一、本隐私政策旨在帮助您了解我们会收集哪些数据、为什么收集这些数据，会利用这些数据做些什么及如何保护这些数据。若您使用本系统的服务，即表示您认同我们在本政策中所述内容。在将您的信息用于本隐私权政策未涵盖的用途时，我们会事先征求您的同意。\n此外，我们在产品设计的过程中及最终的呈现和用户体验环节，将尽可能地为您控制个人信息、保护个人隐私提供更为便捷的方式。\n本隐私政策将帮助您了解以下内容：\n· 1.我们如何收集和使用您的个人信息\n· 2.我们如何使用 Cookie 和同类技术\n· 3.我们如何共享您的个人信息\n· 4.我们如何保存及保护您的个人信息\n· 5.您的权利\n· 6.隐私政策的修订\n· 7.如何联系我们\n我们深知个人信息对您的重要性，也深知为您的信息提供有效保护是我们业务健康可持续发展的基石。感谢您对本系统的使用和信任！我们致力于维持您对我们的信任，恪守适用法律和我们对您的承诺，尽全力保证您的个人信息安全和合理使用。同时，我们郑重承诺，我们将按业界成熟的安全标准，采取相应的安全保护措施来保护您的个人信息。\n一、我们如何收集和使用您的个人信息\n平台仅会出于本隐私政策所述的以下目的，收集和使用您的个人信息：\n1.帮助您成为我们的注册用户\n您注册本系统时须至少向我们提供姓名、身份证号码、手机号码、地址、电子邮箱及所在单位等。\n2、 权限管理\n2.1定位，可能需要您在设置-隐私-打开定位服务-领游-点开始终允许。\n2.2相机，在头像设置中和领游者详情里可能需要访问摄像头，打开设置-隐私-权限管理-相机-领游，点开试用期间允许。\n2.3拨打电话，可能需要访问电话打开设置-隐私-权限管理-电话-读取通话状态和移动网络信息-领有-开启。\n2.4打开外部应用，在线客服中的微信可能需要您在设置-隐私-应用内其他应用-微信-开启。QQ可能需要您在设置-隐私-应用内的其他应用-QQ-开启。\n您提供的上述信息，将在您使用本系统功能和服务期间持续授权我们使用。在您注销账号时，我们将停止使用并删除上述信息，法律法规另有规定的除外。\n2.我们在您使用服务过程中收集的信息\n日志信息：当您使用本系统服务时，我们的服务器会自动记录一些信息，例如您对我们的功能和/或服务的使用情况、IP地址、所访问服务的URL和访问服务的日期、时间、时长等。\n3.为您提供安全保障\n为提高您使用本系统提供的功能和服务的安全性，我们可能使用您的信息用于身份验证、客户服务、安全防范、诈骗监测等，以预防、发现、调查欺诈、危害安全、非法或违反与我们的协议、政策或规则的行为，以保护您、我们的其他用户、我们或合作方及社会公众的合法权益。\n4.改善我们的功能和服务，并开展内部审计、数据分析和研究\n我们使用收集的信息来提供并改进我们的功能和服务，并进行必要的业务运营，例如运营平台或提供服务，评估、维护和改进平台和服务的性能，开发新的应用功能和服务、提供客户支持等。\n为改进我们的功能和服务，我们也可能会对平台使用情况进行统计和分析。同时，本系统可能会与公众共享这些统计信息，以展示我们服务的整体使用趋势，但这些统计信息将不会包含您的任何身份识别信息。\n我们会将所收集到的信息用于大数据分析。例如，我们将收集到的信息用于分析形成不包含任何个人信息的统计类产品。我们可能对外公开并与我们的合作伙伴分享经统计加工后不含身份识别内容的大数据分析信息。\n5..其他用途\n当我们要将信息用于本隐私政策未载明的其他用途，将基于特定目的收集而来的信息用于其他目的时，会事先征求您的同意。\n二、我们如何收集您的信息\n1.实现业务功能所必需收集信息的场景\n我们所提供的产品及服务分为基础业务功能和拓展业务功能，故您在使用我们的产品及服务时，需要选择授权我们收集和使用个人信息的业务包括以下两种：\n（1）基础业务功能：我们产品及服务中为您提供的行情及部分资讯的基础浏览功能（包括内容的展示、推送、阅读）属于我们的基础业务功能。为实现上述基础业务功能，您的电话设备信息、AndroidID和网络日志将是我们的必要收集信息。如您拒绝，我们将无法为您提供基础业务功能。\n（2）拓展业务功能：我们产品或服务中一部分的拓展业务功能基于登录领游账号、嵌入的软件工具包（SDK）来实现。因此当您使用行情资讯类以外的功能时，需要获得您的授权来获取收集您的信息。此类信息为拓展业务所需的信息，您可以选择是否授权我们收集，如您拒绝提供，将导致拓展业务无法使用，但不影响您对基础业务功能的正常使用。\n为了您可以正常使用我们的服务，我们会在下列情形及业务场景下收集您的相关个人信息，同时也可能从合法存储您相关信息的第三方处收集您的个人信息。\n(3) 领游账号注册及登录\n您在注册领游账号时，根据实名制要求需要提供您的手机号码以便完成账户注册并正常使用我们的相关服务。在此过程中我们需要获取个人常用设备信息用于账户设备绑定操作。\n您注册本系统时须至少向我们提供姓名、身份证号码、手机号码、地址、电子邮箱及所在单位等。\n申请加入领游者需向我们提供姓名、身份证正反面图片、身份证号码、手机号码、地址、近期照片、爱好等。\n还可能收集您手机中的IMEI，获取您设备的IMEI，通过IMEI对您进行唯一标识，用于数据统计分析，以便为您提供精细化服务。\n在您登录领游账号后，我们会根据国家法律法规要求，收集、使用您与我们服务相关的个人信息，以保证您可以正常使用我们的APP。我们将在下表中逐一向您说明针对您使用的不同功能或业务模块，我们收集、使用您个人信息的情况及其影响。\n(4) 获取您的地址\n点击下单必须填写发件人地址、手机号码、姓名、等信息，您的地址、手机号码、姓名等信息，领游人员的地址、手机号码、姓名等信息如果不提供无法正常下单。\n（5） 邀请好友\n需访问您的相册，分享，转发，需要访问扫一扫二维码，识别二维码。\n（6） 好评\n需访问您的图片、视频、文字信息等。\n（7） 充值、提现\n您充值余额时需访问您的微信支付和支付宝支付。\n（8） 聊天功能\n为了更好的体验我们的服务，需要您提供您的文字信息。\n三、我们如何使用您的信息\n1.实现业务功能所必需收集信息的场景\n我们所提供的产品及服务分为基础业务功能和拓展业务功能，故您在使用我们的产品及服务时，需要选择授权我们收集和使用个人信息的业务包括以下两种：\n（1）基础业务功能：我们产品及服务中为您提供的领游服务（包括内容的展示、定位）属于我们的基础业务功能。为实现上述基础业务功能，您的位置信息、AndroidID和网络日志将是我们的必要收集信息。如您拒绝，我们将无法为您提供基础业务功能。\n（2）拓展业务功能：我们产品或服务中一部分的拓展业务功能基于登录领游账号、嵌入的软件工具包（SDK）来实现。因此当您使用领游服务以外的功能时，需要获得您的授权来获取收集您的信息。此类信息为拓展业务所需的信息，您可以选择是否授权我们收集，如您拒绝提供，将导致拓展业务无法使用，但不影响您对基础业务功能的正常使用。\n为了您可以正常使用我们的服务，我们会在下列情形及业务场景下收集您的相关个人信息，同时也可能从合法存储您相关信息的第三方处收集您的个人信息。\n1) 领游账号注册及登录\n您在注册领游账号时，根据实名制要求需要提供您的手机号码以便完成账户注册并正常使用我们的相关服务。在此过程中我们需要获取个人常用设备信息用于账户设备绑定操作。\n在您登录领游账号后，我们会根据国家法律法规要求，收集、使用您与我们服务相关的个人信息，以保证您可以正常使用我们的APP。我们将在下表中逐一向您说明针对您使用的不同功能或业务模块，我们收集、使用您个人信息的情况及其影响。\n四、您使用或继续使用我们的服务，即意味着同意我们按照本《隐私政策》收集、使用、储存和分享您的相关信息。\n1. 我们收集的信息\n我们或我们的第三方合作伙伴提供服务时，可能会收集、储存和使用下列与您有关的信息。如果您不提供相关信息，可能无法注册成为我们的用户或无法享受我们提供的某些服务，或者无法达到相关服务拟达到的效果。\n1.1第三方微信登陆时需要您授权登录，可能会收集您的微信头像、微信名字、微信号手机号、邮箱等信息\n1.2第三方支付，微信支付、支付宝支付、为了给您提供更便利的服务，支付时您可以选择微信支付或支付宝支付，有可能会收集、储存和使用下列与您有关的信息。如果您不提供相关信息，可能无法完成支付。\n\n2. 信息的存储\n2.1 信息存储的方式和期限\n\n我们会通过安全的方式存储您的信息，包括本地存储（例如利用APP进行数据缓存）、数据库和服务器日志。\n一般情况下，我们只会在为实现服务目的所必需的时间内或法律法规规定的条件下存储您的个人信息。\n2.2 信息存储的地域\n\n我们会按照法律法规规定，将境内收集的用户个人信息存储于中国境内。\n目前我们不会跨境传输或存储您的个人信息。将来如需跨境传输或存储的，我们会向您告知信息出境的目的、接收方、安全保证措施和安全风险，并征得您的同意。\n2.3 产品或服务停止运营时的通知\n\n当我们的产品或服务发生停止运营的情况时，我们将以推送通知、公告等形式通知您，并在合理期限内删除您的个人信息或进行匿名化处理，法律法规另有规定的除外。\n3. 信息安全\n我们使用各种安全技术和程序，以防信息的丢失、不当使用、未经授权阅览或披露。例如，在某些服务中，我们将利用加密技术（例如SSL）来保护您提供的个人信息。但请您理解，由于技术的限制以及可能存在的各种恶意手段，在互联网行业，即便竭尽所能加强安全措施，也不可能始终保证信息百分之百的安全。您需要了解，您接入我们的服务所用的系统和通讯网络，有可能因我们可控范围外的因素而出现问题。\n\n4. 我们如何使用信息\n我们可能将在向您提供服务的过程之中所收集的信息用作下列用途：\n\n向您提供服务；\n在我们提供服务时，用于身份验证、客户服务、安全防范、诈骗监测、存档和备份用途，确保我们向您提供的产品和服务的安全性；\n帮助我们设计新服务，改善我们现有服务；\n使我们更加了解您如何接入和使用我们的服务，从而针对性地回应您的个性化需求，例如语言设定、位置设定、个性化的帮助服务和指示，或对您和其他用户作出其他方面的回应；\n向您提供与您更加相关的广告以替代普遍投放的广告；\n评估我们服务中的广告和其他促销及推广活动的效果，并加以改善；\n软件认证或管理软件升级；\n让您参与有关我们产品和服务的调查。\n5. 信息共享\n目前，我们不会主动共享或转让您的个人信息至第三方，如存在其他共享或转让您的个人信息或您需要我们将您的个人信息共享或转让至第三方情形时，我们会直接或确认第三方征得您对上述行为的明示同意。\n\n为了投放广告，评估、优化广告投放效果等目的，我们需要向广告主及其代理商等第三方合作伙伴共享您的部分数据，要求其严格遵守我们关于数据隐私保护的措施与要求，包括但不限于根据数据保护协议、承诺书及相关数据处理政策进行处理，避免识别出个人身份，保障隐私安全。\n\n我们不会向合作伙伴分享可用于识别您个人身份的信息（例如您的姓名或电子邮件地址），除非您明确授权。\n\n我们不会对外公开披露所收集的个人信息，如必须公开披露时，我们会向您告知此次公开披露的目的、披露信息的类型及可能涉及的敏感信息，并征得您的明示同意。\n\n随着我们业务的持续发展，我们有可能进行合并、收购、资产转让等交易，我们将告知您相关情形，按照法律法规及不低于本《隐私政策》所要求的标准继续保护或要求新的控制者继续保护您的个人信息。\n\n另外，根据相关法律法规及国家标准，以下情形中，我们可能会共享、转让、公开披露个人信息无需事先征得您的授权同意：\n\n与国家安全、国防安全直接相关的；\n与公共安全、公共卫生、重大公共利益直接相关的；\n犯罪侦查、起诉、审判和判决执行等直接相关的；\n出于维护个人信息主体或其他个人的生命、财产等重大合法权益但又很难得到本人同意的；\n个人信息主体自行向社会公众公开个人信息的；\n从合法公开披露的信息中收集个人信息的，如合法的新闻报道、政府信息公开等渠道。\n6. 您的权利\n在您使用我们的服务期间，我们可能会视产品具体情况为您提供相应的操作设置，以便您可以查询、删除、更正或撤回您的相关个人信息，您可参考相应的具体指引进行操作。此外，我们还设置了投诉举报渠道，您的意见将会得到及时的处理。如果您无法通过上述途径和方式行使您的个人信息主体权利，您可以通过本《隐私政策》中提供的联系方式提出您的请求，我们会按照法律法规的规定予以反馈。\n\n7. 变更\n我们可能适时修订本《隐私政策》的条款。当变更发生时，我们会在版本更新时向您提示新的《隐私政策》，并向您说明生效日期。请您仔细阅读变更后的《隐私政策》内容，若您继续使用我们的服务，即表示您同意我们按照更新后的《隐私政策》处理您的个人信息。\n\n8. 未成年人保护\n我们鼓励父母或监护人指导未满十八岁的未成年人使用我们的服务。我们建议未成年人鼓励他们的父母或监护人阅读本《隐私政策》，并建议未成年人在提交的个人信息之前寻求父母或监护人的同意和指导。\n————————————————\n长沙乐伴领游科技有限公司\n日期2023.1.1\n",
    "is_popular": true,
    "policy_html_source_code_clean": "隐私政策\n<div>导言\n      湖南领游软件 是一款由 领游（以下简称”我们“）提供的产品。 您在使用我们的服务时，我们可能会收集和使用您的相关信息。我们希望通过本《隐私政策》向您说明，在使用我们的服务时，我们如何收集、使用、储存和分享这些信息，以及我们为您提供的访问、更新、控制和保护这些信息的方式。 本《隐私政策》与您所使用的 埋地钢管结构计算应用软件 服务息息相关，希望您仔细阅读，在需要时，按照本《隐私政策》的指引，作出您认为适当的选择。本《隐私政策》中涉及的相关技术词汇，我们尽量以简明扼要的表述，并提供进一步说明的链接，以便您的理解。\n      \n      一、本隐私政策旨在帮助您了解我们会收集哪些数据、为什么收集这些数据，会利用这些数据做些什么及如何保护这些数据。若您使用本系统的服务，即表示您认同我们在本政策中所述内容。在将您的信息用于本隐私权政策未涵盖的用途时，我们会事先征求您的同意。\n      此外，我们在产品设计的过程中及最终的呈现和用户体验环节，将尽可能地为您控制个人信息、保护个人隐私提供更为便捷的方式。\n      本隐私政策将帮助您了解以下内容：\n      · 1.我们如何收集和使用您的个人信息\n      · 2.我们如何使用 Cookie 和同类技术\n      · 3.我们如何共享您的个人信息\n      · 4.我们如何保存及保护您的个人信息\n      · 5.您的权利\n      · 6.隐私政策的修订\n      · 7.如何联系我们\n      我们深知个人信息对您的重要性，也深知为您的信息提供有效保护是我们业务健康可持续发展的基石。感谢您对本系统的使用和信任！我们致力于维持您对我们的信任，恪守适用法律和我们对您的承诺，尽全力保证您的个人信息安全和合理使用。同时，我们郑重承诺，我们将按业界成熟的安全标准，采取相应的安全保护措施来保护您的个人信息。\n      一、我们如何收集和使用您的个人信息\n      平台仅会出于本隐私政策所述的以下目的，收集和使用您的个人信息：\n      1.帮助您成为我们的注册用户\n      您注册本系统时须至少向我们提供姓名、身份证号码、手机号码、地址、电子邮箱及所在单位等。\n          2、 权限管理\n      2.1定位，可能需要您在设置-隐私-打开定位服务-领游-点开始终允许。\n      2.2相机，在头像设置中和领游者详情里可能需要访问摄像头，打开设置-隐私-权限管理-相机-领游，点开试用期间允许。\n      2.3拨打电话，可能需要访问电话打开设置-隐私-权限管理-电话-读取通话状态和移动网络信息-领有-开启。\n      2.4打开外部应用，在线客服中的微信可能需要您在设置-隐私-应用内其他应用-微信-开启。QQ可能需要您在设置-隐私-应用内的其他应用-QQ-开启。\n      您提供的上述信息，将在您使用本系统功能和服务期间持续授权我们使用。在您注销账号时，我们将停止使用并删除上述信息，法律法规另有规定的除外。\n      2.我们在您使用服务过程中收集的信息\n      日志信息：当您使用本系统服务时，我们的服务器会自动记录一些信息，例如您对我们的功能和/或服务的使用情况、IP地址、所访问服务的URL和访问服务的日期、时间、时长等。\n      3.为您提供安全保障\n      为提高您使用本系统提供的功能和服务的安全性，我们可能使用您的信息用于身份验证、客户服务、安全防范、诈骗监测等，以预防、发现、调查欺诈、危害安全、非法或违反与我们的协议、政策或规则的行为，以保护您、我们的其他用户、我们或合作方及社会公众的合法权益。\n      4.改善我们的功能和服务，并开展内部审计、数据分析和研究\n      我们使用收集的信息来提供并改进我们的功能和服务，并进行必要的业务运营，例如运营平台或提供服务，评估、维护和改进平台和服务的性能，开发新的应用功能和服务、提供客户支持等。\n      为改进我们的功能和服务，我们也可能会对平台使用情况进行统计和分析。同时，本系统可能会与公众共享这些统计信息，以展示我们服务的整体使用趋势，但这些统计信息将不会包含您的任何身份识别信息。\n      我们会将所收集到的信息用于大数据分析。例如，我们将收集到的信息用于分析形成不包含任何个人信息的统计类产品。我们可能对外公开并与我们的合作伙伴分享经统计加工后不含身份识别内容的大数据分析信息。\n      5..其他用途\n      当我们要将信息用于本隐私政策未载明的其他用途，将基于特定目的收集而来的信息用于其他目的时，会事先征求您的同意。\n      二、我们如何收集您的信息\n      1.实现业务功能所必需收集信息的场景\n      我们所提供的产品及服务分为基础业务功能和拓展业务功能，故您在使用我们的产品及服务时，需要选择授权我们收集和使用个人信息的业务包括以下两种：\n      （1）基础业务功能：我们产品及服务中为您提供的行情及部分资讯的基础浏览功能（包括内容的展示、推送、阅读）属于我们的基础业务功能。为实现上述基础业务功能，您的电话设备信息、AndroidID和网络日志将是我们的必要收集信息。如您拒绝，我们将无法为您提供基础业务功能。\n      （2）拓展业务功能：我们产品或服务中一部分的拓展业务功能基于登录领游账号、嵌入的软件工具包（SDK）来实现。因此当您使用行情资讯类以外的功能时，需要获得您的授权来获取收集您的信息。此类信息为拓展业务所需的信息，您可以选择是否授权我们收集，如您拒绝提供，将导致拓展业务无法使用，但不影响您对基础业务功能的正常使用。\n          为了您可以正常使用我们的服务，我们会在下列情形及业务场景下收集您的相关个人信息，同时也可能从合法存储您相关信息的第三方处收集您的个人信息。\n      (3) 领游账号注册及登录\n      您在注册领游账号时，根据实名制要求需要提供您的手机号码以便完成账户注册并正常使用我们的相关服务。在此过程中我们需要获取个人常用设备信息用于账户设备绑定操作。\n      您注册本系统时须至少向我们提供姓名、身份证号码、手机号码、地址、电子邮箱及所在单位等。\n      申请加入领游者需向我们提供姓名、身份证正反面图片、身份证号码、手机号码、地址、近期照片、爱好等。\n      还可能收集您手机中的IMEI，获取您设备的IMEI，通过IMEI对您进行唯一标识，用于数据统计分析，以便为您提供精细化服务。\n      在您登录领游账号后，我们会根据国家法律法规要求，收集、使用您与我们服务相关的个人信息，以保证您可以正常使用我们的APP。我们将在下表中逐一向您说明针对您使用的不同功能或业务模块，我们收集、使用您个人信息的情况及其影响。\n          (4) 获取您的地址\n      点击下单必须填写发件人地址、手机号码、姓名、等信息，您的地址、手机号码、姓名等信息，领游人员的地址、手机号码、姓名等信息如果不提供无法正常下单。\n          （5） 邀请好友\n      需访问您的相册，分享，转发，需要访问扫一扫二维码，识别二维码。\n          （6） 好评\n      需访问您的图片、视频、文字信息等。\n          （7） 充值、提现\n      您充值余额时需访问您的微信支付和支付宝支付。\n          （8） 聊天功能\n      为了更好的体验我们的服务，需要您提供您的文字信息。\n      三、我们如何使用您的信息\n      1.实现业务功能所必需收集信息的场景\n      我们所提供的产品及服务分为基础业务功能和拓展业务功能，故您在使用我们的产品及服务时，需要选择授权我们收集和使用个人信息的业务包括以下两种：\n      （1）基础业务功能：我们产品及服务中为您提供的领游服务（包括内容的展示、定位）属于我们的基础业务功能。为实现上述基础业务功能，您的位置信息、AndroidID和网络日志将是我们的必要收集信息。如您拒绝，我们将无法为您提供基础业务功能。\n      （2）拓展业务功能：我们产品或服务中一部分的拓展业务功能基于登录领游账号、嵌入的软件工具包（SDK）来实现。因此当您使用领游服务以外的功能时，需要获得您的授权来获取收集您的信息。此类信息为拓展业务所需的信息，您可以选择是否授权我们收集，如您拒绝提供，将导致拓展业务无法使用，但不影响您对基础业务功能的正常使用。\n          为了您可以正常使用我们的服务，我们会在下列情形及业务场景下收集您的相关个人信息，同时也可能从合法存储您相关信息的第三方处收集您的个人信息。\n      1) 领游账号注册及登录\n      您在注册领游账号时，根据实名制要求需要提供您的手机号码以便完成账户注册并正常使用我们的相关服务。在此过程中我们需要获取个人常用设备信息用于账户设备绑定操作。\n      在您登录领游账号后，我们会根据国家法律法规要求，收集、使用您与我们服务相关的个人信息，以保证您可以正常使用我们的APP。我们将在下表中逐一向您说明针对您使用的不同功能或业务模块，我们收集、使用您个人信息的情况及其影响。\n      四、您使用或继续使用我们的服务，即意味着同意我们按照本《隐私政策》收集、使用、储存和分享您的相关信息。\n      1. 我们收集的信息\n      我们或我们的第三方合作伙伴提供服务时，可能会收集、储存和使用下列与您有关的信息。如果您不提供相关信息，可能无法注册成为我们的用户或无法享受我们提供的某些服务，或者无法达到相关服务拟达到的效果。\n      1.1第三方微信登陆时需要您授权登录，可能会收集您的微信头像、微信名字、微信号手机号、邮箱等信息\n      1.2第三方支付，微信支付、支付宝支付、为了给您提供更便利的服务，支付时您可以选择微信支付或支付宝支付，有可能会收集、储存和使用下列与您有关的信息。如果您不提供相关信息，可能无法完成支付。\n      \n      2. 信息的存储\n      2.1 信息存储的方式和期限\n      \n      我们会通过安全的方式存储您的信息，包括本地存储（例如利用APP进行数据缓存）、数据库和服务器日志。\n      一般情况下，我们只会在为实现服务目的所必需的时间内或法律法规规定的条件下存储您的个人信息。\n      2.2 信息存储的地域\n      \n      我们会按照法律法规规定，将境内收集的用户个人信息存储于中国境内。\n      目前我们不会跨境传输或存储您的个人信息。将来如需跨境传输或存储的，我们会向您告知信息出境的目的、接收方、安全保证措施和安全风险，并征得您的同意。\n      2.3 产品或服务停止运营时的通知\n      \n      当我们的产品或服务发生停止运营的情况时，我们将以推送通知、公告等形式通知您，并在合理期限内删除您的个人信息或进行匿名化处理，法律法规另有规定的除外。\n      3. 信息安全\n      我们使用各种安全技术和程序，以防信息的丢失、不当使用、未经授权阅览或披露。例如，在某些服务中，我们将利用加密技术（例如SSL）来保护您提供的个人信息。但请您理解，由于技术的限制以及可能存在的各种恶意手段，在互联网行业，即便竭尽所能加强安全措施，也不可能始终保证信息百分之百的安全。您需要了解，您接入我们的服务所用的系统和通讯网络，有可能因我们可控范围外的因素而出现问题。\n      \n      4. 我们如何使用信息\n      我们可能将在向您提供服务的过程之中所收集的信息用作下列用途：\n      \n      向您提供服务；\n      在我们提供服务时，用于身份验证、客户服务、安全防范、诈骗监测、存档和备份用途，确保我们向您提供的产品和服务的安全性；\n      帮助我们设计新服务，改善我们现有服务；\n      使我们更加了解您如何接入和使用我们的服务，从而针对性地回应您的个性化需求，例如语言设定、位置设定、个性化的帮助服务和指示，或对您和其他用户作出其他方面的回应；\n      向您提供与您更加相关的广告以替代普遍投放的广告；\n      评估我们服务中的广告和其他促销及推广活动的效果，并加以改善；\n      软件认证或管理软件升级；\n      让您参与有关我们产品和服务的调查。\n      5. 信息共享\n      目前，我们不会主动共享或转让您的个人信息至第三方，如存在其他共享或转让您的个人信息或您需要我们将您的个人信息共享或转让至第三方情形时，我们会直接或确认第三方征得您对上述行为的明示同意。\n      \n      为了投放广告，评估、优化广告投放效果等目的，我们需要向广告主及其代理商等第三方合作伙伴共享您的部分数据，要求其严格遵守我们关于数据隐私保护的措施与要求，包括但不限于根据数据保护协议、承诺书及相关数据处理政策进行处理，避免识别出个人身份，保障隐私安全。\n      \n      我们不会向合作伙伴分享可用于识别您个人身份的信息（例如您的姓名或电子邮件地址），除非您明确授权。\n      \n      我们不会对外公开披露所收集的个人信息，如必须公开披露时，我们会向您告知此次公开披露的目的、披露信息的类型及可能涉及的敏感信息，并征得您的明示同意。\n      \n      随着我们业务的持续发展，我们有可能进行合并、收购、资产转让等交易，我们将告知您相关情形，按照法律法规及不低于本《隐私政策》所要求的标准继续保护或要求新的控制者继续保护您的个人信息。\n      \n      另外，根据相关法律法规及国家标准，以下情形中，我们可能会共享、转让、公开披露个人信息无需事先征得您的授权同意：\n      \n      与国家安全、国防安全直接相关的；\n      与公共安全、公共卫生、重大公共利益直接相关的；\n      犯罪侦查、起诉、审判和判决执行等直接相关的；\n      出于维护个人信息主体或其他个人的生命、财产等重大合法权益但又很难得到本人同意的；\n      个人信息主体自行向社会公众公开个人信息的；\n      从合法公开披露的信息中收集个人信息的，如合法的新闻报道、政府信息公开等渠道。\n      6. 您的权利\n      在您使用我们的服务期间，我们可能会视产品具体情况为您提供相应的操作设置，以便您可以查询、删除、更正或撤回您的相关个人信息，您可参考相应的具体指引进行操作。此外，我们还设置了投诉举报渠道，您的意见将会得到及时的处理。如果您无法通过上述途径和方式行使您的个人信息主体权利，您可以通过本《隐私政策》中提供的联系方式提出您的请求，我们会按照法律法规的规定予以反馈。\n      \n      7. 变更\n      我们可能适时修订本《隐私政策》的条款。当变更发生时，我们会在版本更新时向您提示新的《隐私政策》，并向您说明生效日期。请您仔细阅读变更后的《隐私政策》内容，若您继续使用我们的服务，即表示您同意我们按照更新后的《隐私政策》处理您的个人信息。\n      \n      8. 未成年人保护\n      我们鼓励父母或监护人指导未满十八岁的未成年人使用我们的服务。我们建议未成年人鼓励他们的父母或监护人阅读本《隐私政策》，并建议未成年人在提交的个人信息之前寻求父母或监护人的同意和指导。\n      ————————————————\n      长沙乐伴领游科技有限公司\n      日期2023.1.1\n      </div>",
    "policy_text_clean": "隐私政策\n导言\n湖南领游软件 是一款由 领游（以下简称”我们“）提供的产品。 您在使用我们的服务时，我们可能会收集和使用您的相关信息。我们希望通过本《隐私政策》向您说明，在使用我们的服务时，我们如何收集、使用、储存和分享这些信息，以及我们为您提供的访问、更新、控制和保护这些信息的方式。 本《隐私政策》与您所使用的 埋地钢管结构计算应用软件 服务息息相关，希望您仔细阅读，在需要时，按照本《隐私政策》的指引，作出您认为适当的选择。本《隐私政策》中涉及的相关技术词汇，我们尽量以简明扼要的表述，并提供进一步说明的链接，以便您的理解。\n\n一、本隐私政策旨在帮助您了解我们会收集哪些数据、为什么收集这些数据，会利用这些数据做些什么及如何保护这些数据。若您使用本系统的服务，即表示您认同我们在本政策中所述内容。在将您的信息用于本隐私权政策未涵盖的用途时，我们会事先征求您的同意。\n此外，我们在产品设计的过程中及最终的呈现和用户体验环节，将尽可能地为您控制个人信息、保护个人隐私提供更为便捷的方式。\n本隐私政策将帮助您了解以下内容：\n· 1.我们如何收集和使用您的个人信息\n· 2.我们如何使用 Cookie 和同类技术\n· 3.我们如何共享您的个人信息\n· 4.我们如何保存及保护您的个人信息\n· 5.您的权利\n· 6.隐私政策的修订\n· 7.如何联系我们\n我们深知个人信息对您的重要性，也深知为您的信息提供有效保护是我们业务健康可持续发展的基石。感谢您对本系统的使用和信任！我们致力于维持您对我们的信任，恪守适用法律和我们对您的承诺，尽全力保证您的个人信息安全和合理使用。同时，我们郑重承诺，我们将按业界成熟的安全标准，采取相应的安全保护措施来保护您的个人信息。\n一、我们如何收集和使用您的个人信息\n平台仅会出于本隐私政策所述的以下目的，收集和使用您的个人信息：\n1.帮助您成为我们的注册用户\n您注册本系统时须至少向我们提供姓名、身份证号码、手机号码、地址、电子邮箱及所在单位等。\n2、 权限管理\n2.1定位，可能需要您在设置-隐私-打开定位服务-领游-点开始终允许。\n2.2相机，在头像设置中和领游者详情里可能需要访问摄像头，打开设置-隐私-权限管理-相机-领游，点开试用期间允许。\n2.3拨打电话，可能需要访问电话打开设置-隐私-权限管理-电话-读取通话状态和移动网络信息-领有-开启。\n2.4打开外部应用，在线客服中的微信可能需要您在设置-隐私-应用内其他应用-微信-开启。QQ可能需要您在设置-隐私-应用内的其他应用-QQ-开启。\n您提供的上述信息，将在您使用本系统功能和服务期间持续授权我们使用。在您注销账号时，我们将停止使用并删除上述信息，法律法规另有规定的除外。\n2.我们在您使用服务过程中收集的信息\n日志信息：当您使用本系统服务时，我们的服务器会自动记录一些信息，例如您对我们的功能和/或服务的使用情况、IP地址、所访问服务的URL和访问服务的日期、时间、时长等。\n3.为您提供安全保障\n为提高您使用本系统提供的功能和服务的安全性，我们可能使用您的信息用于身份验证、客户服务、安全防范、诈骗监测等，以预防、发现、调查欺诈、危害安全、非法或违反与我们的协议、政策或规则的行为，以保护您、我们的其他用户、我们或合作方及社会公众的合法权益。\n4.改善我们的功能和服务，并开展内部审计、数据分析和研究\n我们使用收集的信息来提供并改进我们的功能和服务，并进行必要的业务运营，例如运营平台或提供服务，评估、维护和改进平台和服务的性能，开发新的应用功能和服务、提供客户支持等。\n为改进我们的功能和服务，我们也可能会对平台使用情况进行统计和分析。同时，本系统可能会与公众共享这些统计信息，以展示我们服务的整体使用趋势，但这些统计信息将不会包含您的任何身份识别信息。\n我们会将所收集到的信息用于大数据分析。例如，我们将收集到的信息用于分析形成不包含任何个人信息的统计类产品。我们可能对外公开并与我们的合作伙伴分享经统计加工后不含身份识别内容的大数据分析信息。\n5..其他用途\n当我们要将信息用于本隐私政策未载明的其他用途，将基于特定目的收集而来的信息用于其他目的时，会事先征求您的同意。\n二、我们如何收集您的信息\n1.实现业务功能所必需收集信息的场景\n我们所提供的产品及服务分为基础业务功能和拓展业务功能，故您在使用我们的产品及服务时，需要选择授权我们收集和使用个人信息的业务包括以下两种：\n（1）基础业务功能：我们产品及服务中为您提供的行情及部分资讯的基础浏览功能（包括内容的展示、推送、阅读）属于我们的基础业务功能。为实现上述基础业务功能，您的电话设备信息、AndroidID和网络日志将是我们的必要收集信息。如您拒绝，我们将无法为您提供基础业务功能。\n（2）拓展业务功能：我们产品或服务中一部分的拓展业务功能基于登录领游账号、嵌入的软件工具包（SDK）来实现。因此当您使用行情资讯类以外的功能时，需要获得您的授权来获取收集您的信息。此类信息为拓展业务所需的信息，您可以选择是否授权我们收集，如您拒绝提供，将导致拓展业务无法使用，但不影响您对基础业务功能的正常使用。\n为了您可以正常使用我们的服务，我们会在下列情形及业务场景下收集您的相关个人信息，同时也可能从合法存储您相关信息的第三方处收集您的个人信息。\n(3) 领游账号注册及登录\n您在注册领游账号时，根据实名制要求需要提供您的手机号码以便完成账户注册并正常使用我们的相关服务。在此过程中我们需要获取个人常用设备信息用于账户设备绑定操作。\n您注册本系统时须至少向我们提供姓名、身份证号码、手机号码、地址、电子邮箱及所在单位等。\n申请加入领游者需向我们提供姓名、身份证正反面图片、身份证号码、手机号码、地址、近期照片、爱好等。\n还可能收集您手机中的IMEI，获取您设备的IMEI，通过IMEI对您进行唯一标识，用于数据统计分析，以便为您提供精细化服务。\n在您登录领游账号后，我们会根据国家法律法规要求，收集、使用您与我们服务相关的个人信息，以保证您可以正常使用我们的APP。我们将在下表中逐一向您说明针对您使用的不同功能或业务模块，我们收集、使用您个人信息的情况及其影响。\n(4) 获取您的地址\n点击下单必须填写发件人地址、手机号码、姓名、等信息，您的地址、手机号码、姓名等信息，领游人员的地址、手机号码、姓名等信息如果不提供无法正常下单。\n（5） 邀请好友\n需访问您的相册，分享，转发，需要访问扫一扫二维码，识别二维码。\n（6） 好评\n需访问您的图片、视频、文字信息等。\n（7） 充值、提现\n您充值余额时需访问您的微信支付和支付宝支付。\n（8） 聊天功能\n为了更好的体验我们的服务，需要您提供您的文字信息。\n三、我们如何使用您的信息\n1.实现业务功能所必需收集信息的场景\n我们所提供的产品及服务分为基础业务功能和拓展业务功能，故您在使用我们的产品及服务时，需要选择授权我们收集和使用个人信息的业务包括以下两种：\n（1）基础业务功能：我们产品及服务中为您提供的领游服务（包括内容的展示、定位）属于我们的基础业务功能。为实现上述基础业务功能，您的位置信息、AndroidID和网络日志将是我们的必要收集信息。如您拒绝，我们将无法为您提供基础业务功能。\n（2）拓展业务功能：我们产品或服务中一部分的拓展业务功能基于登录领游账号、嵌入的软件工具包（SDK）来实现。因此当您使用领游服务以外的功能时，需要获得您的授权来获取收集您的信息。此类信息为拓展业务所需的信息，您可以选择是否授权我们收集，如您拒绝提供，将导致拓展业务无法使用，但不影响您对基础业务功能的正常使用。\n为了您可以正常使用我们的服务，我们会在下列情形及业务场景下收集您的相关个人信息，同时也可能从合法存储您相关信息的第三方处收集您的个人信息。\n1) 领游账号注册及登录\n您在注册领游账号时，根据实名制要求需要提供您的手机号码以便完成账户注册并正常使用我们的相关服务。在此过程中我们需要获取个人常用设备信息用于账户设备绑定操作。\n在您登录领游账号后，我们会根据国家法律法规要求，收集、使用您与我们服务相关的个人信息，以保证您可以正常使用我们的APP。我们将在下表中逐一向您说明针对您使用的不同功能或业务模块，我们收集、使用您个人信息的情况及其影响。\n四、您使用或继续使用我们的服务，即意味着同意我们按照本《隐私政策》收集、使用、储存和分享您的相关信息。\n1. 我们收集的信息\n我们或我们的第三方合作伙伴提供服务时，可能会收集、储存和使用下列与您有关的信息。如果您不提供相关信息，可能无法注册成为我们的用户或无法享受我们提供的某些服务，或者无法达到相关服务拟达到的效果。\n1.1第三方微信登陆时需要您授权登录，可能会收集您的微信头像、微信名字、微信号手机号、邮箱等信息\n1.2第三方支付，微信支付、支付宝支付、为了给您提供更便利的服务，支付时您可以选择微信支付或支付宝支付，有可能会收集、储存和使用下列与您有关的信息。如果您不提供相关信息，可能无法完成支付。\n\n2. 信息的存储\n2.1 信息存储的方式和期限\n\n我们会通过安全的方式存储您的信息，包括本地存储（例如利用APP进行数据缓存）、数据库和服务器日志。\n一般情况下，我们只会在为实现服务目的所必需的时间内或法律法规规定的条件下存储您的个人信息。\n2.2 信息存储的地域\n\n我们会按照法律法规规定，将境内收集的用户个人信息存储于中国境内。\n目前我们不会跨境传输或存储您的个人信息。将来如需跨境传输或存储的，我们会向您告知信息出境的目的、接收方、安全保证措施和安全风险，并征得您的同意。\n2.3 产品或服务停止运营时的通知\n\n当我们的产品或服务发生停止运营的情况时，我们将以推送通知、公告等形式通知您，并在合理期限内删除您的个人信息或进行匿名化处理，法律法规另有规定的除外。\n3. 信息安全\n我们使用各种安全技术和程序，以防信息的丢失、不当使用、未经授权阅览或披露。例如，在某些服务中，我们将利用加密技术（例如SSL）来保护您提供的个人信息。但请您理解，由于技术的限制以及可能存在的各种恶意手段，在互联网行业，即便竭尽所能加强安全措施，也不可能始终保证信息百分之百的安全。您需要了解，您接入我们的服务所用的系统和通讯网络，有可能因我们可控范围外的因素而出现问题。\n\n4. 我们如何使用信息\n我们可能将在向您提供服务的过程之中所收集的信息用作下列用途：\n\n向您提供服务；\n在我们提供服务时，用于身份验证、客户服务、安全防范、诈骗监测、存档和备份用途，确保我们向您提供的产品和服务的安全性；\n帮助我们设计新服务，改善我们现有服务；\n使我们更加了解您如何接入和使用我们的服务，从而针对性地回应您的个性化需求，例如语言设定、位置设定、个性化的帮助服务和指示，或对您和其他用户作出其他方面的回应；\n向您提供与您更加相关的广告以替代普遍投放的广告；\n评估我们服务中的广告和其他促销及推广活动的效果，并加以改善；\n软件认证或管理软件升级；\n让您参与有关我们产品和服务的调查。\n5. 信息共享\n目前，我们不会主动共享或转让您的个人信息至第三方，如存在其他共享或转让您的个人信息或您需要我们将您的个人信息共享或转让至第三方情形时，我们会直接或确认第三方征得您对上述行为的明示同意。\n\n为了投放广告，评估、优化广告投放效果等目的，我们需要向广告主及其代理商等第三方合作伙伴共享您的部分数据，要求其严格遵守我们关于数据隐私保护的措施与要求，包括但不限于根据数据保护协议、承诺书及相关数据处理政策进行处理，避免识别出个人身份，保障隐私安全。\n\n我们不会向合作伙伴分享可用于识别您个人身份的信息（例如您的姓名或电子邮件地址），除非您明确授权。\n\n我们不会对外公开披露所收集的个人信息，如必须公开披露时，我们会向您告知此次公开披露的目的、披露信息的类型及可能涉及的敏感信息，并征得您的明示同意。\n\n随着我们业务的持续发展，我们有可能进行合并、收购、资产转让等交易，我们将告知您相关情形，按照法律法规及不低于本《隐私政策》所要求的标准继续保护或要求新的控制者继续保护您的个人信息。\n\n另外，根据相关法律法规及国家标准，以下情形中，我们可能会共享、转让、公开披露个人信息无需事先征得您的授权同意：\n\n与国家安全、国防安全直接相关的；\n与公共安全、公共卫生、重大公共利益直接相关的；\n犯罪侦查、起诉、审判和判决执行等直接相关的；\n出于维护个人信息主体或其他个人的生命、财产等重大合法权益但又很难得到本人同意的；\n个人信息主体自行向社会公众公开个人信息的；\n从合法公开披露的信息中收集个人信息的，如合法的新闻报道、政府信息公开等渠道。\n6. 您的权利\n在您使用我们的服务期间，我们可能会视产品具体情况为您提供相应的操作设置，以便您可以查询、删除、更正或撤回您的相关个人信息，您可参考相应的具体指引进行操作。此外，我们还设置了投诉举报渠道，您的意见将会得到及时的处理。如果您无法通过上述途径和方式行使您的个人信息主体权利，您可以通过本《隐私政策》中提供的联系方式提出您的请求，我们会按照法律法规的规定予以反馈。\n\n7. 变更\n我们可能适时修订本《隐私政策》的条款。当变更发生时，我们会在版本更新时向您提示新的《隐私政策》，并向您说明生效日期。请您仔细阅读变更后的《隐私政策》内容，若您继续使用我们的服务，即表示您同意我们按照更新后的《隐私政策》处理您的个人信息。\n\n8. 未成年人保护\n我们鼓励父母或监护人指导未满十八岁的未成年人使用我们的服务。我们建议未成年人鼓励他们的父母或监护人阅读本《隐私政策》，并建议未成年人在提交的个人信息之前寻求父母或监护人的同意和指导。\n————————————————\n长沙乐伴领游科技有限公司\n日期2023.1.1\n"
}