{
    "app_id": "C10707289",
    "app_name": "物通网物流公司版",
    "app_version": "3.0.9",
    "app_download_num_description": "7 万次安装",
    "app_package_name": "com.wutong.asproject.wutonglogics",
    "app_score": 0.0,
    "app_package_size": "52.1 MB",
    "app_package_size_precise": 54626022,
    "app_icon_url": "https://appimg.dbankcdn.com/application/icon144/745d6a137b96468084b58d15c9fc05fb.png",
    "app_developer": "北京物通时空网络科技开发有限公司",
    "app_update_time": "2023-01-08",
    "app_update_description": "系统性能优化和界面细节优化，让您有更好的使用体验",
    "app_description": "物通网物流公司版APP助您业务信息化，让您接单赚不停！\n【特色功能】\n√ 发布网点：把您的网点信息搬到互联网上展示\n√ 发布专线：发布物流专线到互联网上进行宣传展示，让发货企业更容易找到您\n√ 在线接单：开启“我的货单”功能，随时随地接单和报价\n√ 在线发货：在线发布整车、零担货源，同城包车需求，快速响应\n√ 找货源：轻松找到全国最新的货源\n√ 智能管车：实时查看车辆位置，智能管理我的车辆，数据报表有效进行司机考核\n√ 地图找车：地图形式快速找到附近低价返程车，常跑车辆，发货快又省\n√ 在线投保：手机随时随地在线投保，花小钱提高服务，降低风险\n---- 我们的优势 ----\n  物通网10年物流行业经验，300万货主资源；\n  为广大物流公司提供专业、便捷、智能的综合物流服务平台；\n  简单！易用！好用！做物流行业的领跑者！\n详情访问中国物通网：https://m.chinawutong.com/。客户服务热线：4000105656。搜索“物通网”公众号，发现更多物流信息。",
    "app_policy_url": "https://m.chinawutong.com/Register/SecrecyAgreeMentForIOS?type=wl",
    "app_listed_permission": "1.拨打电话\n2.完全的网络访问权限\n3.访问大致位置信息（使用网络进行定位）\n4.查看 Wi-Fi 连接\n5.读取通话状态和移动网络信息\n6.修改系统设置\n7.修改或删除存储卡中的内容\n8.访问确切位置信息（使用 GPS 和网络进行定位）\n9.读取存储卡中的内容\n10.与蓝牙设备配对\n11.蓝牙管理\n12.接收短信\n13.读取短信/彩信\n14.连接 Wi-Fi 或断开连接\n15.查找设备上的帐户\n16.录制音频\n17.显示在其他应用上面\n18.在后台使用位置信息\n19.相机\n20.更改网络连接性\n21.读取联系人\n22.新建/修改/删除联系人\n23.安装快捷方式\n24.发送短信\n25.读取通话记录\n26.新建/修改/删除通话记录\n27.获取额外的位置信息提供程序命令",
    "app_listed_permission_description": "1.允许应用自动拨打电话。\n2.允许该应用创建网络套接字和使用自定义网络协议。浏览器和其他某些应用提供了向互联网发送数据的途径，因此应用无需该权限即可向互联网发送数据。\n3.允许应用基于基站、 Wi-Fi 等网络源获取位置信息。\n4.允许该应用查看 Wi-Fi 网络的相关信息，例如是否开启 Wi-Fi 及已连接的 Wi-Fi 设备名称。\n5.允许应用获取本机号码、通话状态以及拨打的号码。\n6.修改设置应用中的设置项\n7.允许应用修改或删除存储卡上的照片、媒体内容和文件。\n8.允许应用基于GPS、基站、 Wi-Fi 等网络源获取位置信息。这可能会增加耗电量。\n9.允许应用读取存储卡上的照片、媒体内容和文件。\n10.允许应用查看手机上的蓝牙配置，以及建立和接受与配对设备的连接。\n11.允许该应用配置本地蓝牙手机，以及发现远程设备并进行配对。\n12.允许应用接收或删除短信。\n13.允许应用读取本机或 SIM 卡上存储的短信。\n14.允许应用与 Wi-Fi 接入点建立和断开连接，并更改 Wi-Fi 网络的设备配置。\n15.允许应用获取设备已安装应用的帐户列表。\n16.允许应用录制音频。\n17.显示弹框、全屏界面到其他应用上面\n18.如应用已获取了“访问确切位置信息”或“访问大致位置信息”权限，则允许应用在后台运行时使用位置信息。\n19.允许应用拍摄照片和视频。\n20.允许该应用更改网络连接的状态。\n21.允许应用读取、保存、分享电话及邮件联系人的相关数据。\n22.允许应用新建、修改、删除电话及邮件联系人的相关数据。\n23.允许应用自行添加主屏幕快捷方式。\n24.允许应用自动发送短信。\n25.允许应用读取、保存或分享来电和外拨电话数据。\n26.允许应用新建、修改或删除来电和外拨电话数据。\n27.允许应用访问额外的位置提供程序命令。此权限可让该应用干扰 GPS 或其他位置源的运行。",
    "app_category": [
        "出行导航"
    ],
    "app_subcategory": [
        "导航"
    ],
    "app_APK_url": "https://appgallery.cloud.huawei.com/appdl/C10707289",
    "app_APK_name": "C10707289-3.0.9.apk",
    "app_policy_name": "C10707289-3.0.9.txt",
    "policy_html_source_code": "<html><head>\n    <meta name=\"viewport\" content=\"minimal-ui=yes,width=device-width, initial-scale=1.0, maximum-scale=1.0, user-scalable=0\">\n    <meta name=\"msapplication-tap-highlight\" content=\"no\">\n    <meta http-equiv=\"Cache-Control\" content=\"no-transform\">\n    <meta http-equiv=\"Cache-Control\" content=\"no-siteapp\">\n    <meta charset=\"utf-8\">\n    <title>网络用户信息保密协议</title>\n    <link href=\"/Content/main/css/Register20211214.css\" rel=\"stylesheet\">\n    <link href=\"/Content/main/css/zhezhao.css\" rel=\"stylesheet\">\n    <style>\n        body {\n            font: normal 100% \"Microsoft YaHei\";\n            background: #FFFFFF;\n        }\n\n        .agreement_h2 {\n            text-align: center;\n        }\n\n        .agreement_time {\n            text-align: right;\n            padding-right: 20px;\n        }\n\n            .agreement_time > P {\n                margin: 0;\n            }\n\n        .table_tr {\n            border: 1px solid #333;\n            padding: 5px;\n            border-bottom: 0;\n        }\n\n            .table_tr:last-child {\n                border-bottom: 1px solid #333;\n            }\n    </style>\n</head>\n<body>\n    <div class=\"agreement\">\n        <h2 class=\"agreement_h2\">物通网物流公司版隐私政策</h2>\n        <div class=\"agreement_time\">\n            <p style=\"padding-bottom:0px;margin-top:10px;\">更新日期：2021年09月01日 </p>\n            <p style=\"padding-bottom:10px\">生效日期：2021年09月16日 </p>\n        </div>\n        <p>尊敬的用户，欢迎阅读本协议：</p>\n        <p>物通网物流公司版应用是由“北京物通时空网络科技开发有限公司”（以下简称“物通公司”）为您提供的一款物流信息平台产品。物通公司十分尊重您的个人信息和数据，并会尽全力保护您的个人信息和数据的安全可靠。</p>\n        <p>本政策仅适用于本应用收集和存储的用户信息和数据。请在使用本应用前，务必仔细阅读并了解和同意《物通网应用隐私政策》。该政策规定了您在使用本应用时我们将如何收集、使用、披露、处理和保护您提供给我们的信息。如果我们需要您提供某些信息用于在使用该产品时验证您的身份、以及向我们的第三方服务供应商连接服务时，我们会严格遵守该隐私政策来使用这些信息。如果您已经开始使用本应用，就表示您已经阅读、许可并接受该隐私政策中所描述的所有条款，以及我们今后随时做出的任何变更。另外，您需要承诺在您开始使用本产品时已经是成年人、如果您是未成年人，需要您的监护人同意您使用本产品并同意相关的服务条款和隐私政策。</p>\n        <p>物通公司依据本协议的规定提供服务，本协议具有合同效力。您必须完全同意以下所有条款并完成个人资料的填写，才能保证享受到物通网提供的网络服务。您使用服务的行为将视为接受本协议约定的个人信息或企业信息收集及使用的目的、方式和范围，并同意接受本协议各项条款的约束。</p>\n        <p>一、用户名和密码</p>\n        <p>当您在注册会员时，阅读并同意《网站服务协议》、《用户信息保密协议》（即本协议）或以其他物通网允许的方式实际使用物通网网站服务时，您即成为物通网会员。您可以通过您的密码或手机验证码等方式来使用您的帐号。您须自行负责对您的会员登录名、密码和验证码保密，如果您泄漏了密码，您可能会丢失您的个人识别信息，并且可能出现对您不利的后果。</p>\n        <p>二、注册、信息发布及留言</p>\n        <p>1、当您在注册为物通网会员时，我们要求您填写一张注册表。注册表要求提供您的真实姓名，手机号，电子邮箱或贵公司的地址和名称等相关信息。前述信息如有变更，应立即修正。如因用户提供的信息不实或不准确，给用户自身或他人造成任何性质的损失，均由用户自行承担。</p>\n        <p>2、当您在物通网发布信息时，包含物流网点、物流专线、货源信息、车源信息、招商信息、快递信息、搬家信息、加盟信息、供应信息、求购信息等相关服务信息，其中信息中包含您个人的姓名、电话、邮箱、地址以及贵公司的招商区域、招商类型、公司所在地、名称等相关信息。</p>\n        <p>3、当您在使用物通网“公司图片”栏目上传您的公司图片、荣誉证书、资质证照图片时，您需要对图片的关键信息如身份证号码、身份证上的住址、营业执照注册号等进行模糊处理，一旦您上传图片即认为您同意物通网对您上传的图片进行展示。</p>\n        <p>\n            4、当您在物通网给物流企业留言时，我们要求您填写留言信息，留言信息包含您个人的姓名、加盟区域、电话等相关信息。\n            我们将会收集这些信息，并用这些信息来给我们的会员分类，以便有针对性地为您提供及时、优质的物流信息服务，以便潜在的合作伙伴或者我们的工作人员能够及时与您取得联系，促成合作机会的达成，或解决可能存在的问题，我们也会通过你的邮件地址来通知你这些新的服务和合作机会。\n        </p>\n        <p>三、资料修改</p>\n        <p>您凭用户名和密码登录会员中心，可以对您发布的信息进行修改和更新，您提供有效真实的证明后，有权要求物通网对您发布的信息进行注销或删除。</p>\n        <p>四、账户注销</p>\n        <p>当您需要注销您的账号时，您可以拨打客服电话【400-010-5656】要求注销账号或通过【设置-注销账号】了解注销流程后进行申请。我们会在您注销账号后1-3个工作日删除您的个人信息。</p>\n        <p>五、信息的收集、使用和披露</p>\n        <p>尊重个人隐私、保护网络信息安全是物通网的责任，物通网在未经用户授权时不得向第三方公开、编辑或透露用户个人资料的内容，但由于政府要求、法律政策需要等原因除外。在用户发送信息的过程中和本网站收到信息后，本网站将遵守《网络安全法》、《最高人民法院关于审理利用信息网络侵害人身权益民事纠纷案件适用法律若干问题的规定》、《最高人民法院、最高人民检察院关于办理侵犯公民个人信息刑事案件适用法律若干问题的解释》来保护用户的私人信息。承诺在本网站中收集到的您个人身份及加盟意向的电子信息，将严格遵循合法、正当、必要的原则。</p>\n        <p>【收集、使用信息的目的】方便物流企业、货主、车主、加盟者等之间的沟通交流，为您提供及时、优质的物流服务和项目。</p>\n        <p>【收集信息的方式】请见本协议第一条。</p>\n        <p>【使用信息的方式和范围】</p>\n        <p>1、将收集到的信息进行分类，推荐给物通网的物信通会员或VIP会员。</p>\n        <p>2、有需求的物信通会员或VIP会员可以自行查看用户在物通网的留言信息。</p>\n        <p>3、本协议第一条第三款的展示方式和范围。</p>\n        <p></p>物通网承诺将善意使用其个人信息，不会向非本站用户的任何单位和个人公开、共享交易用户资料（注册、留言、发布信息）中的姓名、个人有效身份证件号码、联系方式、家庭住址等个人身份信息，但下列情况除外：<p></p>\n        <p>（1）用户或用户监护人授权物通网披露的；</p>\n        <p>（2）有关法律要求物通网披露的；</p>\n        <p>（3）司法机关或行政机关基于法定程序要求物通网提供的；</p>\n        <p>（4）物通网为了维护自己合法权益而向用户提起诉讼或者仲裁时。</p>\n        <p>用户通过本网站获取的前述个人信息或企业信息，应仅限于本人或本公司使用并采取恰当的保密措施，禁止以任何方式向任何第三人披露，防止被窃取等任何方式的泄露，否则由此引起的法律后果由用户自行承担。</p>\n        <p>【本应用怎样收集并使用您的信息】</p>\n        <p>（1）拍照</p>\n        <p>我们需要获取您的相机使用权限以便于您进行会员认证、头像、形象展示等资料上传的操作。</p>\n        <p>（2）语音识别</p>\n        <p>在查找货源、车源、线路等功能中，为了便于您可以通过语音的方式查找物流信息，我们需要获取您的麦克风使用权限，将您说出的话（音频）转化为文本。</p>\n        <p>（3）拨打电话</p>\n        <p>我们为您提供拨打电话的功能，我们需要获取您的拨打电话使用权限，方便您能够便捷的与发货企业或个人、车辆所有人、物流线路负责人等资源方沟通。</p>\n        <p>（4）定位</p>\n        <p>我们将基于您的位置，将您的所在城市自动填充各功能的“出发地”栏目中，我们需要获取您的定位权限，以为您更准确的展示本城市的货源、车源和专线等物流信息。</p>\n        <p>（5）存储</p>\n        <p>在您进行查找物流信息、发布业务信息等操作时，为了便于您更流畅的使用，我们会在您使用时下载一个地图文件，这需要获取您的存储权限。</p>\n        \n        <p>（6）网络权限状态</p>\n        <p>我们需要获取您的网络状态权限，用于根据您的网络状态判断当前信息展示的完整性、预计加载时间和异常情况的通知。</p>\n        <p>（7）IMEI、OAID、IMSI、MAC、ANDROID ID和应用安装列表信息</p>\n        <p>a.在您同意隐私政策以后，我们将进行SDK的初始化工作，会收集您的IMEI、OAID、IMSI、MAC、ANDROID ID和应用安装列表，以保障APP正常数据统计和系统通知</p>\n        <p>b.本应用在后台/静默状态下会获取您的MAC地址信息，ANDROID ID，便于系统通知，关闭通知可以在货单功能中点击（货源提醒已开启）按钮</p>\n        <p>涉及用户信息使用的 SDK 相关情况逐项列举，详见本隐私政策附件一。</p>\n        <p>六、信息的存储</p>\n        <p>所收集的用户信息和资料将保存在物通网的服务器上。</p>\n        <p>七、信息安全</p>\n        <p>物通网有相应的安全措施来保护我们掌握的信息的安全，我们会按照国家相关法律规定对信息进行相关披露使用。这些安全措施包括向其它服务器备份数据和对用户密码加密。尽管我们有这些安全措施，但任何通过因特网发送的信息或电子版本的存储方式都无法确保100%的安全性。因此，本网站会尽力使用商业上可接受的方式来保护用户的个人信息。</p>\n        <p>物通网发现法律、行政法规禁止发布或者传输的信息的，将立即停止传输该信息，采取消除等处置措施，防止信息扩散，保存有关记录，并向有关主管部门报告。</p>\n        <p>八、投诉和举报</p>\n        <p>物通网在网站首页的底部设置有网络信息安全投诉、举报的链接，用户可通过客服QQ、免费电话、不良信息举报中心网站链接、经营性网站备案信息网站链接投诉举报，物通网受理后将及时依法处理。</p>\n        <p>九、外部链接</p>\n        <p>本站含有到其他网站的链接。物通网对那些网站的隐私保护措施不负任何责任。</p>\n        <p>十、特别提示</p>\n        <p>物通网有权在必要时修改服务规则。物通网的服务规则一旦发生变动，将会在物通网的重要页面上提示修改内容，用户如不同意新的修改内容，须立即停止使用本协议约定的服务，否则视为用户完全同意并接受新的修改内容。根据客观情况及经营方针的变化，物通网有中断或停止服务的权利，用户对此表示理解并完全认同。</p>\n        <p>十一、联系我们</p>\n        <p>如果您对本隐私政策有任何疑问、意见或建议，或者对我们收集使用或披露您的个人信息有任何问题请拨打我们的客服电话400-010-5656或登录物通公司官网https://www.chinawutong.com通过在线客服的方式与我们联系。</p>\n\n        <p>本协议仅适用于物通网用户，若与其它相关约定不一致的，以本协议约定为准。</p>\n        <p>北京物通时空网络科技开发有限公司</p>\n        <p>最近的更新日期：2021 年 09 月 01 日</p>\n        <h2 class=\"agreement_h2\">附件一、物通网应用涉及第三方SDK情况说明</h2>\n        <div class=\"table_tr\">\n            Bugly <br>\n            SDK 类型：工具类 <br>\n            SDK 描述：通过 Bugly 为我们开发者提供异常上报，帮助开发者快速发现并解决异常 <br>\n            SDK 使用业务场景：获取异常上报信息 <br>\n            SDK 所需用户信息字段：系统版本、手机型号、设备信息等 <br>\n            SDK 使用目的、理由：异常上报\n        </div>\n        <div class=\"table_tr\">\n            极光推送，小米推送，华为推送 <br>\n            SDK 类型：推送通知，营销自动化 <br>\n            SDK 描述：向用户推送物流相关资源信息及业务通知，例如根据用户所在地推荐本城市的货源信息。用户可通过消息点击，快速查看物流相关资源信息和处理业务待办事项 <br>\n            SDK 使用业务场景：推送消息通知 <br>\n            SDK 所需用户信息字段：软件安装列表、系统版本、手机型号、地图定位 <br>\n            SDK 使用目的、理由：推送消息通知<br>\n        </div>\n        <div class=\"table_tr\">\n            WechatPay <br>\n            SDK 类型：支付类 <br>\n            SDK 描述：微信支付 <br>\n            SDK 使用业务场景：调用微信支付费用 <br>\n            SDK 所需用户信息字段：网络切换、WIFI 信息、设备信息 <br>\n            SDK 使用目的、理由：调用微信支付\n        </div>\n        <div class=\"table_tr\">\n            AliPay <br>\n            SDK 类型：支付类 <br>\n            SDK 描述：支付宝支付 <br>\n            SDK 使用业务场景：调用支付宝支付费用 <br>\n            SDK 所需用户信息字段：网络切换、WIFI 状态、外部存储、设备信息、拨打电话 <br>\n            SDK 使用目的、理由：调用支付宝支付<br>\n        </div>\n        <div class=\"table_tr\">\n            Baidu Map <br>\n            SDK 类型：地图类 <br>\n            SDK 描述：通过百度地图技术 app 可以实现位置、基本地图、周边搜索、路径规划等功能 <br>\n            SDK 使用业务场景：地图定位、路径规划等 <br>\n            SDK 所需用户信息字段：系统版本、手机型号 <br>\n            SDK 使用目的、理由：地图加载、Ibs 服务\n        </div>\n        <div class=\"table_tr\">\n            微信分享，QQ分享 ，Mob分享<br>\n            SDK 类型：社交类分享 <br>\n            SDK 描述：通过调用API将APP的一些功能内容分享至第三方平台QQ和微信等 <br>\n            SDK 使用业务场景：分享内容到QQ和微信等平台<br>\n            SDK 所需用户信息字段：相机、定位、设备信息、 管理账号、网络切换<br>\n            SDK 使用目的、理由：内容分享\n        </div>\n        <div class=\"table_tr\">\n            TBS腾讯浏览服务，Agentweb服务<br>\n            SDK 类型：工具类 <br>\n            SDK 描述：用于web浏览<br>\n            SDK 使用业务场景：加载 H5 页面 <br>\n            SDK 使用目的、理由：提高用户体验\n        </div>\n        <div class=\"table_tr\">\n            Tinker <br>\n            SDK 类型：工具类 <br>\n            SDK 描述：通过 Tinker 可以更新线上 APP 版本，随时修复线上 BUG <br>\n            SDK 使用业务场景：线上 BUG 快速修复 <br>\n            SDK 所需用户信息字段：手机型号、设备信息、系统版本等 <br>\n            SDK 使用目的、理由：修复 BUG\n        </div>\n\n        <div class=\"table_tr\">\n            科大讯飞语音助手<br>\n            SDK 类型：工具类 <br>\n            SDK 描述：用户可以直接通过语音识别进行地址输入<br>\n            SDK 使用业务场景：语音选择发货地，收货地 <br>\n            SDK 使用目的、理由：提高用户体验\n        </div>\n        <div class=\"table_tr\">\n            百度统计<br>\n            SDK 类型：工具类 <br>\n            SDK 描述：通过API统计用户使用各个功能的频率 <br>\n            SDK 使用业务场景：用于统计用户使用APP的行为习惯 <br>\n            SDK 所需用户信息字段：手机型号、设备信息、系统版本等 <br>\n            SDK 使用目的、理由：提升用户活跃度和留存率\n        </div>\n    </div>\n\n\n</body></html>",
    "policy_text": "物通网物流公司版隐私政策\n更新日期：2021年09月01日\n生效日期：2021年09月16日\n尊敬的用户，欢迎阅读本协议：\n物通网物流公司版应用是由“北京物通时空网络科技开发有限公司”（以下简称“物通公司”）为您提供的一款物流信息平台产品。物通公司十分尊重您的个人信息和数据，并会尽全力保护您的个人信息和数据的安全可靠。\n本政策仅适用于本应用收集和存储的用户信息和数据。请在使用本应用前，务必仔细阅读并了解和同意《物通网应用隐私政策》。该政策规定了您在使用本应用时我们将如何收集、使用、披露、处理和保护您提供给我们的信息。如果我们需要您提供某些信息用于在使用该产品时验证您的身份、以及向我们的第三方服务供应商连接服务时，我们会严格遵守该隐私政策来使用这些信息。如果您已经开始使用本应用，就表示您已经阅读、许可并接受该隐私政策中所描述的所有条款，以及我们今后随时做出的任何变更。另外，您需要承诺在您开始使用本产品时已经是成年人、如果您是未成年人，需要您的监护人同意您使用本产品并同意相关的服务条款和隐私政策。\n物通公司依据本协议的规定提供服务，本协议具有合同效力。您必须完全同意以下所有条款并完成个人资料的填写，才能保证享受到物通网提供的网络服务。您使用服务的行为将视为接受本协议约定的个人信息或企业信息收集及使用的目的、方式和范围，并同意接受本协议各项条款的约束。\n一、用户名和密码\n当您在注册会员时，阅读并同意《网站服务协议》、《用户信息保密协议》（即本协议）或以其他物通网允许的方式实际使用物通网网站服务时，您即成为物通网会员。您可以通过您的密码或手机验证码等方式来使用您的帐号。您须自行负责对您的会员登录名、密码和验证码保密，如果您泄漏了密码，您可能会丢失您的个人识别信息，并且可能出现对您不利的后果。\n二、注册、信息发布及留言\n1、当您在注册为物通网会员时，我们要求您填写一张注册表。注册表要求提供您的真实姓名，手机号，电子邮箱或贵公司的地址和名称等相关信息。前述信息如有变更，应立即修正。如因用户提供的信息不实或不准确，给用户自身或他人造成任何性质的损失，均由用户自行承担。\n2、当您在物通网发布信息时，包含物流网点、物流专线、货源信息、车源信息、招商信息、快递信息、搬家信息、加盟信息、供应信息、求购信息等相关服务信息，其中信息中包含您个人的姓名、电话、邮箱、地址以及贵公司的招商区域、招商类型、公司所在地、名称等相关信息。\n3、当您在使用物通网“公司图片”栏目上传您的公司图片、荣誉证书、资质证照图片时，您需要对图片的关键信息如身份证号码、身份证上的住址、营业执照注册号等进行模糊处理，一旦您上传图片即认为您同意物通网对您上传的图片进行展示。\n4、当您在物通网给物流企业留言时，我们要求您填写留言信息，留言信息包含您个人的姓名、加盟区域、电话等相关信息。\n我们将会收集这些信息，并用这些信息来给我们的会员分类，以便有针对性地为您提供及时、优质的物流信息服务，以便潜在的合作伙伴或者我们的工作人员能够及时与您取得联系，促成合作机会的达成，或解决可能存在的问题，我们也会通过你的邮件地址来通知你这些新的服务和合作机会。\n\n三、资料修改\n您凭用户名和密码登录会员中心，可以对您发布的信息进行修改和更新，您提供有效真实的证明后，有权要求物通网对您发布的信息进行注销或删除。\n四、账户注销\n当您需要注销您的账号时，您可以拨打客服电话【400-010-5656】要求注销账号或通过【设置-注销账号】了解注销流程后进行申请。我们会在您注销账号后1-3个工作日删除您的个人信息。\n五、信息的收集、使用和披露\n尊重个人隐私、保护网络信息安全是物通网的责任，物通网在未经用户授权时不得向第三方公开、编辑或透露用户个人资料的内容，但由于政府要求、法律政策需要等原因除外。在用户发送信息的过程中和本网站收到信息后，本网站将遵守《网络安全法》、《最高人民法院关于审理利用信息网络侵害人身权益民事纠纷案件适用法律若干问题的规定》、《最高人民法院、最高人民检察院关于办理侵犯公民个人信息刑事案件适用法律若干问题的解释》来保护用户的私人信息。承诺在本网站中收集到的您个人身份及加盟意向的电子信息，将严格遵循合法、正当、必要的原则。\n【收集、使用信息的目的】方便物流企业、货主、车主、加盟者等之间的沟通交流，为您提供及时、优质的物流服务和项目。\n【收集信息的方式】请见本协议第一条。\n【使用信息的方式和范围】\n1、将收集到的信息进行分类，推荐给物通网的物信通会员或VIP会员。\n2、有需求的物信通会员或VIP会员可以自行查看用户在物通网的留言信息。\n3、本协议第一条第三款的展示方式和范围。\n物通网承诺将善意使用其个人信息，不会向非本站用户的任何单位和个人公开、共享交易用户资料（注册、留言、发布信息）中的姓名、个人有效身份证件号码、联系方式、家庭住址等个人身份信息，但下列情况除外：\n（1）用户或用户监护人授权物通网披露的；\n（2）有关法律要求物通网披露的；\n（3）司法机关或行政机关基于法定程序要求物通网提供的；\n（4）物通网为了维护自己合法权益而向用户提起诉讼或者仲裁时。\n用户通过本网站获取的前述个人信息或企业信息，应仅限于本人或本公司使用并采取恰当的保密措施，禁止以任何方式向任何第三人披露，防止被窃取等任何方式的泄露，否则由此引起的法律后果由用户自行承担。\n【本应用怎样收集并使用您的信息】\n（1）拍照\n我们需要获取您的相机使用权限以便于您进行会员认证、头像、形象展示等资料上传的操作。\n（2）语音识别\n在查找货源、车源、线路等功能中，为了便于您可以通过语音的方式查找物流信息，我们需要获取您的麦克风使用权限，将您说出的话（音频）转化为文本。\n（3）拨打电话\n我们为您提供拨打电话的功能，我们需要获取您的拨打电话使用权限，方便您能够便捷的与发货企业或个人、车辆所有人、物流线路负责人等资源方沟通。\n（4）定位\n我们将基于您的位置，将您的所在城市自动填充各功能的“出发地”栏目中，我们需要获取您的定位权限，以为您更准确的展示本城市的货源、车源和专线等物流信息。\n（5）存储\n在您进行查找物流信息、发布业务信息等操作时，为了便于您更流畅的使用，我们会在您使用时下载一个地图文件，这需要获取您的存储权限。\n（6）网络权限状态\n我们需要获取您的网络状态权限，用于根据您的网络状态判断当前信息展示的完整性、预计加载时间和异常情况的通知。\n（7）IMEI、OAID、IMSI、MAC、ANDROID ID和应用安装列表信息\na.在您同意隐私政策以后，我们将进行SDK的初始化工作，会收集您的IMEI、OAID、IMSI、MAC、ANDROID ID和应用安装列表，以保障APP正常数据统计和系统通知\nb.本应用在后台/静默状态下会获取您的MAC地址信息，ANDROID ID，便于系统通知，关闭通知可以在货单功能中点击（货源提醒已开启）按钮\n涉及用户信息使用的 SDK 相关情况逐项列举，详见本隐私政策附件一。\n六、信息的存储\n所收集的用户信息和资料将保存在物通网的服务器上。\n七、信息安全\n物通网有相应的安全措施来保护我们掌握的信息的安全，我们会按照国家相关法律规定对信息进行相关披露使用。这些安全措施包括向其它服务器备份数据和对用户密码加密。尽管我们有这些安全措施，但任何通过因特网发送的信息或电子版本的存储方式都无法确保100%的安全性。因此，本网站会尽力使用商业上可接受的方式来保护用户的个人信息。\n物通网发现法律、行政法规禁止发布或者传输的信息的，将立即停止传输该信息，采取消除等处置措施，防止信息扩散，保存有关记录，并向有关主管部门报告。\n八、投诉和举报\n物通网在网站首页的底部设置有网络信息安全投诉、举报的链接，用户可通过客服QQ、免费电话、不良信息举报中心网站链接、经营性网站备案信息网站链接投诉举报，物通网受理后将及时依法处理。\n九、外部链接\n本站含有到其他网站的链接。物通网对那些网站的隐私保护措施不负任何责任。\n十、特别提示\n物通网有权在必要时修改服务规则。物通网的服务规则一旦发生变动，将会在物通网的重要页面上提示修改内容，用户如不同意新的修改内容，须立即停止使用本协议约定的服务，否则视为用户完全同意并接受新的修改内容。根据客观情况及经营方针的变化，物通网有中断或停止服务的权利，用户对此表示理解并完全认同。\n十一、联系我们\n如果您对本隐私政策有任何疑问、意见或建议，或者对我们收集使用或披露您的个人信息有任何问题请拨打我们的客服电话400-010-5656或登录物通公司官网https://www.chinawutong.com通过在线客服的方式与我们联系。\n本协议仅适用于物通网用户，若与其它相关约定不一致的，以本协议约定为准。\n北京物通时空网络科技开发有限公司\n最近的更新日期：2021 年 09 月 01 日\n附件一、物通网应用涉及第三方SDK情况说明\nBugly\nSDK 类型：工具类\nSDK 描述：通过 Bugly 为我们开发者提供异常上报，帮助开发者快速发现并解决异常\nSDK 使用业务场景：获取异常上报信息\nSDK 所需用户信息字段：系统版本、手机型号、设备信息等\nSDK 使用目的、理由：异常上报\n\n极光推送，小米推送，华为推送\nSDK 类型：推送通知，营销自动化\nSDK 描述：向用户推送物流相关资源信息及业务通知，例如根据用户所在地推荐本城市的货源信息。用户可通过消息点击，快速查看物流相关资源信息和处理业务待办事项\nSDK 使用业务场景：推送消息通知\nSDK 所需用户信息字段：软件安装列表、系统版本、手机型号、地图定位\nSDK 使用目的、理由：推送消息通知\nWechatPay\nSDK 类型：支付类\nSDK 描述：微信支付\nSDK 使用业务场景：调用微信支付费用\nSDK 所需用户信息字段：网络切换、WIFI 信息、设备信息\nSDK 使用目的、理由：调用微信支付\n\nAliPay\nSDK 类型：支付类\nSDK 描述：支付宝支付\nSDK 使用业务场景：调用支付宝支付费用\nSDK 所需用户信息字段：网络切换、WIFI 状态、外部存储、设备信息、拨打电话\nSDK 使用目的、理由：调用支付宝支付\nBaidu Map\nSDK 类型：地图类\nSDK 描述：通过百度地图技术 app 可以实现位置、基本地图、周边搜索、路径规划等功能\nSDK 使用业务场景：地图定位、路径规划等\nSDK 所需用户信息字段：系统版本、手机型号\nSDK 使用目的、理由：地图加载、Ibs 服务\n\n微信分享，QQ分享 ，Mob分享\nSDK 类型：社交类分享\nSDK 描述：通过调用API将APP的一些功能内容分享至第三方平台QQ和微信等\nSDK 使用业务场景：分享内容到QQ和微信等平台\nSDK 所需用户信息字段：相机、定位、设备信息、 管理账号、网络切换\nSDK 使用目的、理由：内容分享\n\nTBS腾讯浏览服务，Agentweb服务\nSDK 类型：工具类\nSDK 描述：用于web浏览\nSDK 使用业务场景：加载 H5 页面\nSDK 使用目的、理由：提高用户体验\n\nTinker\nSDK 类型：工具类\nSDK 描述：通过 Tinker 可以更新线上 APP 版本，随时修复线上 BUG\nSDK 使用业务场景：线上 BUG 快速修复\nSDK 所需用户信息字段：手机型号、设备信息、系统版本等\nSDK 使用目的、理由：修复 BUG\n\n科大讯飞语音助手\nSDK 类型：工具类\nSDK 描述：用户可以直接通过语音识别进行地址输入\nSDK 使用业务场景：语音选择发货地，收货地\nSDK 使用目的、理由：提高用户体验\n\n百度统计\nSDK 类型：工具类\nSDK 描述：通过API统计用户使用各个功能的频率\nSDK 使用业务场景：用于统计用户使用APP的行为习惯\nSDK 所需用户信息字段：手机型号、设备信息、系统版本等\nSDK 使用目的、理由：提升用户活跃度和留存率\n",
    "policy_html_source_code_clean": "网络用户信息保密协议\n<div>\n<h2>物通网物流公司版隐私政策</h2>\n<div>\n<p>更新日期：2021年09月01日 </p>\n<p>生效日期：2021年09月16日 </p>\n</div>\n<p>尊敬的用户，欢迎阅读本协议：</p>\n<p>物通网物流公司版应用是由“北京物通时空网络科技开发有限公司”（以下简称“物通公司”）为您提供的一款物流信息平台产品。物通公司十分尊重您的个人信息和数据，并会尽全力保护您的个人信息和数据的安全可靠。</p>\n<p>本政策仅适用于本应用收集和存储的用户信息和数据。请在使用本应用前，务必仔细阅读并了解和同意《物通网应用隐私政策》。该政策规定了您在使用本应用时我们将如何收集、使用、披露、处理和保护您提供给我们的信息。如果我们需要您提供某些信息用于在使用该产品时验证您的身份、以及向我们的第三方服务供应商连接服务时，我们会严格遵守该隐私政策来使用这些信息。如果您已经开始使用本应用，就表示您已经阅读、许可并接受该隐私政策中所描述的所有条款，以及我们今后随时做出的任何变更。另外，您需要承诺在您开始使用本产品时已经是成年人、如果您是未成年人，需要您的监护人同意您使用本产品并同意相关的服务条款和隐私政策。</p>\n<p>物通公司依据本协议的规定提供服务，本协议具有合同效力。您必须完全同意以下所有条款并完成个人资料的填写，才能保证享受到物通网提供的网络服务。您使用服务的行为将视为接受本协议约定的个人信息或企业信息收集及使用的目的、方式和范围，并同意接受本协议各项条款的约束。</p>\n<p>一、用户名和密码</p>\n<p>当您在注册会员时，阅读并同意《网站服务协议》、《用户信息保密协议》（即本协议）或以其他物通网允许的方式实际使用物通网网站服务时，您即成为物通网会员。您可以通过您的密码或手机验证码等方式来使用您的帐号。您须自行负责对您的会员登录名、密码和验证码保密，如果您泄漏了密码，您可能会丢失您的个人识别信息，并且可能出现对您不利的后果。</p>\n<p>二、注册、信息发布及留言</p>\n<p>1、当您在注册为物通网会员时，我们要求您填写一张注册表。注册表要求提供您的真实姓名，手机号，电子邮箱或贵公司的地址和名称等相关信息。前述信息如有变更，应立即修正。如因用户提供的信息不实或不准确，给用户自身或他人造成任何性质的损失，均由用户自行承担。</p>\n<p>2、当您在物通网发布信息时，包含物流网点、物流专线、货源信息、车源信息、招商信息、快递信息、搬家信息、加盟信息、供应信息、求购信息等相关服务信息，其中信息中包含您个人的姓名、电话、邮箱、地址以及贵公司的招商区域、招商类型、公司所在地、名称等相关信息。</p>\n<p>3、当您在使用物通网“公司图片”栏目上传您的公司图片、荣誉证书、资质证照图片时，您需要对图片的关键信息如身份证号码、身份证上的住址、营业执照注册号等进行模糊处理，一旦您上传图片即认为您同意物通网对您上传的图片进行展示。</p>\n<p>\n            4、当您在物通网给物流企业留言时，我们要求您填写留言信息，留言信息包含您个人的姓名、加盟区域、电话等相关信息。\n            我们将会收集这些信息，并用这些信息来给我们的会员分类，以便有针对性地为您提供及时、优质的物流信息服务，以便潜在的合作伙伴或者我们的工作人员能够及时与您取得联系，促成合作机会的达成，或解决可能存在的问题，我们也会通过你的邮件地址来通知你这些新的服务和合作机会。\n        </p>\n<p>三、资料修改</p>\n<p>您凭用户名和密码登录会员中心，可以对您发布的信息进行修改和更新，您提供有效真实的证明后，有权要求物通网对您发布的信息进行注销或删除。</p>\n<p>四、账户注销</p>\n<p>当您需要注销您的账号时，您可以拨打客服电话【400-010-5656】要求注销账号或通过【设置-注销账号】了解注销流程后进行申请。我们会在您注销账号后1-3个工作日删除您的个人信息。</p>\n<p>五、信息的收集、使用和披露</p>\n<p>尊重个人隐私、保护网络信息安全是物通网的责任，物通网在未经用户授权时不得向第三方公开、编辑或透露用户个人资料的内容，但由于政府要求、法律政策需要等原因除外。在用户发送信息的过程中和本网站收到信息后，本网站将遵守《网络安全法》、《最高人民法院关于审理利用信息网络侵害人身权益民事纠纷案件适用法律若干问题的规定》、《最高人民法院、最高人民检察院关于办理侵犯公民个人信息刑事案件适用法律若干问题的解释》来保护用户的私人信息。承诺在本网站中收集到的您个人身份及加盟意向的电子信息，将严格遵循合法、正当、必要的原则。</p>\n<p>【收集、使用信息的目的】方便物流企业、货主、车主、加盟者等之间的沟通交流，为您提供及时、优质的物流服务和项目。</p>\n<p>【收集信息的方式】请见本协议第一条。</p>\n<p>【使用信息的方式和范围】</p>\n<p>1、将收集到的信息进行分类，推荐给物通网的物信通会员或VIP会员。</p>\n<p>2、有需求的物信通会员或VIP会员可以自行查看用户在物通网的留言信息。</p>\n<p>3、本协议第一条第三款的展示方式和范围。</p>\n<p></p>物通网承诺将善意使用其个人信息，不会向非本站用户的任何单位和个人公开、共享交易用户资料（注册、留言、发布信息）中的姓名、个人有效身份证件号码、联系方式、家庭住址等个人身份信息，但下列情况除外：<p></p>\n<p>（1）用户或用户监护人授权物通网披露的；</p>\n<p>（2）有关法律要求物通网披露的；</p>\n<p>（3）司法机关或行政机关基于法定程序要求物通网提供的；</p>\n<p>（4）物通网为了维护自己合法权益而向用户提起诉讼或者仲裁时。</p>\n<p>用户通过本网站获取的前述个人信息或企业信息，应仅限于本人或本公司使用并采取恰当的保密措施，禁止以任何方式向任何第三人披露，防止被窃取等任何方式的泄露，否则由此引起的法律后果由用户自行承担。</p>\n<p>【本应用怎样收集并使用您的信息】</p>\n<p>（1）拍照</p>\n<p>我们需要获取您的相机使用权限以便于您进行会员认证、头像、形象展示等资料上传的操作。</p>\n<p>（2）语音识别</p>\n<p>在查找货源、车源、线路等功能中，为了便于您可以通过语音的方式查找物流信息，我们需要获取您的麦克风使用权限，将您说出的话（音频）转化为文本。</p>\n<p>（3）拨打电话</p>\n<p>我们为您提供拨打电话的功能，我们需要获取您的拨打电话使用权限，方便您能够便捷的与发货企业或个人、车辆所有人、物流线路负责人等资源方沟通。</p>\n<p>（4）定位</p>\n<p>我们将基于您的位置，将您的所在城市自动填充各功能的“出发地”栏目中，我们需要获取您的定位权限，以为您更准确的展示本城市的货源、车源和专线等物流信息。</p>\n<p>（5）存储</p>\n<p>在您进行查找物流信息、发布业务信息等操作时，为了便于您更流畅的使用，我们会在您使用时下载一个地图文件，这需要获取您的存储权限。</p>\n<p>（6）网络权限状态</p>\n<p>我们需要获取您的网络状态权限，用于根据您的网络状态判断当前信息展示的完整性、预计加载时间和异常情况的通知。</p>\n<p>（7）IMEI、OAID、IMSI、MAC、ANDROID ID和应用安装列表信息</p>\n<p>a.在您同意隐私政策以后，我们将进行SDK的初始化工作，会收集您的IMEI、OAID、IMSI、MAC、ANDROID ID和应用安装列表，以保障APP正常数据统计和系统通知</p>\n<p>b.本应用在后台/静默状态下会获取您的MAC地址信息，ANDROID ID，便于系统通知，关闭通知可以在货单功能中点击（货源提醒已开启）按钮</p>\n<p>涉及用户信息使用的 SDK 相关情况逐项列举，详见本隐私政策附件一。</p>\n<p>六、信息的存储</p>\n<p>所收集的用户信息和资料将保存在物通网的服务器上。</p>\n<p>七、信息安全</p>\n<p>物通网有相应的安全措施来保护我们掌握的信息的安全，我们会按照国家相关法律规定对信息进行相关披露使用。这些安全措施包括向其它服务器备份数据和对用户密码加密。尽管我们有这些安全措施，但任何通过因特网发送的信息或电子版本的存储方式都无法确保100%的安全性。因此，本网站会尽力使用商业上可接受的方式来保护用户的个人信息。</p>\n<p>物通网发现法律、行政法规禁止发布或者传输的信息的，将立即停止传输该信息，采取消除等处置措施，防止信息扩散，保存有关记录，并向有关主管部门报告。</p>\n<p>八、投诉和举报</p>\n<p>物通网在网站首页的底部设置有网络信息安全投诉、举报的链接，用户可通过客服QQ、免费电话、不良信息举报中心网站链接、经营性网站备案信息网站链接投诉举报，物通网受理后将及时依法处理。</p>\n<p>九、外部链接</p>\n<p>本站含有到其他网站的链接。物通网对那些网站的隐私保护措施不负任何责任。</p>\n<p>十、特别提示</p>\n<p>物通网有权在必要时修改服务规则。物通网的服务规则一旦发生变动，将会在物通网的重要页面上提示修改内容，用户如不同意新的修改内容，须立即停止使用本协议约定的服务，否则视为用户完全同意并接受新的修改内容。根据客观情况及经营方针的变化，物通网有中断或停止服务的权利，用户对此表示理解并完全认同。</p>\n<p>十一、联系我们</p>\n<p>如果您对本隐私政策有任何疑问、意见或建议，或者对我们收集使用或披露您的个人信息有任何问题请拨打我们的客服电话400-010-5656或登录物通公司官网https://www.chinawutong.com通过在线客服的方式与我们联系。</p>\n<p>本协议仅适用于物通网用户，若与其它相关约定不一致的，以本协议约定为准。</p>\n<p>北京物通时空网络科技开发有限公司</p>\n<p>最近的更新日期：2021 年 09 月 01 日</p>\n<h2>附件一、物通网应用涉及第三方SDK情况说明</h2>\n<div>\n            Bugly <br/>\n            SDK 类型：工具类 <br/>\n            SDK 描述：通过 Bugly 为我们开发者提供异常上报，帮助开发者快速发现并解决异常 <br/>\n            SDK 使用业务场景：获取异常上报信息 <br/>\n            SDK 所需用户信息字段：系统版本、手机型号、设备信息等 <br/>\n            SDK 使用目的、理由：异常上报\n        </div>\n<div>\n            极光推送，小米推送，华为推送 <br/>\n            SDK 类型：推送通知，营销自动化 <br/>\n            SDK 描述：向用户推送物流相关资源信息及业务通知，例如根据用户所在地推荐本城市的货源信息。用户可通过消息点击，快速查看物流相关资源信息和处理业务待办事项 <br/>\n            SDK 使用业务场景：推送消息通知 <br/>\n            SDK 所需用户信息字段：软件安装列表、系统版本、手机型号、地图定位 <br/>\n            SDK 使用目的、理由：推送消息通知<br/>\n</div>\n<div>\n            WechatPay <br/>\n            SDK 类型：支付类 <br/>\n            SDK 描述：微信支付 <br/>\n            SDK 使用业务场景：调用微信支付费用 <br/>\n            SDK 所需用户信息字段：网络切换、WIFI 信息、设备信息 <br/>\n            SDK 使用目的、理由：调用微信支付\n        </div>\n<div>\n            AliPay <br/>\n            SDK 类型：支付类 <br/>\n            SDK 描述：支付宝支付 <br/>\n            SDK 使用业务场景：调用支付宝支付费用 <br/>\n            SDK 所需用户信息字段：网络切换、WIFI 状态、外部存储、设备信息、拨打电话 <br/>\n            SDK 使用目的、理由：调用支付宝支付<br/>\n</div>\n<div>\n            Baidu Map <br/>\n            SDK 类型：地图类 <br/>\n            SDK 描述：通过百度地图技术 app 可以实现位置、基本地图、周边搜索、路径规划等功能 <br/>\n            SDK 使用业务场景：地图定位、路径规划等 <br/>\n            SDK 所需用户信息字段：系统版本、手机型号 <br/>\n            SDK 使用目的、理由：地图加载、Ibs 服务\n        </div>\n<div>\n            微信分享，QQ分享 ，Mob分享<br/>\n            SDK 类型：社交类分享 <br/>\n            SDK 描述：通过调用API将APP的一些功能内容分享至第三方平台QQ和微信等 <br/>\n            SDK 使用业务场景：分享内容到QQ和微信等平台<br/>\n            SDK 所需用户信息字段：相机、定位、设备信息、 管理账号、网络切换<br/>\n            SDK 使用目的、理由：内容分享\n        </div>\n<div>\n            TBS腾讯浏览服务，Agentweb服务<br/>\n            SDK 类型：工具类 <br/>\n            SDK 描述：用于web浏览<br/>\n            SDK 使用业务场景：加载 H5 页面 <br/>\n            SDK 使用目的、理由：提高用户体验\n        </div>\n<div>\n            Tinker <br/>\n            SDK 类型：工具类 <br/>\n            SDK 描述：通过 Tinker 可以更新线上 APP 版本，随时修复线上 BUG <br/>\n            SDK 使用业务场景：线上 BUG 快速修复 <br/>\n            SDK 所需用户信息字段：手机型号、设备信息、系统版本等 <br/>\n            SDK 使用目的、理由：修复 BUG\n        </div>\n<div>\n            科大讯飞语音助手<br/>\n            SDK 类型：工具类 <br/>\n            SDK 描述：用户可以直接通过语音识别进行地址输入<br/>\n            SDK 使用业务场景：语音选择发货地，收货地 <br/>\n            SDK 使用目的、理由：提高用户体验\n        </div>\n<div>\n            百度统计<br/>\n            SDK 类型：工具类 <br/>\n            SDK 描述：通过API统计用户使用各个功能的频率 <br/>\n            SDK 使用业务场景：用于统计用户使用APP的行为习惯 <br/>\n            SDK 所需用户信息字段：手机型号、设备信息、系统版本等 <br/>\n            SDK 使用目的、理由：提升用户活跃度和留存率\n        </div>\n</div>",
    "policy_text_clean": "网络用户信息保密协议\n物通网物流公司版隐私政策\n更新日期：2021年09月01日\n生效日期：2021年09月16日\n尊敬的用户，欢迎阅读本协议：\n物通网物流公司版应用是由“北京物通时空网络科技开发有限公司”（以下简称“物通公司”）为您提供的一款物流信息平台产品。物通公司十分尊重您的个人信息和数据，并会尽全力保护您的个人信息和数据的安全可靠。\n本政策仅适用于本应用收集和存储的用户信息和数据。请在使用本应用前，务必仔细阅读并了解和同意《物通网应用隐私政策》。该政策规定了您在使用本应用时我们将如何收集、使用、披露、处理和保护您提供给我们的信息。如果我们需要您提供某些信息用于在使用该产品时验证您的身份、以及向我们的第三方服务供应商连接服务时，我们会严格遵守该隐私政策来使用这些信息。如果您已经开始使用本应用，就表示您已经阅读、许可并接受该隐私政策中所描述的所有条款，以及我们今后随时做出的任何变更。另外，您需要承诺在您开始使用本产品时已经是成年人、如果您是未成年人，需要您的监护人同意您使用本产品并同意相关的服务条款和隐私政策。\n物通公司依据本协议的规定提供服务，本协议具有合同效力。您必须完全同意以下所有条款并完成个人资料的填写，才能保证享受到物通网提供的网络服务。您使用服务的行为将视为接受本协议约定的个人信息或企业信息收集及使用的目的、方式和范围，并同意接受本协议各项条款的约束。\n一、用户名和密码\n当您在注册会员时，阅读并同意《网站服务协议》、《用户信息保密协议》（即本协议）或以其他物通网允许的方式实际使用物通网网站服务时，您即成为物通网会员。您可以通过您的密码或手机验证码等方式来使用您的帐号。您须自行负责对您的会员登录名、密码和验证码保密，如果您泄漏了密码，您可能会丢失您的个人识别信息，并且可能出现对您不利的后果。\n二、注册、信息发布及留言\n1、当您在注册为物通网会员时，我们要求您填写一张注册表。注册表要求提供您的真实姓名，手机号，电子邮箱或贵公司的地址和名称等相关信息。前述信息如有变更，应立即修正。如因用户提供的信息不实或不准确，给用户自身或他人造成任何性质的损失，均由用户自行承担。\n2、当您在物通网发布信息时，包含物流网点、物流专线、货源信息、车源信息、招商信息、快递信息、搬家信息、加盟信息、供应信息、求购信息等相关服务信息，其中信息中包含您个人的姓名、电话、邮箱、地址以及贵公司的招商区域、招商类型、公司所在地、名称等相关信息。\n3、当您在使用物通网“公司图片”栏目上传您的公司图片、荣誉证书、资质证照图片时，您需要对图片的关键信息如身份证号码、身份证上的住址、营业执照注册号等进行模糊处理，一旦您上传图片即认为您同意物通网对您上传的图片进行展示。\n4、当您在物通网给物流企业留言时，我们要求您填写留言信息，留言信息包含您个人的姓名、加盟区域、电话等相关信息。\n我们将会收集这些信息，并用这些信息来给我们的会员分类，以便有针对性地为您提供及时、优质的物流信息服务，以便潜在的合作伙伴或者我们的工作人员能够及时与您取得联系，促成合作机会的达成，或解决可能存在的问题，我们也会通过你的邮件地址来通知你这些新的服务和合作机会。\n\n三、资料修改\n您凭用户名和密码登录会员中心，可以对您发布的信息进行修改和更新，您提供有效真实的证明后，有权要求物通网对您发布的信息进行注销或删除。\n四、账户注销\n当您需要注销您的账号时，您可以拨打客服电话【400-010-5656】要求注销账号或通过【设置-注销账号】了解注销流程后进行申请。我们会在您注销账号后1-3个工作日删除您的个人信息。\n五、信息的收集、使用和披露\n尊重个人隐私、保护网络信息安全是物通网的责任，物通网在未经用户授权时不得向第三方公开、编辑或透露用户个人资料的内容，但由于政府要求、法律政策需要等原因除外。在用户发送信息的过程中和本网站收到信息后，本网站将遵守《网络安全法》、《最高人民法院关于审理利用信息网络侵害人身权益民事纠纷案件适用法律若干问题的规定》、《最高人民法院、最高人民检察院关于办理侵犯公民个人信息刑事案件适用法律若干问题的解释》来保护用户的私人信息。承诺在本网站中收集到的您个人身份及加盟意向的电子信息，将严格遵循合法、正当、必要的原则。\n【收集、使用信息的目的】方便物流企业、货主、车主、加盟者等之间的沟通交流，为您提供及时、优质的物流服务和项目。\n【收集信息的方式】请见本协议第一条。\n【使用信息的方式和范围】\n1、将收集到的信息进行分类，推荐给物通网的物信通会员或VIP会员。\n2、有需求的物信通会员或VIP会员可以自行查看用户在物通网的留言信息。\n3、本协议第一条第三款的展示方式和范围。\n物通网承诺将善意使用其个人信息，不会向非本站用户的任何单位和个人公开、共享交易用户资料（注册、留言、发布信息）中的姓名、个人有效身份证件号码、联系方式、家庭住址等个人身份信息，但下列情况除外：\n（1）用户或用户监护人授权物通网披露的；\n（2）有关法律要求物通网披露的；\n（3）司法机关或行政机关基于法定程序要求物通网提供的；\n（4）物通网为了维护自己合法权益而向用户提起诉讼或者仲裁时。\n用户通过本网站获取的前述个人信息或企业信息，应仅限于本人或本公司使用并采取恰当的保密措施，禁止以任何方式向任何第三人披露，防止被窃取等任何方式的泄露，否则由此引起的法律后果由用户自行承担。\n【本应用怎样收集并使用您的信息】\n（1）拍照\n我们需要获取您的相机使用权限以便于您进行会员认证、头像、形象展示等资料上传的操作。\n（2）语音识别\n在查找货源、车源、线路等功能中，为了便于您可以通过语音的方式查找物流信息，我们需要获取您的麦克风使用权限，将您说出的话（音频）转化为文本。\n（3）拨打电话\n我们为您提供拨打电话的功能，我们需要获取您的拨打电话使用权限，方便您能够便捷的与发货企业或个人、车辆所有人、物流线路负责人等资源方沟通。\n（4）定位\n我们将基于您的位置，将您的所在城市自动填充各功能的“出发地”栏目中，我们需要获取您的定位权限，以为您更准确的展示本城市的货源、车源和专线等物流信息。\n（5）存储\n在您进行查找物流信息、发布业务信息等操作时，为了便于您更流畅的使用，我们会在您使用时下载一个地图文件，这需要获取您的存储权限。\n（6）网络权限状态\n我们需要获取您的网络状态权限，用于根据您的网络状态判断当前信息展示的完整性、预计加载时间和异常情况的通知。\n（7）IMEI、OAID、IMSI、MAC、ANDROID ID和应用安装列表信息\na.在您同意隐私政策以后，我们将进行SDK的初始化工作，会收集您的IMEI、OAID、IMSI、MAC、ANDROID ID和应用安装列表，以保障APP正常数据统计和系统通知\nb.本应用在后台/静默状态下会获取您的MAC地址信息，ANDROID ID，便于系统通知，关闭通知可以在货单功能中点击（货源提醒已开启）按钮\n涉及用户信息使用的 SDK 相关情况逐项列举，详见本隐私政策附件一。\n六、信息的存储\n所收集的用户信息和资料将保存在物通网的服务器上。\n七、信息安全\n物通网有相应的安全措施来保护我们掌握的信息的安全，我们会按照国家相关法律规定对信息进行相关披露使用。这些安全措施包括向其它服务器备份数据和对用户密码加密。尽管我们有这些安全措施，但任何通过因特网发送的信息或电子版本的存储方式都无法确保100%的安全性。因此，本网站会尽力使用商业上可接受的方式来保护用户的个人信息。\n物通网发现法律、行政法规禁止发布或者传输的信息的，将立即停止传输该信息，采取消除等处置措施，防止信息扩散，保存有关记录，并向有关主管部门报告。\n八、投诉和举报\n物通网在网站首页的底部设置有网络信息安全投诉、举报的链接，用户可通过客服QQ、免费电话、不良信息举报中心网站链接、经营性网站备案信息网站链接投诉举报，物通网受理后将及时依法处理。\n九、外部链接\n本站含有到其他网站的链接。物通网对那些网站的隐私保护措施不负任何责任。\n十、特别提示\n物通网有权在必要时修改服务规则。物通网的服务规则一旦发生变动，将会在物通网的重要页面上提示修改内容，用户如不同意新的修改内容，须立即停止使用本协议约定的服务，否则视为用户完全同意并接受新的修改内容。根据客观情况及经营方针的变化，物通网有中断或停止服务的权利，用户对此表示理解并完全认同。\n十一、联系我们\n如果您对本隐私政策有任何疑问、意见或建议，或者对我们收集使用或披露您的个人信息有任何问题请拨打我们的客服电话400-010-5656或登录物通公司官网https://www.chinawutong.com通过在线客服的方式与我们联系。\n本协议仅适用于物通网用户，若与其它相关约定不一致的，以本协议约定为准。\n北京物通时空网络科技开发有限公司\n最近的更新日期：2021 年 09 月 01 日\n附件一、物通网应用涉及第三方SDK情况说明\nBugly\nSDK 类型：工具类\nSDK 描述：通过 Bugly 为我们开发者提供异常上报，帮助开发者快速发现并解决异常\nSDK 使用业务场景：获取异常上报信息\nSDK 所需用户信息字段：系统版本、手机型号、设备信息等\nSDK 使用目的、理由：异常上报\n\n极光推送，小米推送，华为推送\nSDK 类型：推送通知，营销自动化\nSDK 描述：向用户推送物流相关资源信息及业务通知，例如根据用户所在地推荐本城市的货源信息。用户可通过消息点击，快速查看物流相关资源信息和处理业务待办事项\nSDK 使用业务场景：推送消息通知\nSDK 所需用户信息字段：软件安装列表、系统版本、手机型号、地图定位\nSDK 使用目的、理由：推送消息通知\nWechatPay\nSDK 类型：支付类\nSDK 描述：微信支付\nSDK 使用业务场景：调用微信支付费用\nSDK 所需用户信息字段：网络切换、WIFI 信息、设备信息\nSDK 使用目的、理由：调用微信支付\n\nAliPay\nSDK 类型：支付类\nSDK 描述：支付宝支付\nSDK 使用业务场景：调用支付宝支付费用\nSDK 所需用户信息字段：网络切换、WIFI 状态、外部存储、设备信息、拨打电话\nSDK 使用目的、理由：调用支付宝支付\nBaidu Map\nSDK 类型：地图类\nSDK 描述：通过百度地图技术 app 可以实现位置、基本地图、周边搜索、路径规划等功能\nSDK 使用业务场景：地图定位、路径规划等\nSDK 所需用户信息字段：系统版本、手机型号\nSDK 使用目的、理由：地图加载、Ibs 服务\n\n微信分享，QQ分享 ，Mob分享\nSDK 类型：社交类分享\nSDK 描述：通过调用API将APP的一些功能内容分享至第三方平台QQ和微信等\nSDK 使用业务场景：分享内容到QQ和微信等平台\nSDK 所需用户信息字段：相机、定位、设备信息、 管理账号、网络切换\nSDK 使用目的、理由：内容分享\n\nTBS腾讯浏览服务，Agentweb服务\nSDK 类型：工具类\nSDK 描述：用于web浏览\nSDK 使用业务场景：加载 H5 页面\nSDK 使用目的、理由：提高用户体验\n\nTinker\nSDK 类型：工具类\nSDK 描述：通过 Tinker 可以更新线上 APP 版本，随时修复线上 BUG\nSDK 使用业务场景：线上 BUG 快速修复\nSDK 所需用户信息字段：手机型号、设备信息、系统版本等\nSDK 使用目的、理由：修复 BUG\n\n科大讯飞语音助手\nSDK 类型：工具类\nSDK 描述：用户可以直接通过语音识别进行地址输入\nSDK 使用业务场景：语音选择发货地，收货地\nSDK 使用目的、理由：提高用户体验\n\n百度统计\nSDK 类型：工具类\nSDK 描述：通过API统计用户使用各个功能的频率\nSDK 使用业务场景：用于统计用户使用APP的行为习惯\nSDK 所需用户信息字段：手机型号、设备信息、系统版本等\nSDK 使用目的、理由：提升用户活跃度和留存率\n"
}